id,mobile_model_id,part_id,verified,notes
1,1,1,TRUE,Original compatible display
2,1,2,TRUE,Original battery
3,1,3,TRUE,OCA compatible
4,1,4,TRUE,Back panel
5,1,5,TRUE,Charging board
6,2,1,TRUE,Same display as A50
7,11,6,TRUE,A52 display
8,11,7,TRUE,A52 battery
9,11,8,TRUE,A52 charging board
10,11,9,TRUE,A52 back glass
11,11,10,TRUE,A52 rear camera
12,12,11,TRUE,A53 display
13,12,12,TRUE,A53 battery
14,12,13,TRUE,A53 charging board
15,12,14,TRUE,A53 back glass
16,12,15,TRUE,A53 rear camera
17,13,16,TRUE,A14 display
18,13,17,TRUE,A14 battery
19,13,18,TRUE,A14 charging board
20,13,19,TRUE,A14 back glass
21,13,20,TRUE,A14 rear camera
22,14,21,TRUE,A15 display
23,14,22,TRUE,A15 battery
24,14,23,TRUE,A15 charging board
25,14,24,TRUE,A15 back glass
26,14,25,TRUE,A15 rear camera
27,15,26,TRUE,M14 display
28,15,27,TRUE,M14 battery
29,15,28,TRUE,M14 charging board
30,15,29,TRUE,M14 back glass
31,15,30,TRUE,M14 rear camera
32,16,31,TRUE,M34 display
33,16,32,TRUE,M34 battery
34,16,33,TRUE,M34 charging board
35,16,34,TRUE,M34 back glass
36,16,35,TRUE,M34 rear camera
37,17,36,TRUE,S21 FE display
38,17,37,TRUE,S21 FE battery
39,17,38,TRUE,S21 FE charging board
40,17,39,TRUE,S21 FE back glass
41,17,40,TRUE,S21 FE rear camera
42,18,41,TRUE,S23 display
43,18,42,TRUE,S23 battery
44,18,43,TRUE,S23 charging board
45,18,44,TRUE,S23 back glass
46,18,45,TRUE,S23 rear camera
47,19,46,TRUE,F23 display
48,19,47,TRUE,F23 battery
49,19,48,TRUE,F23 charging board
50,19,49,TRUE,F23 back glass
51,19,50,TRUE,F23 rear camera
52,20,51,TRUE,Note 11 display
53,20,52,TRUE,Note 11 battery
54,20,53,TRUE,Note 11 charging board
55,20,54,TRUE,Note 11 back glass
56,20,55,TRUE,Note 11 rear camera
57,21,56,TRUE,Note 11 Pro display
58,21,57,TRUE,Note 11 Pro battery
59,21,58,TRUE,Note 11 Pro charging board
60,21,59,TRUE,Note 11 Pro back glass
61,21,60,TRUE,Note 11 Pro rear camera
62,22,61,TRUE,Note 12 display
63,22,62,TRUE,Note 12 battery
64,22,63,TRUE,Note 12 charging board
65,22,64,TRUE,Note 12 back glass
66,22,65,TRUE,Note 12 rear camera
67,23,66,TRUE,Note 12 Pro display
68,23,67,TRUE,Note 12 Pro battery
69,23,68,TRUE,Note 12 Pro charging board
70,23,69,TRUE,Note 12 Pro back glass
71,23,70,TRUE,Note 12 Pro rear camera
72,24,71,TRUE,Note 13 display
73,24,72,TRUE,Note 13 battery
74,24,73,TRUE,Note 13 charging board
75,24,74,TRUE,Note 13 back glass
76,24,75,TRUE,Note 13 rear camera
77,25,76,TRUE,Redmi 12 display
78,25,77,TRUE,Redmi 12 battery
79,25,78,TRUE,Redmi 12 charging board
80,25,79,TRUE,Redmi 12 back glass
81,25,80,TRUE,Redmi 12 rear camera
82,26,81,TRUE,Redmi 13C display
83,26,82,TRUE,Redmi 13C battery
84,26,83,TRUE,Redmi 13C charging board
85,26,84,TRUE,Redmi 13C back glass
86,26,85,TRUE,Redmi 13C rear camera
87,27,86,TRUE,Narzo 50 display
88,27,87,TRUE,Narzo 50 battery
89,27,88,TRUE,Narzo 50 charging board
90,27,89,TRUE,Narzo 50 back glass
91,27,90,TRUE,Narzo 50 rear camera
92,28,91,TRUE,Realme 9 display
93,28,92,TRUE,Realme 9 battery
94,28,93,TRUE,Realme 9 charging board
95,28,94,TRUE,Realme 9 back glass
96,28,95,TRUE,Realme 9 rear camera
97,29,96,TRUE,Realme 10 display
98,29,97,TRUE,Realme 10 battery
99,29,98,TRUE,Realme 10 charging board
100,29,99,TRUE,Realme 10 back glass
101,29,100,TRUE,Realme 10 rear camera
102,30,101,TRUE,Realme 11 display
103,30,102,TRUE,Realme 11 battery
104,30,103,TRUE,Realme 11 charging board
105,30,104,TRUE,Realme 11 back glass
106,30,105,TRUE,Realme 11 rear camera
107,31,106,TRUE,C55 display
108,31,107,TRUE,C55 battery
109,31,108,TRUE,C55 charging board
110,31,109,TRUE,C55 back glass
111,31,110,TRUE,C55 rear camera
112,32,111,TRUE,A78 display
113,32,112,TRUE,A78 battery
114,32,113,TRUE,A78 charging board
115,32,114,TRUE,A78 back glass
116,32,115,TRUE,A78 rear camera
117,33,116,TRUE,Reno8 display
118,33,117,TRUE,Reno8 battery
119,33,118,TRUE,Reno8 charging board
120,33,119,TRUE,Reno8 back glass
121,33,120,TRUE,Reno8 rear camera
122,34,121,TRUE,A17 display
123,34,122,TRUE,A17 battery
124,34,123,TRUE,A17 charging board
125,34,124,TRUE,A17 back glass
126,34,125,TRUE,A17 rear camera
127,35,126,TRUE,Y22 display
128,35,127,TRUE,Y22 battery
129,35,128,TRUE,Y22 charging board
130,35,129,TRUE,Y22 back glass
131,35,130,TRUE,Y22 rear camera
132,36,131,TRUE,Y16 display
133,36,132,TRUE,Y16 battery
134,36,133,TRUE,Y16 charging board
135,36,134,TRUE,Y16 back glass
136,36,135,TRUE,Y16 rear camera
137,37,136,TRUE,V25 display
138,37,137,TRUE,V25 battery
139,37,138,TRUE,V25 charging board
140,37,139,TRUE,V25 back glass
141,37,140,TRUE,V25 rear camera
142,38,141,TRUE,T2x display
143,38,142,TRUE,T2x battery
144,38,143,TRUE,T2x charging board
145,38,144,TRUE,T2x back glass
146,38,145,TRUE,T2x rear camera
147,39,146,TRUE,Nord CE 2 display
148,39,147,TRUE,Nord CE 2 battery
149,39,148,TRUE,Nord CE 2 charging board
150,39,149,TRUE,Nord CE 2 back glass
151,39,150,TRUE,Nord CE 2 rear camera
152,40,151,TRUE,Nord CE 3 Lite display
153,40,152,TRUE,Nord CE 3 Lite battery
154,40,153,TRUE,Nord CE 3 Lite charging board
155,40,154,TRUE,Nord CE 3 Lite back glass
156,40,155,TRUE,Nord CE 3 Lite rear camera
157,41,156,TRUE,11R display
158,41,157,TRUE,11R battery
159,41,158,TRUE,11R charging board
160,41,159,TRUE,11R back glass
161,41,160,TRUE,11R rear camera
162,4,161,TRUE,iPhone 11 display
163,4,162,TRUE,iPhone 11 battery
164,4,163,TRUE,iPhone 11 charging board
165,4,164,TRUE,iPhone 11 back glass
166,4,165,TRUE,iPhone 11 rear camera
167,5,166,TRUE,iPhone 12 display
168,5,167,TRUE,iPhone 12 battery
169,5,168,TRUE,iPhone 12 charging board
170,5,169,TRUE,iPhone 12 back glass
171,5,170,TRUE,iPhone 12 rear camera
172,42,171,TRUE,iPhone XR display
173,42,172,TRUE,iPhone XR battery
174,42,173,TRUE,iPhone XR charging board
175,42,174,TRUE,iPhone XR back glass
176,42,175,TRUE,iPhone XR rear camera
177,43,176,TRUE,iPhone 13 display
178,43,177,TRUE,iPhone 13 battery
179,43,178,TRUE,iPhone 13 charging board
180,43,179,TRUE,iPhone 13 back glass
181,43,180,TRUE,iPhone 13 rear camera
182,44,181,TRUE,iPhone 13 Pro display
183,44,182,TRUE,iPhone 13 Pro battery
184,44,183,TRUE,iPhone 13 Pro charging board
185,44,184,TRUE,iPhone 13 Pro back glass
186,44,185,TRUE,iPhone 13 Pro rear camera
187,45,186,TRUE,iPhone 14 display
188,45,187,TRUE,iPhone 14 battery
189,45,188,TRUE,iPhone 14 charging board
190,45,189,TRUE,iPhone 14 back glass
191,45,190,TRUE,iPhone 14 rear camera
192,46,191,TRUE,iPhone 15 display
193,46,192,TRUE,iPhone 15 battery
194,46,193,TRUE,iPhone 15 charging board
195,46,194,TRUE,iPhone 15 back glass
196,46,195,TRUE,iPhone 15 rear camera
197,11,196,TRUE,A52 OCA glass
198,11,197,TRUE,A52 speaker
199,11,198,TRUE,A52 earpiece
200,11,199,TRUE,A52 housing
201,11,200,TRUE,A52 vibrator
202,12,201,TRUE,A53 OCA glass
203,12,202,TRUE,A53 speaker
204,12,203,TRUE,A53 earpiece
205,12,204,TRUE,A53 housing
206,12,205,TRUE,A53 vibrator
207,14,206,TRUE,A15 OCA glass
208,14,207,TRUE,A15 speaker
209,14,208,TRUE,A15 earpiece
210,14,209,TRUE,A15 housing
211,14,210,TRUE,A15 vibrator
212,18,211,TRUE,S23 OCA glass
213,18,212,TRUE,S23 speaker
214,18,213,TRUE,S23 earpiece
215,18,214,TRUE,S23 housing
216,18,215,TRUE,S23 vibrator
217,20,216,TRUE,Note 11 OCA glass
218,20,217,TRUE,Note 11 speaker
219,20,218,TRUE,Note 11 earpiece
220,20,219,TRUE,Note 11 housing
221,20,220,TRUE,Note 11 vibrator
222,22,221,TRUE,Note 12 OCA glass
223,22,222,TRUE,Note 12 speaker
224,22,223,TRUE,Note 12 earpiece
225,22,224,TRUE,Note 12 housing
226,22,225,TRUE,Note 12 vibrator
227,24,226,TRUE,Note 13 OCA glass
228,24,227,TRUE,Note 13 speaker
229,24,228,TRUE,Note 13 earpiece
230,24,229,TRUE,Note 13 housing
231,24,230,TRUE,Note 13 vibrator
232,26,231,TRUE,13C OCA glass
233,26,232,TRUE,13C speaker
234,26,233,TRUE,13C earpiece
235,26,234,TRUE,13C housing
236,26,235,TRUE,13C vibrator
237,30,236,TRUE,Realme 11 OCA glass
238,30,237,TRUE,Realme 11 speaker
239,30,238,TRUE,Realme 11 earpiece
240,30,239,TRUE,Realme 11 housing
241,30,240,TRUE,Realme 11 vibrator
242,32,241,TRUE,A78 OCA glass
243,32,242,TRUE,A78 speaker
244,32,243,TRUE,A78 earpiece
245,32,244,TRUE,A78 housing
246,32,245,TRUE,A78 vibrator
247,35,246,TRUE,Y22 OCA glass
248,35,247,TRUE,Y22 speaker
249,35,248,TRUE,Y22 earpiece
250,35,249,TRUE,Y22 housing
251,35,250,TRUE,Y22 vibrator
252,40,251,TRUE,Nord CE 3 Lite OCA glass
253,40,252,TRUE,Nord CE 3 Lite speaker
254,40,253,TRUE,Nord CE 3 Lite earpiece
255,40,254,TRUE,Nord CE 3 Lite housing
256,40,255,TRUE,Nord CE 3 Lite vibrator
257,41,256,TRUE,11R OCA glass
258,41,257,TRUE,11R speaker
259,41,258,TRUE,11R earpiece
260,41,259,TRUE,11R housing
261,41,260,TRUE,11R vibrator
262,45,261,TRUE,iPhone 14 OCA glass
263,45,262,TRUE,iPhone 14 speaker
264,45,263,TRUE,iPhone 14 earpiece
265,45,264,TRUE,iPhone 14 housing
266,45,265,TRUE,iPhone 14 vibrator
267,46,266,TRUE,iPhone 15 OCA glass
268,46,267,TRUE,iPhone 15 speaker
269,46,268,TRUE,iPhone 15 earpiece
270,46,269,TRUE,iPhone 15 housing
271,46,270,TRUE,iPhone 15 vibrator
272,130,271,FALSE,From model_part_matrix | Display shared across 10 models
273,206,271,FALSE,From model_part_matrix | Display shared across 10 models
274,196,271,FALSE,From model_part_matrix | Display shared across 10 models
275,197,271,FALSE,From model_part_matrix | Display shared across 10 models
276,199,271,FALSE,From model_part_matrix | Display shared across 10 models
277,200,271,FALSE,From model_part_matrix | Display shared across 10 models
278,134,271,FALSE,From model_part_matrix | Display shared across 10 models
279,131,271,FALSE,From model_part_matrix | Display shared across 10 models
280,132,271,FALSE,From model_part_matrix | Display shared across 10 models
281,133,271,FALSE,From model_part_matrix | Display shared across 10 models
282,135,272,FALSE,From model_part_matrix | Display shared across 6 models
283,224,272,FALSE,From model_part_matrix | Display shared across 6 models
284,225,272,FALSE,From model_part_matrix | Display shared across 6 models
285,226,272,FALSE,From model_part_matrix | Display shared across 6 models
286,228,272,FALSE,From model_part_matrix | Display shared across 6 models
287,217,272,FALSE,From model_part_matrix | Display shared across 6 models
288,136,273,FALSE,From model_part_matrix | Display shared across 3 models
289,223,273,FALSE,From model_part_matrix | Display shared across 3 models
290,221,273,FALSE,From model_part_matrix | Display shared across 3 models
291,138,274,FALSE,From model_part_matrix | Display shared across 3 models
292,238,274,FALSE,From model_part_matrix | Display shared across 3 models
293,227,274,FALSE,From model_part_matrix | Display shared across 3 models
294,139,275,FALSE,From model_part_matrix | Display shared across 3 models
295,20,275,FALSE,From model_part_matrix | Display shared across 3 models
296,235,275,FALSE,From model_part_matrix | Display shared across 3 models
297,141,276,FALSE,From model_part_matrix | Display shared across 2 models
298,22,276,FALSE,From model_part_matrix | Display shared across 2 models
299,142,277,FALSE,From model_part_matrix | Display shared across 3 models
300,23,277,FALSE,From model_part_matrix | Display shared across 3 models
301,236,277,FALSE,From model_part_matrix | Display shared across 3 models
302,149,278,FALSE,From model_part_matrix | Display shared across 3 models
303,151,278,FALSE,From model_part_matrix | Display shared across 3 models
304,156,278,FALSE,From model_part_matrix | Display shared across 3 models
305,152,279,FALSE,From model_part_matrix | Display shared across 9 models
306,153,279,FALSE,From model_part_matrix | Display shared across 9 models
307,154,279,FALSE,From model_part_matrix | Display shared across 9 models
308,157,279,FALSE,From model_part_matrix | Display shared across 9 models
309,158,279,FALSE,From model_part_matrix | Display shared across 9 models
310,162,279,FALSE,From model_part_matrix | Display shared across 9 models
311,165,279,FALSE,From model_part_matrix | Display shared across 9 models
312,12,279,FALSE,From model_part_matrix | Display shared across 9 models
313,166,279,FALSE,From model_part_matrix | Display shared across 9 models
314,159,280,FALSE,From model_part_matrix | Display shared across 3 models
315,161,280,FALSE,From model_part_matrix | Display shared across 3 models
316,160,280,FALSE,From model_part_matrix | Display shared across 3 models
317,1,281,FALSE,From model_part_matrix | Display shared across 2 models
318,2,281,FALSE,From model_part_matrix | Display shared across 2 models
319,198,282,FALSE,From model_part_matrix | Display shared across 2 models
320,203,282,FALSE,From model_part_matrix | Display shared across 2 models
321,218,283,FALSE,From model_part_matrix | Display shared across 2 models
322,220,283,FALSE,From model_part_matrix | Display shared across 2 models
323,25,284,FALSE,From model_part_matrix | Display shared across 2 models
324,222,284,FALSE,From model_part_matrix | Display shared across 2 models
325,229,285,FALSE,From model_part_matrix | Display shared across 4 models
326,230,285,FALSE,From model_part_matrix | Display shared across 4 models
327,231,285,FALSE,From model_part_matrix | Display shared across 4 models
328,232,285,FALSE,From model_part_matrix | Display shared across 4 models
329,7,286,FALSE,From model_part_matrix | Display shared across 2 models
330,234,286,FALSE,From model_part_matrix | Display shared across 2 models
331,43,287,FALSE,From model_part_matrix | Display shared across 2 models
332,44,287,FALSE,From model_part_matrix | Display shared across 2 models
333,49,288,FALSE,From model_part_matrix | Battery shared across 11 models
334,52,288,FALSE,From model_part_matrix | Battery shared across 11 models
335,53,288,FALSE,From model_part_matrix | Battery shared across 11 models
336,63,288,FALSE,From model_part_matrix | Battery shared across 11 models
337,64,288,FALSE,From model_part_matrix | Battery shared across 11 models
338,60,288,FALSE,From model_part_matrix | Battery shared across 11 models
339,59,288,FALSE,From model_part_matrix | Battery shared across 11 models
340,57,288,FALSE,From model_part_matrix | Battery shared across 11 models
341,54,288,FALSE,From model_part_matrix | Battery shared across 11 models
342,61,288,FALSE,From model_part_matrix | Battery shared across 11 models
343,58,288,FALSE,From model_part_matrix | Battery shared across 11 models
344,86,289,FALSE,From model_part_matrix | Battery shared across 7 models
345,91,289,FALSE,From model_part_matrix | Battery shared across 7 models
346,92,289,FALSE,From model_part_matrix | Battery shared across 7 models
347,105,289,FALSE,From model_part_matrix | Battery shared across 7 models
348,106,289,FALSE,From model_part_matrix | Battery shared across 7 models
349,87,289,FALSE,From model_part_matrix | Battery shared across 7 models
350,88,289,FALSE,From model_part_matrix | Battery shared across 7 models
351,94,290,FALSE,From model_part_matrix | Battery shared across 5 models
352,95,290,FALSE,From model_part_matrix | Battery shared across 5 models
353,96,290,FALSE,From model_part_matrix | Battery shared across 5 models
354,98,290,FALSE,From model_part_matrix | Battery shared across 5 models
355,101,290,FALSE,From model_part_matrix | Battery shared across 5 models
356,97,291,FALSE,From model_part_matrix | Battery shared across 4 models
357,104,291,FALSE,From model_part_matrix | Battery shared across 4 models
358,99,291,FALSE,From model_part_matrix | Battery shared across 4 models
359,100,291,FALSE,From model_part_matrix | Battery shared across 4 models
360,109,292,FALSE,From model_part_matrix | Battery shared across 5 models
361,113,292,FALSE,From model_part_matrix | Battery shared across 5 models
362,121,292,FALSE,From model_part_matrix | Battery shared across 5 models
363,115,292,FALSE,From model_part_matrix | Battery shared across 5 models
364,110,292,FALSE,From model_part_matrix | Battery shared across 5 models
365,111,293,FALSE,From model_part_matrix | Battery shared across 6 models
366,114,293,FALSE,From model_part_matrix | Battery shared across 6 models
367,112,293,FALSE,From model_part_matrix | Battery shared across 6 models
368,116,293,FALSE,From model_part_matrix | Battery shared across 6 models
369,117,293,FALSE,From model_part_matrix | Battery shared across 6 models
370,124,293,FALSE,From model_part_matrix | Battery shared across 6 models
371,119,294,FALSE,From model_part_matrix | Battery shared across 2 models
372,120,294,FALSE,From model_part_matrix | Battery shared across 2 models
373,163,295,FALSE,From model_part_matrix | Battery shared across 2 models
374,1,295,FALSE,From model_part_matrix | Battery shared across 2 models
375,182,296,FALSE,From model_part_matrix | Battery shared across 3 models
376,213,296,FALSE,From model_part_matrix | Battery shared across 3 models
377,195,296,FALSE,From model_part_matrix | Battery shared across 3 models
378,4,297,FALSE,From model_part_matrix | Battery shared across 3 models
379,239,297,FALSE,From model_part_matrix | Battery shared across 3 models
380,240,297,FALSE,From model_part_matrix | Battery shared across 3 models
381,130,298,FALSE,From model_part_matrix | OCA Glass shared across 10 models
382,206,298,FALSE,From model_part_matrix | OCA Glass shared across 10 models
383,196,298,FALSE,From model_part_matrix | OCA Glass shared across 10 models
384,197,298,FALSE,From model_part_matrix | OCA Glass shared across 10 models
385,199,298,FALSE,From model_part_matrix | OCA Glass shared across 10 models
386,200,298,FALSE,From model_part_matrix | OCA Glass shared across 10 models
387,134,298,FALSE,From model_part_matrix | OCA Glass shared across 10 models
388,131,298,FALSE,From model_part_matrix | OCA Glass shared across 10 models
389,132,298,FALSE,From model_part_matrix | OCA Glass shared across 10 models
390,133,298,FALSE,From model_part_matrix | OCA Glass shared across 10 models
391,135,299,FALSE,From model_part_matrix | OCA Glass shared across 6 models
392,224,299,FALSE,From model_part_matrix | OCA Glass shared across 6 models
393,225,299,FALSE,From model_part_matrix | OCA Glass shared across 6 models
394,226,299,FALSE,From model_part_matrix | OCA Glass shared across 6 models
395,228,299,FALSE,From model_part_matrix | OCA Glass shared across 6 models
396,217,299,FALSE,From model_part_matrix | OCA Glass shared across 6 models
397,136,300,FALSE,From model_part_matrix | OCA Glass shared across 3 models
398,223,300,FALSE,From model_part_matrix | OCA Glass shared across 3 models
399,221,300,FALSE,From model_part_matrix | OCA Glass shared across 3 models
400,138,301,FALSE,From model_part_matrix | OCA Glass shared across 3 models
401,238,301,FALSE,From model_part_matrix | OCA Glass shared across 3 models
402,227,301,FALSE,From model_part_matrix | OCA Glass shared across 3 models
403,139,302,FALSE,From model_part_matrix | OCA Glass shared across 3 models
404,20,302,FALSE,From model_part_matrix | OCA Glass shared across 3 models
405,235,302,FALSE,From model_part_matrix | OCA Glass shared across 3 models
406,141,303,FALSE,From model_part_matrix | OCA Glass shared across 2 models
407,22,303,FALSE,From model_part_matrix | OCA Glass shared across 2 models
408,142,304,FALSE,From model_part_matrix | OCA Glass shared across 3 models
409,23,304,FALSE,From model_part_matrix | OCA Glass shared across 3 models
410,236,304,FALSE,From model_part_matrix | OCA Glass shared across 3 models
411,149,305,FALSE,From model_part_matrix | OCA Glass shared across 3 models
412,151,305,FALSE,From model_part_matrix | OCA Glass shared across 3 models
413,156,305,FALSE,From model_part_matrix | OCA Glass shared across 3 models
414,152,306,FALSE,From model_part_matrix | OCA Glass shared across 9 models
415,153,306,FALSE,From model_part_matrix | OCA Glass shared across 9 models
416,154,306,FALSE,From model_part_matrix | OCA Glass shared across 9 models
417,157,306,FALSE,From model_part_matrix | OCA Glass shared across 9 models
418,158,306,FALSE,From model_part_matrix | OCA Glass shared across 9 models
419,162,306,FALSE,From model_part_matrix | OCA Glass shared across 9 models
420,165,306,FALSE,From model_part_matrix | OCA Glass shared across 9 models
421,12,306,FALSE,From model_part_matrix | OCA Glass shared across 9 models
422,166,306,FALSE,From model_part_matrix | OCA Glass shared across 9 models
423,159,307,FALSE,From model_part_matrix | OCA Glass shared across 3 models
424,161,307,FALSE,From model_part_matrix | OCA Glass shared across 3 models
425,160,307,FALSE,From model_part_matrix | OCA Glass shared across 3 models
426,1,308,FALSE,From model_part_matrix | OCA Glass shared across 2 models
427,2,308,FALSE,From model_part_matrix | OCA Glass shared across 2 models
428,198,309,FALSE,From model_part_matrix | OCA Glass shared across 2 models
429,203,309,FALSE,From model_part_matrix | OCA Glass shared across 2 models
430,218,310,FALSE,From model_part_matrix | OCA Glass shared across 2 models
431,220,310,FALSE,From model_part_matrix | OCA Glass shared across 2 models
432,25,311,FALSE,From model_part_matrix | OCA Glass shared across 2 models
433,222,311,FALSE,From model_part_matrix | OCA Glass shared across 2 models
434,229,312,FALSE,From model_part_matrix | OCA Glass shared across 4 models
435,230,312,FALSE,From model_part_matrix | OCA Glass shared across 4 models
436,231,312,FALSE,From model_part_matrix | OCA Glass shared across 4 models
437,232,312,FALSE,From model_part_matrix | OCA Glass shared across 4 models
438,7,313,FALSE,From model_part_matrix | OCA Glass shared across 2 models
439,234,313,FALSE,From model_part_matrix | OCA Glass shared across 2 models
440,43,314,FALSE,From model_part_matrix | OCA Glass shared across 2 models
441,44,314,FALSE,From model_part_matrix | OCA Glass shared across 2 models
442,152,315,FALSE,From model_part_matrix | Pouch shared across 2 models
443,153,315,FALSE,From model_part_matrix | Pouch shared across 2 models
444,159,316,FALSE,From model_part_matrix | Pouch shared across 2 models
445,161,316,FALSE,From model_part_matrix | Pouch shared across 2 models
446,47,317,FALSE,From model_part_matrix | Charging Board shared across 10 models
447,126,317,FALSE,From model_part_matrix | Charging Board shared across 10 models
448,122,317,FALSE,From model_part_matrix | Charging Board shared across 10 models
449,206,317,FALSE,From model_part_matrix | Charging Board shared across 10 models
450,65,317,FALSE,From model_part_matrix | Charging Board shared across 10 models
451,107,317,FALSE,From model_part_matrix | Charging Board shared across 10 models
452,173,317,FALSE,From model_part_matrix | Charging Board shared across 10 models
453,174,317,FALSE,From model_part_matrix | Charging Board shared across 10 models
454,89,317,FALSE,From model_part_matrix | Charging Board shared across 10 models
455,90,317,FALSE,From model_part_matrix | Charging Board shared across 10 models
456,48,318,FALSE,From model_part_matrix | Charging Board shared across 10 models
457,51,318,FALSE,From model_part_matrix | Charging Board shared across 10 models
458,210,318,FALSE,From model_part_matrix | Charging Board shared across 10 models
459,194,318,FALSE,From model_part_matrix | Charging Board shared across 10 models
460,189,318,FALSE,From model_part_matrix | Charging Board shared across 10 models
461,190,318,FALSE,From model_part_matrix | Charging Board shared across 10 models
462,71,318,FALSE,From model_part_matrix | Charging Board shared across 10 models
463,81,318,FALSE,From model_part_matrix | Charging Board shared across 10 models
464,144,318,FALSE,From model_part_matrix | Charging Board shared across 10 models
465,170,318,FALSE,From model_part_matrix | Charging Board shared across 10 models
466,50,319,FALSE,From model_part_matrix | Charging Board shared across 8 models
467,55,319,FALSE,From model_part_matrix | Charging Board shared across 8 models
468,62,319,FALSE,From model_part_matrix | Charging Board shared across 8 models
469,56,319,FALSE,From model_part_matrix | Charging Board shared across 8 models
470,84,319,FALSE,From model_part_matrix | Charging Board shared across 8 models
471,78,319,FALSE,From model_part_matrix | Charging Board shared across 8 models
472,85,319,FALSE,From model_part_matrix | Charging Board shared across 8 models
473,180,319,FALSE,From model_part_matrix | Charging Board shared across 8 models
474,66,320,FALSE,From model_part_matrix | Charging Board shared across 19 models
475,74,320,FALSE,From model_part_matrix | Charging Board shared across 19 models
476,76,320,FALSE,From model_part_matrix | Charging Board shared across 19 models
477,77,320,FALSE,From model_part_matrix | Charging Board shared across 19 models
478,68,320,FALSE,From model_part_matrix | Charging Board shared across 19 models
479,69,320,FALSE,From model_part_matrix | Charging Board shared across 19 models
480,70,320,FALSE,From model_part_matrix | Charging Board shared across 19 models
481,82,320,FALSE,From model_part_matrix | Charging Board shared across 19 models
482,75,320,FALSE,From model_part_matrix | Charging Board shared across 19 models
483,80,320,FALSE,From model_part_matrix | Charging Board shared across 19 models
484,67,320,FALSE,From model_part_matrix | Charging Board shared across 19 models
485,79,320,FALSE,From model_part_matrix | Charging Board shared across 19 models
486,178,320,FALSE,From model_part_matrix | Charging Board shared across 19 models
487,176,320,FALSE,From model_part_matrix | Charging Board shared across 19 models
488,175,320,FALSE,From model_part_matrix | Charging Board shared across 19 models
489,177,320,FALSE,From model_part_matrix | Charging Board shared across 19 models
490,168,320,FALSE,From model_part_matrix | Charging Board shared across 19 models
491,167,320,FALSE,From model_part_matrix | Charging Board shared across 19 models
492,169,320,FALSE,From model_part_matrix | Charging Board shared across 19 models
493,72,321,FALSE,From model_part_matrix | Charging Board shared across 7 models
494,93,321,FALSE,From model_part_matrix | Charging Board shared across 7 models
495,103,321,FALSE,From model_part_matrix | Charging Board shared across 7 models
496,73,321,FALSE,From model_part_matrix | Charging Board shared across 7 models
497,171,321,FALSE,From model_part_matrix | Charging Board shared across 7 models
498,172,321,FALSE,From model_part_matrix | Charging Board shared across 7 models
499,179,321,FALSE,From model_part_matrix | Charging Board shared across 7 models
500,118,322,FALSE,From model_part_matrix | Charging Board shared across 23 models
501,202,322,FALSE,From model_part_matrix | Charging Board shared across 23 models
502,211,322,FALSE,From model_part_matrix | Charging Board shared across 23 models
503,212,322,FALSE,From model_part_matrix | Charging Board shared across 23 models
504,205,322,FALSE,From model_part_matrix | Charging Board shared across 23 models
505,181,322,FALSE,From model_part_matrix | Charging Board shared across 23 models
506,183,322,FALSE,From model_part_matrix | Charging Board shared across 23 models
507,184,322,FALSE,From model_part_matrix | Charging Board shared across 23 models
508,186,322,FALSE,From model_part_matrix | Charging Board shared across 23 models
509,187,322,FALSE,From model_part_matrix | Charging Board shared across 23 models
510,201,322,FALSE,From model_part_matrix | Charging Board shared across 23 models
511,10,322,FALSE,From model_part_matrix | Charging Board shared across 23 models
512,204,322,FALSE,From model_part_matrix | Charging Board shared across 23 models
513,207,322,FALSE,From model_part_matrix | Charging Board shared across 23 models
514,208,322,FALSE,From model_part_matrix | Charging Board shared across 23 models
515,188,322,FALSE,From model_part_matrix | Charging Board shared across 23 models
516,123,322,FALSE,From model_part_matrix | Charging Board shared across 23 models
517,125,322,FALSE,From model_part_matrix | Charging Board shared across 23 models
518,128,322,FALSE,From model_part_matrix | Charging Board shared across 23 models
519,28,322,FALSE,From model_part_matrix | Charging Board shared across 23 models
520,143,322,FALSE,From model_part_matrix | Charging Board shared across 23 models
521,146,322,FALSE,From model_part_matrix | Charging Board shared across 23 models
522,29,322,FALSE,From model_part_matrix | Charging Board shared across 23 models
523,137,323,FALSE,From model_part_matrix | Charging Board shared across 10 models
524,215,323,FALSE,From model_part_matrix | Charging Board shared across 10 models
525,219,323,FALSE,From model_part_matrix | Charging Board shared across 10 models
526,233,323,FALSE,From model_part_matrix | Charging Board shared across 10 models
527,140,323,FALSE,From model_part_matrix | Charging Board shared across 10 models
528,214,323,FALSE,From model_part_matrix | Charging Board shared across 10 models
529,216,323,FALSE,From model_part_matrix | Charging Board shared across 10 models
530,209,323,FALSE,From model_part_matrix | Charging Board shared across 10 models
531,185,323,FALSE,From model_part_matrix | Charging Board shared across 10 models
532,193,323,FALSE,From model_part_matrix | Charging Board shared across 10 models
533,163,324,FALSE,From model_part_matrix | Charging Board shared across 3 models
534,1,324,FALSE,From model_part_matrix | Charging Board shared across 3 models
535,164,324,FALSE,From model_part_matrix | Charging Board shared across 3 models
536,83,325,FALSE,From model_part_matrix | model-specific
537,102,326,FALSE,From model_part_matrix | model-specific
538,108,327,FALSE,From model_part_matrix | model-specific
539,127,328,FALSE,From model_part_matrix | model-specific
540,129,329,FALSE,From model_part_matrix | model-specific
541,145,330,FALSE,From model_part_matrix | model-specific
542,147,331,FALSE,From model_part_matrix | model-specific
543,148,332,FALSE,From model_part_matrix | model-specific
544,150,333,FALSE,From model_part_matrix | model-specific
545,150,334,FALSE,From model_part_matrix | model-specific
546,155,335,FALSE,From model_part_matrix | model-specific
547,155,336,FALSE,From model_part_matrix | model-specific
548,191,337,FALSE,From model_part_matrix | model-specific
549,192,338,FALSE,From model_part_matrix | model-specific
550,237,339,FALSE,From model_part_matrix | model-specific
551,237,340,FALSE,From model_part_matrix | model-specific
552,241,341,FALSE,From model_part_matrix | model-specific
553,242,342,FALSE,From model_part_matrix | model-specific
554,43,343,FALSE,From model_part_matrix | Tempered Glass shared across 3 models
555,44,343,FALSE,From model_part_matrix | Tempered Glass shared across 3 models
556,45,343,FALSE,From model_part_matrix | Tempered Glass shared across 3 models
557,243,344,FALSE,From model_part_matrix | Tempered Glass shared across 29 models
558,909,344,FALSE,From model_part_matrix | Tempered Glass shared across 29 models
559,920,344,FALSE,From model_part_matrix | Tempered Glass shared across 29 models
560,921,344,FALSE,From model_part_matrix | Tempered Glass shared across 29 models
561,908,344,FALSE,From model_part_matrix | Tempered Glass shared across 29 models
562,872,344,FALSE,From model_part_matrix | Tempered Glass shared across 29 models
563,877,344,FALSE,From model_part_matrix | Tempered Glass shared across 29 models
564,652,344,FALSE,From model_part_matrix | Tempered Glass shared across 29 models
565,653,344,FALSE,From model_part_matrix | Tempered Glass shared across 29 models
566,654,344,FALSE,From model_part_matrix | Tempered Glass shared across 29 models
567,657,344,FALSE,From model_part_matrix | Tempered Glass shared across 29 models
568,659,344,FALSE,From model_part_matrix | Tempered Glass shared across 29 models
569,656,344,FALSE,From model_part_matrix | Tempered Glass shared across 29 models
570,675,344,FALSE,From model_part_matrix | Tempered Glass shared across 29 models
571,677,344,FALSE,From model_part_matrix | Tempered Glass shared across 29 models
572,679,344,FALSE,From model_part_matrix | Tempered Glass shared across 29 models
573,674,344,FALSE,From model_part_matrix | Tempered Glass shared across 29 models
574,676,344,FALSE,From model_part_matrix | Tempered Glass shared across 29 models
575,680,344,FALSE,From model_part_matrix | Tempered Glass shared across 29 models
576,690,344,FALSE,From model_part_matrix | Tempered Glass shared across 29 models
577,692,344,FALSE,From model_part_matrix | Tempered Glass shared across 29 models
578,691,344,FALSE,From model_part_matrix | Tempered Glass shared across 29 models
579,714,344,FALSE,From model_part_matrix | Tempered Glass shared across 29 models
580,724,344,FALSE,From model_part_matrix | Tempered Glass shared across 29 models
581,725,344,FALSE,From model_part_matrix | Tempered Glass shared across 29 models
582,268,344,FALSE,From model_part_matrix | Tempered Glass shared across 29 models
583,281,344,FALSE,From model_part_matrix | Tempered Glass shared across 29 models
584,255,344,FALSE,From model_part_matrix | Tempered Glass shared across 29 models
585,246,344,FALSE,From model_part_matrix | Tempered Glass shared across 29 models
586,244,345,FALSE,From model_part_matrix | Tempered Glass shared across 46 models
587,520,345,FALSE,From model_part_matrix | Tempered Glass shared across 46 models
588,440,345,FALSE,From model_part_matrix | Tempered Glass shared across 46 models
589,439,345,FALSE,From model_part_matrix | Tempered Glass shared across 46 models
590,430,345,FALSE,From model_part_matrix | Tempered Glass shared across 46 models
591,357,345,FALSE,From model_part_matrix | Tempered Glass shared across 46 models
592,374,345,FALSE,From model_part_matrix | Tempered Glass shared across 46 models
593,387,345,FALSE,From model_part_matrix | Tempered Glass shared across 46 models
594,359,345,FALSE,From model_part_matrix | Tempered Glass shared across 46 models
595,115,345,FALSE,From model_part_matrix | Tempered Glass shared across 46 models
596,375,345,FALSE,From model_part_matrix | Tempered Glass shared across 46 models
597,119,345,FALSE,From model_part_matrix | Tempered Glass shared across 46 models
598,120,345,FALSE,From model_part_matrix | Tempered Glass shared across 46 models
599,121,345,FALSE,From model_part_matrix | Tempered Glass shared across 46 models
600,390,345,FALSE,From model_part_matrix | Tempered Glass shared across 46 models
601,518,345,FALSE,From model_part_matrix | Tempered Glass shared across 46 models
602,521,345,FALSE,From model_part_matrix | Tempered Glass shared across 46 models
603,522,345,FALSE,From model_part_matrix | Tempered Glass shared across 46 models
604,523,345,FALSE,From model_part_matrix | Tempered Glass shared across 46 models
605,527,345,FALSE,From model_part_matrix | Tempered Glass shared across 46 models
606,628,345,FALSE,From model_part_matrix | Tempered Glass shared across 46 models
607,581,345,FALSE,From model_part_matrix | Tempered Glass shared across 46 models
608,585,345,FALSE,From model_part_matrix | Tempered Glass shared across 46 models
609,586,345,FALSE,From model_part_matrix | Tempered Glass shared across 46 models
610,900,345,FALSE,From model_part_matrix | Tempered Glass shared across 46 models
611,855,345,FALSE,From model_part_matrix | Tempered Glass shared across 46 models
612,480,345,FALSE,From model_part_matrix | Tempered Glass shared across 46 models
613,481,345,FALSE,From model_part_matrix | Tempered Glass shared across 46 models
614,250,345,FALSE,From model_part_matrix | Tempered Glass shared across 46 models
615,251,345,FALSE,From model_part_matrix | Tempered Glass shared across 46 models
616,249,345,FALSE,From model_part_matrix | Tempered Glass shared across 46 models
617,254,345,FALSE,From model_part_matrix | Tempered Glass shared across 46 models
618,245,345,FALSE,From model_part_matrix | Tempered Glass shared across 46 models
619,247,345,FALSE,From model_part_matrix | Tempered Glass shared across 46 models
620,530,345,FALSE,From model_part_matrix | Tempered Glass shared across 46 models
621,534,345,FALSE,From model_part_matrix | Tempered Glass shared across 46 models
622,391,345,FALSE,From model_part_matrix | Tempered Glass shared across 46 models
623,617,345,FALSE,From model_part_matrix | Tempered Glass shared across 46 models
624,613,345,FALSE,From model_part_matrix | Tempered Glass shared across 46 models
625,605,345,FALSE,From model_part_matrix | Tempered Glass shared across 46 models
626,607,345,FALSE,From model_part_matrix | Tempered Glass shared across 46 models
627,609,345,FALSE,From model_part_matrix | Tempered Glass shared across 46 models
628,431,345,FALSE,From model_part_matrix | Tempered Glass shared across 46 models
629,434,345,FALSE,From model_part_matrix | Tempered Glass shared across 46 models
630,156,345,FALSE,From model_part_matrix | Tempered Glass shared across 46 models
631,700,345,FALSE,From model_part_matrix | Tempered Glass shared across 46 models
632,248,346,FALSE,From model_part_matrix | Tempered Glass shared across 38 models
633,916,346,FALSE,From model_part_matrix | Tempered Glass shared across 38 models
634,917,346,FALSE,From model_part_matrix | Tempered Glass shared across 38 models
635,918,346,FALSE,From model_part_matrix | Tempered Glass shared across 38 models
636,901,346,FALSE,From model_part_matrix | Tempered Glass shared across 38 models
637,233,346,FALSE,From model_part_matrix | Tempered Glass shared across 38 models
638,896,346,FALSE,From model_part_matrix | Tempered Glass shared across 38 models
639,899,346,FALSE,From model_part_matrix | Tempered Glass shared across 38 models
640,897,346,FALSE,From model_part_matrix | Tempered Glass shared across 38 models
641,898,346,FALSE,From model_part_matrix | Tempered Glass shared across 38 models
642,491,346,FALSE,From model_part_matrix | Tempered Glass shared across 38 models
643,140,346,FALSE,From model_part_matrix | Tempered Glass shared across 38 models
644,493,346,FALSE,From model_part_matrix | Tempered Glass shared across 38 models
645,492,346,FALSE,From model_part_matrix | Tempered Glass shared across 38 models
646,479,346,FALSE,From model_part_matrix | Tempered Glass shared across 38 models
647,137,346,FALSE,From model_part_matrix | Tempered Glass shared across 38 models
648,854,346,FALSE,From model_part_matrix | Tempered Glass shared across 38 models
649,857,346,FALSE,From model_part_matrix | Tempered Glass shared across 38 models
650,856,346,FALSE,From model_part_matrix | Tempered Glass shared across 38 models
651,859,346,FALSE,From model_part_matrix | Tempered Glass shared across 38 models
652,860,346,FALSE,From model_part_matrix | Tempered Glass shared across 38 models
653,289,346,FALSE,From model_part_matrix | Tempered Glass shared across 38 models
654,290,346,FALSE,From model_part_matrix | Tempered Glass shared across 38 models
655,291,346,FALSE,From model_part_matrix | Tempered Glass shared across 38 models
656,292,346,FALSE,From model_part_matrix | Tempered Glass shared across 38 models
657,285,346,FALSE,From model_part_matrix | Tempered Glass shared across 38 models
658,286,346,FALSE,From model_part_matrix | Tempered Glass shared across 38 models
659,253,346,FALSE,From model_part_matrix | Tempered Glass shared across 38 models
660,571,346,FALSE,From model_part_matrix | Tempered Glass shared across 38 models
661,576,346,FALSE,From model_part_matrix | Tempered Glass shared across 38 models
662,655,346,FALSE,From model_part_matrix | Tempered Glass shared across 38 models
663,660,346,FALSE,From model_part_matrix | Tempered Glass shared across 38 models
664,661,346,FALSE,From model_part_matrix | Tempered Glass shared across 38 models
665,712,346,FALSE,From model_part_matrix | Tempered Glass shared across 38 models
666,662,346,FALSE,From model_part_matrix | Tempered Glass shared across 38 models
667,673,346,FALSE,From model_part_matrix | Tempered Glass shared across 38 models
668,783,346,FALSE,From model_part_matrix | Tempered Glass shared across 38 models
669,784,346,FALSE,From model_part_matrix | Tempered Glass shared across 38 models
670,252,347,FALSE,From model_part_matrix | Tempered Glass shared across 19 models
671,561,347,FALSE,From model_part_matrix | Tempered Glass shared across 19 models
672,596,347,FALSE,From model_part_matrix | Tempered Glass shared across 19 models
673,598,347,FALSE,From model_part_matrix | Tempered Glass shared across 19 models
674,599,347,FALSE,From model_part_matrix | Tempered Glass shared across 19 models
675,559,347,FALSE,From model_part_matrix | Tempered Glass shared across 19 models
676,560,347,FALSE,From model_part_matrix | Tempered Glass shared across 19 models
677,562,347,FALSE,From model_part_matrix | Tempered Glass shared across 19 models
678,563,347,FALSE,From model_part_matrix | Tempered Glass shared across 19 models
679,601,347,FALSE,From model_part_matrix | Tempered Glass shared across 19 models
680,602,347,FALSE,From model_part_matrix | Tempered Glass shared across 19 models
681,603,347,FALSE,From model_part_matrix | Tempered Glass shared across 19 models
682,779,347,FALSE,From model_part_matrix | Tempered Glass shared across 19 models
683,789,347,FALSE,From model_part_matrix | Tempered Glass shared across 19 models
684,790,347,FALSE,From model_part_matrix | Tempered Glass shared across 19 models
685,804,347,FALSE,From model_part_matrix | Tempered Glass shared across 19 models
686,759,347,FALSE,From model_part_matrix | Tempered Glass shared across 19 models
687,287,347,FALSE,From model_part_matrix | Tempered Glass shared across 19 models
688,811,347,FALSE,From model_part_matrix | Tempered Glass shared across 19 models
689,66,348,FALSE,From model_part_matrix | Tempered Glass shared across 15 models
690,718,348,FALSE,From model_part_matrix | Tempered Glass shared across 15 models
691,719,348,FALSE,From model_part_matrix | Tempered Glass shared across 15 models
692,738,348,FALSE,From model_part_matrix | Tempered Glass shared across 15 models
693,261,348,FALSE,From model_part_matrix | Tempered Glass shared across 15 models
694,70,348,FALSE,From model_part_matrix | Tempered Glass shared across 15 models
695,262,348,FALSE,From model_part_matrix | Tempered Glass shared across 15 models
696,264,348,FALSE,From model_part_matrix | Tempered Glass shared across 15 models
697,265,348,FALSE,From model_part_matrix | Tempered Glass shared across 15 models
698,175,348,FALSE,From model_part_matrix | Tempered Glass shared across 15 models
699,729,348,FALSE,From model_part_matrix | Tempered Glass shared across 15 models
700,731,348,FALSE,From model_part_matrix | Tempered Glass shared across 15 models
701,272,348,FALSE,From model_part_matrix | Tempered Glass shared across 15 models
702,283,348,FALSE,From model_part_matrix | Tempered Glass shared across 15 models
703,271,348,FALSE,From model_part_matrix | Tempered Glass shared across 15 models
704,256,349,FALSE,From model_part_matrix | Tempered Glass shared across 13 models
705,257,349,FALSE,From model_part_matrix | Tempered Glass shared across 13 models
706,259,349,FALSE,From model_part_matrix | Tempered Glass shared across 13 models
707,270,349,FALSE,From model_part_matrix | Tempered Glass shared across 13 models
708,260,349,FALSE,From model_part_matrix | Tempered Glass shared across 13 models
709,274,349,FALSE,From model_part_matrix | Tempered Glass shared across 13 models
710,275,349,FALSE,From model_part_matrix | Tempered Glass shared across 13 models
711,273,349,FALSE,From model_part_matrix | Tempered Glass shared across 13 models
712,284,349,FALSE,From model_part_matrix | Tempered Glass shared across 13 models
713,730,349,FALSE,From model_part_matrix | Tempered Glass shared across 13 models
714,280,349,FALSE,From model_part_matrix | Tempered Glass shared across 13 models
715,297,349,FALSE,From model_part_matrix | Tempered Glass shared across 13 models
716,258,349,FALSE,From model_part_matrix | Tempered Glass shared across 13 models
717,68,350,FALSE,From model_part_matrix | Tempered Glass shared across 139 models
718,542,350,FALSE,From model_part_matrix | Tempered Glass shared across 139 models
719,514,350,FALSE,From model_part_matrix | Tempered Glass shared across 139 models
720,517,350,FALSE,From model_part_matrix | Tempered Glass shared across 139 models
721,516,350,FALSE,From model_part_matrix | Tempered Glass shared across 139 models
722,145,350,FALSE,From model_part_matrix | Tempered Glass shared across 139 models
723,543,350,FALSE,From model_part_matrix | Tempered Glass shared across 139 models
724,544,350,FALSE,From model_part_matrix | Tempered Glass shared across 139 models
725,143,350,FALSE,From model_part_matrix | Tempered Glass shared across 139 models
726,551,350,FALSE,From model_part_matrix | Tempered Glass shared across 139 models
727,550,350,FALSE,From model_part_matrix | Tempered Glass shared across 139 models
728,552,350,FALSE,From model_part_matrix | Tempered Glass shared across 139 models
729,549,350,FALSE,From model_part_matrix | Tempered Glass shared across 139 models
730,547,350,FALSE,From model_part_matrix | Tempered Glass shared across 139 models
731,554,350,FALSE,From model_part_matrix | Tempered Glass shared across 139 models
732,555,350,FALSE,From model_part_matrix | Tempered Glass shared across 139 models
733,557,350,FALSE,From model_part_matrix | Tempered Glass shared across 139 models
734,558,350,FALSE,From model_part_matrix | Tempered Glass shared across 139 models
735,496,350,FALSE,From model_part_matrix | Tempered Glass shared across 139 models
736,498,350,FALSE,From model_part_matrix | Tempered Glass shared across 139 models
737,497,350,FALSE,From model_part_matrix | Tempered Glass shared across 139 models
738,697,350,FALSE,From model_part_matrix | Tempered Glass shared across 139 models
739,663,350,FALSE,From model_part_matrix | Tempered Glass shared across 139 models
740,150,350,FALSE,From model_part_matrix | Tempered Glass shared across 139 models
741,696,350,FALSE,From model_part_matrix | Tempered Glass shared across 139 models
742,151,350,FALSE,From model_part_matrix | Tempered Glass shared across 139 models
743,154,350,FALSE,From model_part_matrix | Tempered Glass shared across 139 models
744,643,350,FALSE,From model_part_matrix | Tempered Glass shared across 139 models
745,353,350,FALSE,From model_part_matrix | Tempered Glass shared across 139 models
746,385,350,FALSE,From model_part_matrix | Tempered Glass shared across 139 models
747,321,350,FALSE,From model_part_matrix | Tempered Glass shared across 139 models
748,327,350,FALSE,From model_part_matrix | Tempered Glass shared across 139 models
749,328,350,FALSE,From model_part_matrix | Tempered Glass shared across 139 models
750,329,350,FALSE,From model_part_matrix | Tempered Glass shared across 139 models
751,110,350,FALSE,From model_part_matrix | Tempered Glass shared across 139 models
752,331,350,FALSE,From model_part_matrix | Tempered Glass shared across 139 models
753,330,350,FALSE,From model_part_matrix | Tempered Glass shared across 139 models
754,34,350,FALSE,From model_part_matrix | Tempered Glass shared across 139 models
755,332,350,FALSE,From model_part_matrix | Tempered Glass shared across 139 models
756,342,350,FALSE,From model_part_matrix | Tempered Glass shared across 139 models
757,361,350,FALSE,From model_part_matrix | Tempered Glass shared across 139 models
758,365,350,FALSE,From model_part_matrix | Tempered Glass shared across 139 models
759,363,350,FALSE,From model_part_matrix | Tempered Glass shared across 139 models
760,366,350,FALSE,From model_part_matrix | Tempered Glass shared across 139 models
761,9,350,FALSE,From model_part_matrix | Tempered Glass shared across 139 models
762,367,350,FALSE,From model_part_matrix | Tempered Glass shared across 139 models
763,368,350,FALSE,From model_part_matrix | Tempered Glass shared across 139 models
764,380,350,FALSE,From model_part_matrix | Tempered Glass shared across 139 models
765,381,350,FALSE,From model_part_matrix | Tempered Glass shared across 139 models
766,32,350,FALSE,From model_part_matrix | Tempered Glass shared across 139 models
767,336,350,FALSE,From model_part_matrix | Tempered Glass shared across 139 models
768,424,350,FALSE,From model_part_matrix | Tempered Glass shared across 139 models
769,263,350,FALSE,From model_part_matrix | Tempered Glass shared across 139 models
770,266,350,FALSE,From model_part_matrix | Tempered Glass shared across 139 models
771,851,350,FALSE,From model_part_matrix | Tempered Glass shared across 139 models
772,230,350,FALSE,From model_part_matrix | Tempered Glass shared across 139 models
773,232,350,FALSE,From model_part_matrix | Tempered Glass shared across 139 models
774,903,350,FALSE,From model_part_matrix | Tempered Glass shared across 139 models
775,904,350,FALSE,From model_part_matrix | Tempered Glass shared across 139 models
776,774,350,FALSE,From model_part_matrix | Tempered Glass shared across 139 models
777,785,350,FALSE,From model_part_matrix | Tempered Glass shared across 139 models
778,776,350,FALSE,From model_part_matrix | Tempered Glass shared across 139 models
779,775,350,FALSE,From model_part_matrix | Tempered Glass shared across 139 models
780,202,350,FALSE,From model_part_matrix | Tempered Glass shared across 139 models
781,794,350,FALSE,From model_part_matrix | Tempered Glass shared across 139 models
782,795,350,FALSE,From model_part_matrix | Tempered Glass shared across 139 models
783,796,350,FALSE,From model_part_matrix | Tempered Glass shared across 139 models
784,797,350,FALSE,From model_part_matrix | Tempered Glass shared across 139 models
785,801,350,FALSE,From model_part_matrix | Tempered Glass shared across 139 models
786,819,350,FALSE,From model_part_matrix | Tempered Glass shared across 139 models
787,820,350,FALSE,From model_part_matrix | Tempered Glass shared across 139 models
788,821,350,FALSE,From model_part_matrix | Tempered Glass shared across 139 models
789,822,350,FALSE,From model_part_matrix | Tempered Glass shared across 139 models
790,823,350,FALSE,From model_part_matrix | Tempered Glass shared across 139 models
791,833,350,FALSE,From model_part_matrix | Tempered Glass shared across 139 models
792,35,350,FALSE,From model_part_matrix | Tempered Glass shared across 139 models
793,36,350,FALSE,From model_part_matrix | Tempered Glass shared across 139 models
794,777,350,FALSE,From model_part_matrix | Tempered Glass shared across 139 models
795,578,350,FALSE,From model_part_matrix | Tempered Glass shared across 139 models
796,579,350,FALSE,From model_part_matrix | Tempered Glass shared across 139 models
797,580,350,FALSE,From model_part_matrix | Tempered Glass shared across 139 models
798,582,350,FALSE,From model_part_matrix | Tempered Glass shared across 139 models
799,146,350,FALSE,From model_part_matrix | Tempered Glass shared across 139 models
800,589,350,FALSE,From model_part_matrix | Tempered Glass shared across 139 models
801,590,350,FALSE,From model_part_matrix | Tempered Glass shared across 139 models
802,806,350,FALSE,From model_part_matrix | Tempered Glass shared across 139 models
803,816,350,FALSE,From model_part_matrix | Tempered Glass shared across 139 models
804,817,350,FALSE,From model_part_matrix | Tempered Glass shared across 139 models
805,198,350,FALSE,From model_part_matrix | Tempered Glass shared across 139 models
806,786,350,FALSE,From model_part_matrix | Tempered Glass shared across 139 models
807,807,350,FALSE,From model_part_matrix | Tempered Glass shared across 139 models
808,808,350,FALSE,From model_part_matrix | Tempered Glass shared across 139 models
809,207,350,FALSE,From model_part_matrix | Tempered Glass shared across 139 models
810,810,350,FALSE,From model_part_matrix | Tempered Glass shared across 139 models
811,809,350,FALSE,From model_part_matrix | Tempered Glass shared across 139 models
812,208,350,FALSE,From model_part_matrix | Tempered Glass shared across 139 models
813,798,350,FALSE,From model_part_matrix | Tempered Glass shared across 139 models
814,800,350,FALSE,From model_part_matrix | Tempered Glass shared across 139 models
815,799,350,FALSE,From model_part_matrix | Tempered Glass shared across 139 models
816,209,350,FALSE,From model_part_matrix | Tempered Glass shared across 139 models
817,754,350,FALSE,From model_part_matrix | Tempered Glass shared across 139 models
818,755,350,FALSE,From model_part_matrix | Tempered Glass shared across 139 models
819,38,350,FALSE,From model_part_matrix | Tempered Glass shared across 139 models
820,647,350,FALSE,From model_part_matrix | Tempered Glass shared across 139 models
821,709,350,FALSE,From model_part_matrix | Tempered Glass shared across 139 models
822,710,350,FALSE,From model_part_matrix | Tempered Glass shared across 139 models
823,636,350,FALSE,From model_part_matrix | Tempered Glass shared across 139 models
824,701,350,FALSE,From model_part_matrix | Tempered Glass shared across 139 models
825,665,350,FALSE,From model_part_matrix | Tempered Glass shared across 139 models
826,158,350,FALSE,From model_part_matrix | Tempered Glass shared across 139 models
827,640,350,FALSE,From model_part_matrix | Tempered Glass shared across 139 models
828,703,350,FALSE,From model_part_matrix | Tempered Glass shared across 139 models
829,152,350,FALSE,From model_part_matrix | Tempered Glass shared across 139 models
830,153,350,FALSE,From model_part_matrix | Tempered Glass shared across 139 models
831,155,350,FALSE,From model_part_matrix | Tempered Glass shared across 139 models
832,632,350,FALSE,From model_part_matrix | Tempered Glass shared across 139 models
833,631,350,FALSE,From model_part_matrix | Tempered Glass shared across 139 models
834,740,350,FALSE,From model_part_matrix | Tempered Glass shared across 139 models
835,743,350,FALSE,From model_part_matrix | Tempered Glass shared across 139 models
836,744,350,FALSE,From model_part_matrix | Tempered Glass shared across 139 models
837,745,350,FALSE,From model_part_matrix | Tempered Glass shared across 139 models
838,741,350,FALSE,From model_part_matrix | Tempered Glass shared across 139 models
839,742,350,FALSE,From model_part_matrix | Tempered Glass shared across 139 models
840,482,350,FALSE,From model_part_matrix | Tempered Glass shared across 139 models
841,485,350,FALSE,From model_part_matrix | Tempered Glass shared across 139 models
842,317,350,FALSE,From model_part_matrix | Tempered Glass shared across 139 models
843,732,350,FALSE,From model_part_matrix | Tempered Glass shared across 139 models
844,347,350,FALSE,From model_part_matrix | Tempered Glass shared across 139 models
845,334,350,FALSE,From model_part_matrix | Tempered Glass shared across 139 models
846,345,350,FALSE,From model_part_matrix | Tempered Glass shared across 139 models
847,333,350,FALSE,From model_part_matrix | Tempered Glass shared across 139 models
848,337,350,FALSE,From model_part_matrix | Tempered Glass shared across 139 models
849,116,350,FALSE,From model_part_matrix | Tempered Glass shared across 139 models
850,778,350,FALSE,From model_part_matrix | Tempered Glass shared across 139 models
851,802,350,FALSE,From model_part_matrix | Tempered Glass shared across 139 models
852,787,350,FALSE,From model_part_matrix | Tempered Glass shared across 139 models
853,858,350,FALSE,From model_part_matrix | Tempered Glass shared across 139 models
854,788,350,FALSE,From model_part_matrix | Tempered Glass shared across 139 models
855,757,350,FALSE,From model_part_matrix | Tempered Glass shared across 139 models
856,267,351,FALSE,From model_part_matrix | Tempered Glass shared across 27 models
857,269,351,FALSE,From model_part_matrix | Tempered Glass shared across 27 models
858,735,351,FALSE,From model_part_matrix | Tempered Glass shared across 27 models
859,737,351,FALSE,From model_part_matrix | Tempered Glass shared across 27 models
860,177,351,FALSE,From model_part_matrix | Tempered Glass shared across 27 models
861,733,351,FALSE,From model_part_matrix | Tempered Glass shared across 27 models
862,734,351,FALSE,From model_part_matrix | Tempered Glass shared across 27 models
863,746,351,FALSE,From model_part_matrix | Tempered Glass shared across 27 models
864,276,351,FALSE,From model_part_matrix | Tempered Glass shared across 27 models
865,277,351,FALSE,From model_part_matrix | Tempered Glass shared across 27 models
866,282,351,FALSE,From model_part_matrix | Tempered Glass shared across 27 models
867,279,351,FALSE,From model_part_matrix | Tempered Glass shared across 27 models
868,278,351,FALSE,From model_part_matrix | Tempered Glass shared across 27 models
869,717,351,FALSE,From model_part_matrix | Tempered Glass shared across 27 models
870,720,351,FALSE,From model_part_matrix | Tempered Glass shared across 27 models
871,167,351,FALSE,From model_part_matrix | Tempered Glass shared across 27 models
872,721,351,FALSE,From model_part_matrix | Tempered Glass shared across 27 models
873,726,351,FALSE,From model_part_matrix | Tempered Glass shared across 27 models
874,672,351,FALSE,From model_part_matrix | Tempered Glass shared across 27 models
875,638,351,FALSE,From model_part_matrix | Tempered Glass shared across 27 models
876,299,351,FALSE,From model_part_matrix | Tempered Glass shared across 27 models
877,300,351,FALSE,From model_part_matrix | Tempered Glass shared across 27 models
878,301,351,FALSE,From model_part_matrix | Tempered Glass shared across 27 models
879,302,351,FALSE,From model_part_matrix | Tempered Glass shared across 27 models
880,303,351,FALSE,From model_part_matrix | Tempered Glass shared across 27 models
881,296,351,FALSE,From model_part_matrix | Tempered Glass shared across 27 models
882,295,351,FALSE,From model_part_matrix | Tempered Glass shared across 27 models
883,288,352,FALSE,From model_part_matrix | Tempered Glass shared across 67 models
884,31,352,FALSE,From model_part_matrix | Tempered Glass shared across 67 models
885,501,352,FALSE,From model_part_matrix | Tempered Glass shared across 67 models
886,415,352,FALSE,From model_part_matrix | Tempered Glass shared across 67 models
887,369,352,FALSE,From model_part_matrix | Tempered Glass shared across 67 models
888,597,352,FALSE,From model_part_matrix | Tempered Glass shared across 67 models
889,399,352,FALSE,From model_part_matrix | Tempered Glass shared across 67 models
890,315,352,FALSE,From model_part_matrix | Tempered Glass shared across 67 models
891,500,352,FALSE,From model_part_matrix | Tempered Glass shared across 67 models
892,568,352,FALSE,From model_part_matrix | Tempered Glass shared across 67 models
893,426,352,FALSE,From model_part_matrix | Tempered Glass shared across 67 models
894,320,352,FALSE,From model_part_matrix | Tempered Glass shared across 67 models
895,592,352,FALSE,From model_part_matrix | Tempered Glass shared across 67 models
896,383,352,FALSE,From model_part_matrix | Tempered Glass shared across 67 models
897,507,352,FALSE,From model_part_matrix | Tempered Glass shared across 67 models
898,316,352,FALSE,From model_part_matrix | Tempered Glass shared across 67 models
899,502,352,FALSE,From model_part_matrix | Tempered Glass shared across 67 models
900,372,352,FALSE,From model_part_matrix | Tempered Glass shared across 67 models
901,384,352,FALSE,From model_part_matrix | Tempered Glass shared across 67 models
902,566,352,FALSE,From model_part_matrix | Tempered Glass shared across 67 models
903,567,352,FALSE,From model_part_matrix | Tempered Glass shared across 67 models
904,564,352,FALSE,From model_part_matrix | Tempered Glass shared across 67 models
905,351,352,FALSE,From model_part_matrix | Tempered Glass shared across 67 models
906,600,352,FALSE,From model_part_matrix | Tempered Glass shared across 67 models
907,339,352,FALSE,From model_part_matrix | Tempered Glass shared across 67 models
908,349,352,FALSE,From model_part_matrix | Tempered Glass shared across 67 models
909,350,352,FALSE,From model_part_matrix | Tempered Glass shared across 67 models
910,341,352,FALSE,From model_part_matrix | Tempered Glass shared across 67 models
911,436,352,FALSE,From model_part_matrix | Tempered Glass shared across 67 models
912,437,352,FALSE,From model_part_matrix | Tempered Glass shared across 67 models
913,504,352,FALSE,From model_part_matrix | Tempered Glass shared across 67 models
914,593,352,FALSE,From model_part_matrix | Tempered Glass shared across 67 models
915,812,352,FALSE,From model_part_matrix | Tempered Glass shared across 67 models
916,758,352,FALSE,From model_part_matrix | Tempered Glass shared across 67 models
917,505,352,FALSE,From model_part_matrix | Tempered Glass shared across 67 models
918,503,352,FALSE,From model_part_matrix | Tempered Glass shared across 67 models
919,565,352,FALSE,From model_part_matrix | Tempered Glass shared across 67 models
920,293,352,FALSE,From model_part_matrix | Tempered Glass shared across 67 models
921,824,352,FALSE,From model_part_matrix | Tempered Glass shared across 67 models
922,340,352,FALSE,From model_part_matrix | Tempered Glass shared across 67 models
923,427,352,FALSE,From model_part_matrix | Tempered Glass shared across 67 models
924,506,352,FALSE,From model_part_matrix | Tempered Glass shared across 67 models
925,570,352,FALSE,From model_part_matrix | Tempered Glass shared across 67 models
926,338,352,FALSE,From model_part_matrix | Tempered Glass shared across 67 models
927,508,352,FALSE,From model_part_matrix | Tempered Glass shared across 67 models
928,803,352,FALSE,From model_part_matrix | Tempered Glass shared across 67 models
929,791,352,FALSE,From model_part_matrix | Tempered Glass shared across 67 models
930,618,352,FALSE,From model_part_matrix | Tempered Glass shared across 67 models
931,604,352,FALSE,From model_part_matrix | Tempered Glass shared across 67 models
932,356,352,FALSE,From model_part_matrix | Tempered Glass shared across 67 models
933,760,352,FALSE,From model_part_matrix | Tempered Glass shared across 67 models
934,813,352,FALSE,From model_part_matrix | Tempered Glass shared across 67 models
935,595,352,FALSE,From model_part_matrix | Tempered Glass shared across 67 models
936,792,352,FALSE,From model_part_matrix | Tempered Glass shared across 67 models
937,354,352,FALSE,From model_part_matrix | Tempered Glass shared across 67 models
938,355,352,FALSE,From model_part_matrix | Tempered Glass shared across 67 models
939,569,352,FALSE,From model_part_matrix | Tempered Glass shared across 67 models
940,594,352,FALSE,From model_part_matrix | Tempered Glass shared across 67 models
941,370,352,FALSE,From model_part_matrix | Tempered Glass shared across 67 models
942,371,352,FALSE,From model_part_matrix | Tempered Glass shared across 67 models
943,428,352,FALSE,From model_part_matrix | Tempered Glass shared across 67 models
944,414,352,FALSE,From model_part_matrix | Tempered Glass shared across 67 models
945,416,352,FALSE,From model_part_matrix | Tempered Glass shared across 67 models
946,318,352,FALSE,From model_part_matrix | Tempered Glass shared across 67 models
947,319,352,FALSE,From model_part_matrix | Tempered Glass shared across 67 models
948,304,352,FALSE,From model_part_matrix | Tempered Glass shared across 67 models
949,305,352,FALSE,From model_part_matrix | Tempered Glass shared across 67 models
950,294,353,FALSE,From model_part_matrix | Tempered Glass shared across 4 models
951,144,353,FALSE,From model_part_matrix | Tempered Glass shared across 4 models
952,553,353,FALSE,From model_part_matrix | Tempered Glass shared across 4 models
953,335,353,FALSE,From model_part_matrix | Tempered Glass shared across 4 models
954,298,354,FALSE,From model_part_matrix | Tempered Glass shared across 22 models
955,879,354,FALSE,From model_part_matrix | Tempered Glass shared across 22 models
956,224,354,FALSE,From model_part_matrix | Tempered Glass shared across 22 models
957,884,354,FALSE,From model_part_matrix | Tempered Glass shared across 22 models
958,217,354,FALSE,From model_part_matrix | Tempered Glass shared across 22 models
959,666,354,FALSE,From model_part_matrix | Tempered Glass shared across 22 models
960,702,354,FALSE,From model_part_matrix | Tempered Glass shared across 22 models
961,470,354,FALSE,From model_part_matrix | Tempered Glass shared across 22 models
962,135,354,FALSE,From model_part_matrix | Tempered Glass shared across 22 models
963,556,354,FALSE,From model_part_matrix | Tempered Glass shared across 22 models
964,231,354,FALSE,From model_part_matrix | Tempered Glass shared across 22 models
965,670,354,FALSE,From model_part_matrix | Tempered Glass shared across 22 models
966,706,354,FALSE,From model_part_matrix | Tempered Glass shared across 22 models
967,162,354,FALSE,From model_part_matrix | Tempered Glass shared across 22 models
968,157,354,FALSE,From model_part_matrix | Tempered Glass shared across 22 models
969,546,354,FALSE,From model_part_matrix | Tempered Glass shared across 22 models
970,548,354,FALSE,From model_part_matrix | Tempered Glass shared across 22 models
971,887,354,FALSE,From model_part_matrix | Tempered Glass shared across 22 models
972,229,354,FALSE,From model_part_matrix | Tempered Glass shared across 22 models
973,885,354,FALSE,From model_part_matrix | Tempered Glass shared across 22 models
974,472,354,FALSE,From model_part_matrix | Tempered Glass shared across 22 models
975,473,354,FALSE,From model_part_matrix | Tempered Glass shared across 22 models
976,306,355,FALSE,From model_part_matrix | Tempered Glass shared across 13 models
977,419,355,FALSE,From model_part_matrix | Tempered Glass shared across 13 models
978,435,355,FALSE,From model_part_matrix | Tempered Glass shared across 13 models
979,422,355,FALSE,From model_part_matrix | Tempered Glass shared across 13 models
980,469,355,FALSE,From model_part_matrix | Tempered Glass shared across 13 models
981,629,355,FALSE,From model_part_matrix | Tempered Glass shared across 13 models
982,620,355,FALSE,From model_part_matrix | Tempered Glass shared across 13 models
983,510,355,FALSE,From model_part_matrix | Tempered Glass shared across 13 models
984,512,355,FALSE,From model_part_matrix | Tempered Glass shared across 13 models
985,515,355,FALSE,From model_part_matrix | Tempered Glass shared across 13 models
986,880,355,FALSE,From model_part_matrix | Tempered Glass shared across 13 models
987,849,355,FALSE,From model_part_matrix | Tempered Glass shared across 13 models
988,307,355,FALSE,From model_part_matrix | Tempered Glass shared across 13 models
989,108,356,FALSE,From model_part_matrix | Tempered Glass shared across 9 models
990,913,356,FALSE,From model_part_matrix | Tempered Glass shared across 9 models
991,125,356,FALSE,From model_part_matrix | Tempered Glass shared across 9 models
992,401,356,FALSE,From model_part_matrix | Tempered Glass shared across 9 models
993,621,356,FALSE,From model_part_matrix | Tempered Glass shared across 9 models
994,671,356,FALSE,From model_part_matrix | Tempered Glass shared across 9 models
995,711,356,FALSE,From model_part_matrix | Tempered Glass shared across 9 models
996,641,356,FALSE,From model_part_matrix | Tempered Glass shared across 9 models
997,642,356,FALSE,From model_part_matrix | Tempered Glass shared across 9 models
998,308,357,FALSE,From model_part_matrix | Tempered Glass shared across 35 models
999,525,357,FALSE,From model_part_matrix | Tempered Glass shared across 35 models
1000,529,357,FALSE,From model_part_matrix | Tempered Glass shared across 35 models
1001,539,357,FALSE,From model_part_matrix | Tempered Glass shared across 35 models
1002,545,357,FALSE,From model_part_matrix | Tempered Glass shared across 35 models
1003,532,357,FALSE,From model_part_matrix | Tempered Glass shared across 35 models
1004,533,357,FALSE,From model_part_matrix | Tempered Glass shared across 35 models
1005,536,357,FALSE,From model_part_matrix | Tempered Glass shared across 35 models
1006,535,357,FALSE,From model_part_matrix | Tempered Glass shared across 35 models
1007,538,357,FALSE,From model_part_matrix | Tempered Glass shared across 35 models
1008,616,357,FALSE,From model_part_matrix | Tempered Glass shared across 35 models
1009,519,357,FALSE,From model_part_matrix | Tempered Glass shared across 35 models
1010,610,357,FALSE,From model_part_matrix | Tempered Glass shared across 35 models
1011,611,357,FALSE,From model_part_matrix | Tempered Glass shared across 35 models
1012,612,357,FALSE,From model_part_matrix | Tempered Glass shared across 35 models
1013,624,357,FALSE,From model_part_matrix | Tempered Glass shared across 35 models
1014,622,357,FALSE,From model_part_matrix | Tempered Glass shared across 35 models
1015,623,357,FALSE,From model_part_matrix | Tempered Glass shared across 35 models
1016,423,357,FALSE,From model_part_matrix | Tempered Glass shared across 35 models
1017,425,357,FALSE,From model_part_matrix | Tempered Glass shared across 35 models
1018,433,357,FALSE,From model_part_matrix | Tempered Glass shared across 35 models
1019,323,357,FALSE,From model_part_matrix | Tempered Glass shared across 35 models
1020,343,357,FALSE,From model_part_matrix | Tempered Glass shared across 35 models
1021,344,357,FALSE,From model_part_matrix | Tempered Glass shared across 35 models
1022,346,357,FALSE,From model_part_matrix | Tempered Glass shared across 35 models
1023,358,357,FALSE,From model_part_matrix | Tempered Glass shared across 35 models
1024,360,357,FALSE,From model_part_matrix | Tempered Glass shared across 35 models
1025,362,357,FALSE,From model_part_matrix | Tempered Glass shared across 35 models
1026,364,357,FALSE,From model_part_matrix | Tempered Glass shared across 35 models
1027,379,357,FALSE,From model_part_matrix | Tempered Glass shared across 35 models
1028,388,357,FALSE,From model_part_matrix | Tempered Glass shared across 35 models
1029,398,357,FALSE,From model_part_matrix | Tempered Glass shared across 35 models
1030,449,357,FALSE,From model_part_matrix | Tempered Glass shared across 35 models
1031,587,357,FALSE,From model_part_matrix | Tempered Glass shared across 35 models
1032,314,357,FALSE,From model_part_matrix | Tempered Glass shared across 35 models
1033,309,358,FALSE,From model_part_matrix | Tempered Glass shared across 4 models
1034,772,358,FALSE,From model_part_matrix | Tempered Glass shared across 4 models
1035,882,358,FALSE,From model_part_matrix | Tempered Glass shared across 4 models
1036,883,358,FALSE,From model_part_matrix | Tempered Glass shared across 4 models
1037,310,359,FALSE,From model_part_matrix | Tempered Glass shared across 16 models
1038,457,359,FALSE,From model_part_matrix | Tempered Glass shared across 16 models
1039,450,359,FALSE,From model_part_matrix | Tempered Glass shared across 16 models
1040,451,359,FALSE,From model_part_matrix | Tempered Glass shared across 16 models
1041,452,359,FALSE,From model_part_matrix | Tempered Glass shared across 16 models
1042,455,359,FALSE,From model_part_matrix | Tempered Glass shared across 16 models
1043,572,359,FALSE,From model_part_matrix | Tempered Glass shared across 16 models
1044,573,359,FALSE,From model_part_matrix | Tempered Glass shared across 16 models
1045,574,359,FALSE,From model_part_matrix | Tempered Glass shared across 16 models
1046,577,359,FALSE,From model_part_matrix | Tempered Glass shared across 16 models
1047,575,359,FALSE,From model_part_matrix | Tempered Glass shared across 16 models
1048,608,359,FALSE,From model_part_matrix | Tempered Glass shared across 16 models
1049,312,359,FALSE,From model_part_matrix | Tempered Glass shared across 16 models
1050,311,359,FALSE,From model_part_matrix | Tempered Glass shared across 16 models
1051,432,359,FALSE,From model_part_matrix | Tempered Glass shared across 16 models
1052,420,359,FALSE,From model_part_matrix | Tempered Glass shared across 16 models
1053,313,360,FALSE,From model_part_matrix | Tempered Glass shared across 43 models
1054,405,360,FALSE,From model_part_matrix | Tempered Glass shared across 43 models
1055,409,360,FALSE,From model_part_matrix | Tempered Glass shared across 43 models
1056,406,360,FALSE,From model_part_matrix | Tempered Glass shared across 43 models
1057,408,360,FALSE,From model_part_matrix | Tempered Glass shared across 43 models
1058,411,360,FALSE,From model_part_matrix | Tempered Glass shared across 43 models
1059,412,360,FALSE,From model_part_matrix | Tempered Glass shared across 43 models
1060,378,360,FALSE,From model_part_matrix | Tempered Glass shared across 43 models
1061,393,360,FALSE,From model_part_matrix | Tempered Glass shared across 43 models
1062,394,360,FALSE,From model_part_matrix | Tempered Glass shared across 43 models
1063,396,360,FALSE,From model_part_matrix | Tempered Glass shared across 43 models
1064,397,360,FALSE,From model_part_matrix | Tempered Glass shared across 43 models
1065,524,360,FALSE,From model_part_matrix | Tempered Glass shared across 43 models
1066,625,360,FALSE,From model_part_matrix | Tempered Glass shared across 43 models
1067,615,360,FALSE,From model_part_matrix | Tempered Glass shared across 43 models
1068,606,360,FALSE,From model_part_matrix | Tempered Glass shared across 43 models
1069,526,360,FALSE,From model_part_matrix | Tempered Glass shared across 43 models
1070,528,360,FALSE,From model_part_matrix | Tempered Glass shared across 43 models
1071,537,360,FALSE,From model_part_matrix | Tempered Glass shared across 43 models
1072,531,360,FALSE,From model_part_matrix | Tempered Glass shared across 43 models
1073,465,360,FALSE,From model_part_matrix | Tempered Glass shared across 43 models
1074,466,360,FALSE,From model_part_matrix | Tempered Glass shared across 43 models
1075,460,360,FALSE,From model_part_matrix | Tempered Glass shared across 43 models
1076,461,360,FALSE,From model_part_matrix | Tempered Glass shared across 43 models
1077,463,360,FALSE,From model_part_matrix | Tempered Glass shared across 43 models
1078,464,360,FALSE,From model_part_matrix | Tempered Glass shared across 43 models
1079,462,360,FALSE,From model_part_matrix | Tempered Glass shared across 43 models
1080,459,360,FALSE,From model_part_matrix | Tempered Glass shared across 43 models
1081,458,360,FALSE,From model_part_matrix | Tempered Glass shared across 43 models
1082,453,360,FALSE,From model_part_matrix | Tempered Glass shared across 43 models
1083,446,360,FALSE,From model_part_matrix | Tempered Glass shared across 43 models
1084,456,360,FALSE,From model_part_matrix | Tempered Glass shared across 43 models
1085,454,360,FALSE,From model_part_matrix | Tempered Glass shared across 43 models
1086,448,360,FALSE,From model_part_matrix | Tempered Glass shared across 43 models
1087,447,360,FALSE,From model_part_matrix | Tempered Glass shared across 43 models
1088,444,360,FALSE,From model_part_matrix | Tempered Glass shared across 43 models
1089,445,360,FALSE,From model_part_matrix | Tempered Glass shared across 43 models
1090,438,360,FALSE,From model_part_matrix | Tempered Glass shared across 43 models
1091,389,360,FALSE,From model_part_matrix | Tempered Glass shared across 43 models
1092,404,360,FALSE,From model_part_matrix | Tempered Glass shared across 43 models
1093,421,360,FALSE,From model_part_matrix | Tempered Glass shared across 43 models
1094,588,360,FALSE,From model_part_matrix | Tempered Glass shared across 43 models
1095,540,360,FALSE,From model_part_matrix | Tempered Glass shared across 43 models
1096,322,361,FALSE,From model_part_matrix | Tempered Glass shared across 25 models
1097,836,361,FALSE,From model_part_matrix | Tempered Glass shared across 25 models
1098,634,361,FALSE,From model_part_matrix | Tempered Glass shared across 25 models
1099,635,361,FALSE,From model_part_matrix | Tempered Glass shared across 25 models
1100,699,361,FALSE,From model_part_matrix | Tempered Glass shared across 25 models
1101,695,361,FALSE,From model_part_matrix | Tempered Glass shared across 25 models
1102,118,361,FALSE,From model_part_matrix | Tempered Glass shared across 25 models
1103,373,361,FALSE,From model_part_matrix | Tempered Glass shared across 25 models
1104,122,361,FALSE,From model_part_matrix | Tempered Glass shared across 25 models
1105,324,361,FALSE,From model_part_matrix | Tempered Glass shared across 25 models
1106,326,361,FALSE,From model_part_matrix | Tempered Glass shared across 25 models
1107,835,361,FALSE,From model_part_matrix | Tempered Glass shared across 25 models
1108,837,361,FALSE,From model_part_matrix | Tempered Glass shared across 25 models
1109,838,361,FALSE,From model_part_matrix | Tempered Glass shared across 25 models
1110,839,361,FALSE,From model_part_matrix | Tempered Glass shared across 25 models
1111,840,361,FALSE,From model_part_matrix | Tempered Glass shared across 25 models
1112,841,361,FALSE,From model_part_matrix | Tempered Glass shared across 25 models
1113,842,361,FALSE,From model_part_matrix | Tempered Glass shared across 25 models
1114,793,361,FALSE,From model_part_matrix | Tempered Glass shared across 25 models
1115,183,361,FALSE,From model_part_matrix | Tempered Glass shared across 25 models
1116,763,361,FALSE,From model_part_matrix | Tempered Glass shared across 25 models
1117,845,361,FALSE,From model_part_matrix | Tempered Glass shared across 25 models
1118,846,361,FALSE,From model_part_matrix | Tempered Glass shared across 25 models
1119,511,361,FALSE,From model_part_matrix | Tempered Glass shared across 25 models
1120,513,361,FALSE,From model_part_matrix | Tempered Glass shared across 25 models
1121,325,362,FALSE,From model_part_matrix | Tempered Glass shared across 6 models
1122,348,362,FALSE,From model_part_matrix | Tempered Glass shared across 6 models
1123,352,362,FALSE,From model_part_matrix | Tempered Glass shared across 6 models
1124,509,362,FALSE,From model_part_matrix | Tempered Glass shared across 6 models
1125,541,362,FALSE,From model_part_matrix | Tempered Glass shared across 6 models
1126,400,362,FALSE,From model_part_matrix | Tempered Glass shared across 6 models
1127,376,363,FALSE,From model_part_matrix | Tempered Glass shared across 32 models
1128,669,363,FALSE,From model_part_matrix | Tempered Glass shared across 32 models
1129,708,363,FALSE,From model_part_matrix | Tempered Glass shared across 32 models
1130,639,363,FALSE,From model_part_matrix | Tempered Glass shared across 32 models
1131,646,363,FALSE,From model_part_matrix | Tempered Glass shared across 32 models
1132,645,363,FALSE,From model_part_matrix | Tempered Glass shared across 32 models
1133,705,363,FALSE,From model_part_matrix | Tempered Glass shared across 32 models
1134,165,363,FALSE,From model_part_matrix | Tempered Glass shared across 32 models
1135,780,363,FALSE,From model_part_matrix | Tempered Glass shared across 32 models
1136,781,363,FALSE,From model_part_matrix | Tempered Glass shared across 32 models
1137,782,363,FALSE,From model_part_matrix | Tempered Glass shared across 32 models
1138,756,363,FALSE,From model_part_matrix | Tempered Glass shared across 32 models
1139,750,363,FALSE,From model_part_matrix | Tempered Glass shared across 32 models
1140,848,363,FALSE,From model_part_matrix | Tempered Glass shared across 32 models
1141,764,363,FALSE,From model_part_matrix | Tempered Glass shared across 32 models
1142,765,363,FALSE,From model_part_matrix | Tempered Glass shared across 32 models
1143,766,363,FALSE,From model_part_matrix | Tempered Glass shared across 32 models
1144,767,363,FALSE,From model_part_matrix | Tempered Glass shared across 32 models
1145,768,363,FALSE,From model_part_matrix | Tempered Glass shared across 32 models
1146,769,363,FALSE,From model_part_matrix | Tempered Glass shared across 32 models
1147,751,363,FALSE,From model_part_matrix | Tempered Glass shared across 32 models
1148,829,363,FALSE,From model_part_matrix | Tempered Glass shared across 32 models
1149,830,363,FALSE,From model_part_matrix | Tempered Glass shared across 32 models
1150,831,363,FALSE,From model_part_matrix | Tempered Glass shared across 32 models
1151,828,363,FALSE,From model_part_matrix | Tempered Glass shared across 32 models
1152,752,363,FALSE,From model_part_matrix | Tempered Glass shared across 32 models
1153,753,363,FALSE,From model_part_matrix | Tempered Glass shared across 32 models
1154,749,363,FALSE,From model_part_matrix | Tempered Glass shared across 32 models
1155,386,363,FALSE,From model_part_matrix | Tempered Glass shared across 32 models
1156,403,363,FALSE,From model_part_matrix | Tempered Glass shared across 32 models
1157,402,363,FALSE,From model_part_matrix | Tempered Glass shared across 32 models
1158,441,363,FALSE,From model_part_matrix | Tempered Glass shared across 32 models
1159,377,364,FALSE,From model_part_matrix | Tempered Glass shared across 34 models
1160,7,364,FALSE,From model_part_matrix | Tempered Glass shared across 34 models
1161,234,364,FALSE,From model_part_matrix | Tempered Glass shared across 34 models
1162,20,364,FALSE,From model_part_matrix | Tempered Glass shared across 34 models
1163,235,364,FALSE,From model_part_matrix | Tempered Glass shared across 34 models
1164,906,364,FALSE,From model_part_matrix | Tempered Glass shared across 34 models
1165,3,364,FALSE,From model_part_matrix | Tempered Glass shared across 34 models
1166,11,364,FALSE,From model_part_matrix | Tempered Glass shared across 34 models
1167,648,364,FALSE,From model_part_matrix | Tempered Glass shared across 34 models
1168,649,364,FALSE,From model_part_matrix | Tempered Glass shared across 34 models
1169,12,364,FALSE,From model_part_matrix | Tempered Glass shared across 34 models
1170,707,364,FALSE,From model_part_matrix | Tempered Glass shared across 34 models
1171,715,364,FALSE,From model_part_matrix | Tempered Glass shared across 34 models
1172,716,364,FALSE,From model_part_matrix | Tempered Glass shared across 34 models
1173,382,364,FALSE,From model_part_matrix | Tempered Glass shared across 34 models
1174,392,364,FALSE,From model_part_matrix | Tempered Glass shared across 34 models
1175,395,364,FALSE,From model_part_matrix | Tempered Glass shared across 34 models
1176,407,364,FALSE,From model_part_matrix | Tempered Glass shared across 34 models
1177,410,364,FALSE,From model_part_matrix | Tempered Glass shared across 34 models
1178,413,364,FALSE,From model_part_matrix | Tempered Glass shared across 34 models
1179,442,364,FALSE,From model_part_matrix | Tempered Glass shared across 34 models
1180,443,364,FALSE,From model_part_matrix | Tempered Glass shared across 34 models
1181,468,364,FALSE,From model_part_matrix | Tempered Glass shared across 34 models
1182,467,364,FALSE,From model_part_matrix | Tempered Glass shared across 34 models
1183,28,364,FALSE,From model_part_matrix | Tempered Glass shared across 34 models
1184,495,364,FALSE,From model_part_matrix | Tempered Glass shared across 34 models
1185,30,364,FALSE,From model_part_matrix | Tempered Glass shared across 34 models
1186,499,364,FALSE,From model_part_matrix | Tempered Glass shared across 34 models
1187,614,364,FALSE,From model_part_matrix | Tempered Glass shared across 34 models
1188,627,364,FALSE,From model_part_matrix | Tempered Glass shared across 34 models
1189,626,364,FALSE,From model_part_matrix | Tempered Glass shared across 34 models
1190,591,364,FALSE,From model_part_matrix | Tempered Glass shared across 34 models
1191,483,364,FALSE,From model_part_matrix | Tempered Glass shared across 34 models
1192,484,364,FALSE,From model_part_matrix | Tempered Glass shared across 34 models
1193,123,365,FALSE,From model_part_matrix | Tempered Glass shared across 18 models
1194,429,365,FALSE,From model_part_matrix | Tempered Glass shared across 18 models
1195,619,365,FALSE,From model_part_matrix | Tempered Glass shared across 18 models
1196,584,365,FALSE,From model_part_matrix | Tempered Glass shared across 18 models
1197,583,365,FALSE,From model_part_matrix | Tempered Glass shared across 18 models
1198,919,365,FALSE,From model_part_matrix | Tempered Glass shared across 18 models
1199,914,365,FALSE,From model_part_matrix | Tempered Glass shared across 18 models
1200,915,365,FALSE,From model_part_matrix | Tempered Glass shared across 18 models
1201,902,365,FALSE,From model_part_matrix | Tempered Glass shared across 18 models
1202,825,365,FALSE,From model_part_matrix | Tempered Glass shared across 18 models
1203,826,365,FALSE,From model_part_matrix | Tempered Glass shared across 18 models
1204,818,365,FALSE,From model_part_matrix | Tempered Glass shared across 18 models
1205,815,365,FALSE,From model_part_matrix | Tempered Glass shared across 18 models
1206,184,365,FALSE,From model_part_matrix | Tempered Glass shared across 18 models
1207,805,365,FALSE,From model_part_matrix | Tempered Glass shared across 18 models
1208,814,365,FALSE,From model_part_matrix | Tempered Glass shared across 18 models
1209,843,365,FALSE,From model_part_matrix | Tempered Glass shared across 18 models
1210,847,365,FALSE,From model_part_matrix | Tempered Glass shared across 18 models
1211,417,366,FALSE,From model_part_matrix | Tempered Glass shared across 6 models
1212,827,366,FALSE,From model_part_matrix | Tempered Glass shared across 6 models
1213,771,366,FALSE,From model_part_matrix | Tempered Glass shared across 6 models
1214,832,366,FALSE,From model_part_matrix | Tempered Glass shared across 6 models
1215,418,366,FALSE,From model_part_matrix | Tempered Glass shared across 6 models
1216,494,366,FALSE,From model_part_matrix | Tempered Glass shared across 6 models
1217,471,367,FALSE,From model_part_matrix | Tempered Glass shared across 12 models
1218,853,367,FALSE,From model_part_matrix | Tempered Glass shared across 12 models
1219,850,367,FALSE,From model_part_matrix | Tempered Glass shared across 12 models
1220,221,367,FALSE,From model_part_matrix | Tempered Glass shared across 12 models
1221,852,367,FALSE,From model_part_matrix | Tempered Glass shared across 12 models
1222,223,367,FALSE,From model_part_matrix | Tempered Glass shared across 12 models
1223,888,367,FALSE,From model_part_matrix | Tempered Glass shared across 12 models
1224,889,367,FALSE,From model_part_matrix | Tempered Glass shared across 12 models
1225,891,367,FALSE,From model_part_matrix | Tempered Glass shared across 12 models
1226,892,367,FALSE,From model_part_matrix | Tempered Glass shared across 12 models
1227,136,367,FALSE,From model_part_matrix | Tempered Glass shared across 12 models
1228,474,367,FALSE,From model_part_matrix | Tempered Glass shared across 12 models
1229,475,368,FALSE,From model_part_matrix | Tempered Glass shared across 8 models
1230,865,368,FALSE,From model_part_matrix | Tempered Glass shared across 8 models
1231,866,368,FALSE,From model_part_matrix | Tempered Glass shared across 8 models
1232,867,368,FALSE,From model_part_matrix | Tempered Glass shared across 8 models
1233,487,368,FALSE,From model_part_matrix | Tempered Glass shared across 8 models
1234,664,368,FALSE,From model_part_matrix | Tempered Glass shared across 8 models
1235,698,368,FALSE,From model_part_matrix | Tempered Glass shared across 8 models
1236,633,368,FALSE,From model_part_matrix | Tempered Glass shared across 8 models
1237,476,369,FALSE,From model_part_matrix | Tempered Glass shared across 8 models
1238,869,369,FALSE,From model_part_matrix | Tempered Glass shared across 8 models
1239,870,369,FALSE,From model_part_matrix | Tempered Glass shared across 8 models
1240,890,369,FALSE,From model_part_matrix | Tempered Glass shared across 8 models
1241,893,369,FALSE,From model_part_matrix | Tempered Glass shared across 8 models
1242,894,369,FALSE,From model_part_matrix | Tempered Glass shared across 8 models
1243,477,369,FALSE,From model_part_matrix | Tempered Glass shared across 8 models
1244,490,369,FALSE,From model_part_matrix | Tempered Glass shared across 8 models
1245,478,370,FALSE,From model_part_matrix | Tempered Glass shared across 3 models
1246,881,370,FALSE,From model_part_matrix | Tempered Glass shared across 3 models
1247,161,370,FALSE,From model_part_matrix | Tempered Glass shared across 3 models
1248,486,371,FALSE,From model_part_matrix | Tempered Glass shared across 10 models
1249,861,371,FALSE,From model_part_matrix | Tempered Glass shared across 10 models
1250,862,371,FALSE,From model_part_matrix | Tempered Glass shared across 10 models
1251,863,371,FALSE,From model_part_matrix | Tempered Glass shared across 10 models
1252,864,371,FALSE,From model_part_matrix | Tempered Glass shared across 10 models
1253,868,371,FALSE,From model_part_matrix | Tempered Glass shared across 10 models
1254,905,371,FALSE,From model_part_matrix | Tempered Glass shared across 10 models
1255,907,371,FALSE,From model_part_matrix | Tempered Glass shared across 10 models
1256,489,371,FALSE,From model_part_matrix | Tempered Glass shared across 10 models
1257,488,371,FALSE,From model_part_matrix | Tempered Glass shared across 10 models
1258,149,372,FALSE,From model_part_matrix | Tempered Glass shared across 2 models
1259,693,372,FALSE,From model_part_matrix | Tempered Glass shared across 2 models
1260,630,373,FALSE,From model_part_matrix | Tempered Glass shared across 2 models
1261,694,373,FALSE,From model_part_matrix | Tempered Glass shared across 2 models
1262,13,374,FALSE,From model_part_matrix | Tempered Glass shared across 4 models
1263,637,374,FALSE,From model_part_matrix | Tempered Glass shared across 4 models
1264,667,374,FALSE,From model_part_matrix | Tempered Glass shared across 4 models
1265,15,374,FALSE,From model_part_matrix | Tempered Glass shared across 4 models
1266,644,375,FALSE,From model_part_matrix | Tempered Glass shared across 3 models
1267,668,375,FALSE,From model_part_matrix | Tempered Glass shared across 3 models
1268,704,375,FALSE,From model_part_matrix | Tempered Glass shared across 3 models
1269,650,376,FALSE,From model_part_matrix | Tempered Glass shared across 5 models
1270,678,376,FALSE,From model_part_matrix | Tempered Glass shared across 5 models
1271,713,376,FALSE,From model_part_matrix | Tempered Glass shared across 5 models
1272,651,376,FALSE,From model_part_matrix | Tempered Glass shared across 5 models
1273,658,376,FALSE,From model_part_matrix | Tempered Glass shared across 5 models
1274,681,377,FALSE,From model_part_matrix | Tempered Glass shared across 10 models
1275,682,377,FALSE,From model_part_matrix | Tempered Glass shared across 10 models
1276,683,377,FALSE,From model_part_matrix | Tempered Glass shared across 10 models
1277,689,377,FALSE,From model_part_matrix | Tempered Glass shared across 10 models
1278,684,377,FALSE,From model_part_matrix | Tempered Glass shared across 10 models
1279,685,377,FALSE,From model_part_matrix | Tempered Glass shared across 10 models
1280,686,377,FALSE,From model_part_matrix | Tempered Glass shared across 10 models
1281,687,377,FALSE,From model_part_matrix | Tempered Glass shared across 10 models
1282,688,377,FALSE,From model_part_matrix | Tempered Glass shared across 10 models
1283,770,377,FALSE,From model_part_matrix | Tempered Glass shared across 10 models
1284,722,378,FALSE,From model_part_matrix | Tempered Glass shared across 8 models
1285,739,378,FALSE,From model_part_matrix | Tempered Glass shared across 8 models
1286,736,378,FALSE,From model_part_matrix | Tempered Glass shared across 8 models
1287,747,378,FALSE,From model_part_matrix | Tempered Glass shared across 8 models
1288,748,378,FALSE,From model_part_matrix | Tempered Glass shared across 8 models
1289,727,378,FALSE,From model_part_matrix | Tempered Glass shared across 8 models
1290,723,378,FALSE,From model_part_matrix | Tempered Glass shared across 8 models
1291,728,378,FALSE,From model_part_matrix | Tempered Glass shared across 8 models
1292,181,379,FALSE,From model_part_matrix | Tempered Glass shared across 10 models
1293,910,379,FALSE,From model_part_matrix | Tempered Glass shared across 10 models
1294,912,379,FALSE,From model_part_matrix | Tempered Glass shared across 10 models
1295,911,379,FALSE,From model_part_matrix | Tempered Glass shared across 10 models
1296,182,379,FALSE,From model_part_matrix | Tempered Glass shared across 10 models
1297,762,379,FALSE,From model_part_matrix | Tempered Glass shared across 10 models
1298,773,379,FALSE,From model_part_matrix | Tempered Glass shared across 10 models
1299,834,379,FALSE,From model_part_matrix | Tempered Glass shared across 10 models
1300,213,379,FALSE,From model_part_matrix | Tempered Glass shared across 10 models
1301,844,379,FALSE,From model_part_matrix | Tempered Glass shared across 10 models
1302,761,380,FALSE,From model_part_matrix | Tempered Glass shared across 6 models
1303,196,380,FALSE,From model_part_matrix | Tempered Glass shared across 6 models
1304,197,380,FALSE,From model_part_matrix | Tempered Glass shared across 6 models
1305,199,380,FALSE,From model_part_matrix | Tempered Glass shared across 6 models
1306,200,380,FALSE,From model_part_matrix | Tempered Glass shared across 6 models
1307,206,380,FALSE,From model_part_matrix | Tempered Glass shared across 6 models
1308,871,381,FALSE,From model_part_matrix | Tempered Glass shared across 3 models
1309,873,381,FALSE,From model_part_matrix | Tempered Glass shared across 3 models
1310,895,381,FALSE,From model_part_matrix | Tempered Glass shared across 3 models
1311,874,382,FALSE,From model_part_matrix | Tempered Glass shared across 3 models
1312,876,382,FALSE,From model_part_matrix | Tempered Glass shared across 3 models
1313,878,382,FALSE,From model_part_matrix | Tempered Glass shared across 3 models
1314,875,383,FALSE,From model_part_matrix | Tempered Glass shared across 2 models
1315,886,383,FALSE,From model_part_matrix | Tempered Glass shared across 2 models
1316,936,384,FALSE,From model_part_matrix | Tempered Glass shared across 32 models
1317,669,384,FALSE,From model_part_matrix | Tempered Glass shared across 32 models
1318,708,384,FALSE,From model_part_matrix | Tempered Glass shared across 32 models
1319,639,384,FALSE,From model_part_matrix | Tempered Glass shared across 32 models
1320,646,384,FALSE,From model_part_matrix | Tempered Glass shared across 32 models
1321,645,384,FALSE,From model_part_matrix | Tempered Glass shared across 32 models
1322,705,384,FALSE,From model_part_matrix | Tempered Glass shared across 32 models
1323,165,384,FALSE,From model_part_matrix | Tempered Glass shared across 32 models
1324,780,384,FALSE,From model_part_matrix | Tempered Glass shared across 32 models
1325,781,384,FALSE,From model_part_matrix | Tempered Glass shared across 32 models
1326,782,384,FALSE,From model_part_matrix | Tempered Glass shared across 32 models
1327,756,384,FALSE,From model_part_matrix | Tempered Glass shared across 32 models
1328,937,384,FALSE,From model_part_matrix | Tempered Glass shared across 32 models
1329,848,384,FALSE,From model_part_matrix | Tempered Glass shared across 32 models
1330,764,384,FALSE,From model_part_matrix | Tempered Glass shared across 32 models
1331,765,384,FALSE,From model_part_matrix | Tempered Glass shared across 32 models
1332,766,384,FALSE,From model_part_matrix | Tempered Glass shared across 32 models
1333,767,384,FALSE,From model_part_matrix | Tempered Glass shared across 32 models
1334,768,384,FALSE,From model_part_matrix | Tempered Glass shared across 32 models
1335,769,384,FALSE,From model_part_matrix | Tempered Glass shared across 32 models
1336,751,384,FALSE,From model_part_matrix | Tempered Glass shared across 32 models
1337,829,384,FALSE,From model_part_matrix | Tempered Glass shared across 32 models
1338,830,384,FALSE,From model_part_matrix | Tempered Glass shared across 32 models
1339,831,384,FALSE,From model_part_matrix | Tempered Glass shared across 32 models
1340,828,384,FALSE,From model_part_matrix | Tempered Glass shared across 32 models
1341,752,384,FALSE,From model_part_matrix | Tempered Glass shared across 32 models
1342,753,384,FALSE,From model_part_matrix | Tempered Glass shared across 32 models
1343,386,384,FALSE,From model_part_matrix | Tempered Glass shared across 32 models
1344,403,384,FALSE,From model_part_matrix | Tempered Glass shared across 32 models
1345,376,384,FALSE,From model_part_matrix | Tempered Glass shared across 32 models
1346,402,384,FALSE,From model_part_matrix | Tempered Glass shared across 32 models
1347,441,384,FALSE,From model_part_matrix | Tempered Glass shared across 32 models
1348,922,385,FALSE,From model_part_matrix | UV Glass shared across 10 models
1349,1072,385,FALSE,From model_part_matrix | UV Glass shared across 10 models
1350,1073,385,FALSE,From model_part_matrix | UV Glass shared across 10 models
1351,1054,385,FALSE,From model_part_matrix | UV Glass shared across 10 models
1352,1055,385,FALSE,From model_part_matrix | UV Glass shared across 10 models
1353,1038,385,FALSE,From model_part_matrix | UV Glass shared across 10 models
1354,1039,385,FALSE,From model_part_matrix | UV Glass shared across 10 models
1355,1041,385,FALSE,From model_part_matrix | UV Glass shared across 10 models
1356,934,385,FALSE,From model_part_matrix | UV Glass shared across 10 models
1357,935,385,FALSE,From model_part_matrix | UV Glass shared across 10 models
1358,923,386,FALSE,From model_part_matrix | UV Glass shared across 9 models
1359,953,386,FALSE,From model_part_matrix | UV Glass shared across 9 models
1360,959,386,FALSE,From model_part_matrix | UV Glass shared across 9 models
1361,960,386,FALSE,From model_part_matrix | UV Glass shared across 9 models
1362,968,386,FALSE,From model_part_matrix | UV Glass shared across 9 models
1363,1011,386,FALSE,From model_part_matrix | UV Glass shared across 9 models
1364,1007,386,FALSE,From model_part_matrix | UV Glass shared across 9 models
1365,1009,386,FALSE,From model_part_matrix | UV Glass shared across 9 models
1366,1010,386,FALSE,From model_part_matrix | UV Glass shared across 9 models
1367,924,387,FALSE,From model_part_matrix | UV Glass shared across 17 models
1368,1065,387,FALSE,From model_part_matrix | UV Glass shared across 17 models
1369,1068,387,FALSE,From model_part_matrix | UV Glass shared across 17 models
1370,1066,387,FALSE,From model_part_matrix | UV Glass shared across 17 models
1371,1027,387,FALSE,From model_part_matrix | UV Glass shared across 17 models
1372,1030,387,FALSE,From model_part_matrix | UV Glass shared across 17 models
1373,1028,387,FALSE,From model_part_matrix | UV Glass shared across 17 models
1374,1044,387,FALSE,From model_part_matrix | UV Glass shared across 17 models
1375,1046,387,FALSE,From model_part_matrix | UV Glass shared across 17 models
1376,926,387,FALSE,From model_part_matrix | UV Glass shared across 17 models
1377,927,387,FALSE,From model_part_matrix | UV Glass shared across 17 models
1378,928,387,FALSE,From model_part_matrix | UV Glass shared across 17 models
1379,925,387,FALSE,From model_part_matrix | UV Glass shared across 17 models
1380,1024,387,FALSE,From model_part_matrix | UV Glass shared across 17 models
1381,1021,387,FALSE,From model_part_matrix | UV Glass shared across 17 models
1382,1022,387,FALSE,From model_part_matrix | UV Glass shared across 17 models
1383,1023,387,FALSE,From model_part_matrix | UV Glass shared across 17 models
1384,929,388,FALSE,From model_part_matrix | UV Glass shared across 24 models
1385,1062,388,FALSE,From model_part_matrix | UV Glass shared across 24 models
1386,1063,388,FALSE,From model_part_matrix | UV Glass shared across 24 models
1387,1064,388,FALSE,From model_part_matrix | UV Glass shared across 24 models
1388,1067,388,FALSE,From model_part_matrix | UV Glass shared across 24 models
1389,1025,388,FALSE,From model_part_matrix | UV Glass shared across 24 models
1390,1026,388,FALSE,From model_part_matrix | UV Glass shared across 24 models
1391,1029,388,FALSE,From model_part_matrix | UV Glass shared across 24 models
1392,1035,388,FALSE,From model_part_matrix | UV Glass shared across 24 models
1393,1042,388,FALSE,From model_part_matrix | UV Glass shared across 24 models
1394,1043,388,FALSE,From model_part_matrix | UV Glass shared across 24 models
1395,188,388,FALSE,From model_part_matrix | UV Glass shared across 24 models
1396,1045,388,FALSE,From model_part_matrix | UV Glass shared across 24 models
1397,1049,388,FALSE,From model_part_matrix | UV Glass shared across 24 models
1398,1051,388,FALSE,From model_part_matrix | UV Glass shared across 24 models
1399,1074,388,FALSE,From model_part_matrix | UV Glass shared across 24 models
1400,780,388,FALSE,From model_part_matrix | UV Glass shared across 24 models
1401,1069,388,FALSE,From model_part_matrix | UV Glass shared across 24 models
1402,1070,388,FALSE,From model_part_matrix | UV Glass shared across 24 models
1403,1071,388,FALSE,From model_part_matrix | UV Glass shared across 24 models
1404,932,388,FALSE,From model_part_matrix | UV Glass shared across 24 models
1405,933,388,FALSE,From model_part_matrix | UV Glass shared across 24 models
1406,930,388,FALSE,From model_part_matrix | UV Glass shared across 24 models
1407,931,388,FALSE,From model_part_matrix | UV Glass shared across 24 models
1408,938,389,FALSE,From model_part_matrix | UV Glass shared across 4 models
1409,939,389,FALSE,From model_part_matrix | UV Glass shared across 4 models
1410,1036,389,FALSE,From model_part_matrix | UV Glass shared across 4 models
1411,1053,389,FALSE,From model_part_matrix | UV Glass shared across 4 models
1412,940,390,FALSE,From model_part_matrix | UV Glass shared across 2 models
1413,941,390,FALSE,From model_part_matrix | UV Glass shared across 2 models
1414,942,391,FALSE,From model_part_matrix | UV Glass shared across 4 models
1415,944,391,FALSE,From model_part_matrix | UV Glass shared across 4 models
1416,945,391,FALSE,From model_part_matrix | UV Glass shared across 4 models
1417,950,391,FALSE,From model_part_matrix | UV Glass shared across 4 models
1418,943,392,FALSE,From model_part_matrix | UV Glass shared across 3 models
1419,948,392,FALSE,From model_part_matrix | UV Glass shared across 3 models
1420,949,392,FALSE,From model_part_matrix | UV Glass shared across 3 models
1421,946,393,FALSE,From model_part_matrix | UV Glass shared across 2 models
1422,947,393,FALSE,From model_part_matrix | UV Glass shared across 2 models
1423,951,394,FALSE,From model_part_matrix | UV Glass shared across 5 models
1424,952,394,FALSE,From model_part_matrix | UV Glass shared across 5 models
1425,984,394,FALSE,From model_part_matrix | UV Glass shared across 5 models
1426,956,394,FALSE,From model_part_matrix | UV Glass shared across 5 models
1427,1008,394,FALSE,From model_part_matrix | UV Glass shared across 5 models
1428,41,395,FALSE,From model_part_matrix | UV Glass shared across 11 models
1429,957,395,FALSE,From model_part_matrix | UV Glass shared across 11 models
1430,958,395,FALSE,From model_part_matrix | UV Glass shared across 11 models
1431,967,395,FALSE,From model_part_matrix | UV Glass shared across 11 models
1432,969,395,FALSE,From model_part_matrix | UV Glass shared across 11 models
1433,971,395,FALSE,From model_part_matrix | UV Glass shared across 11 models
1434,973,395,FALSE,From model_part_matrix | UV Glass shared across 11 models
1435,974,395,FALSE,From model_part_matrix | UV Glass shared across 11 models
1436,976,395,FALSE,From model_part_matrix | UV Glass shared across 11 models
1437,340,395,FALSE,From model_part_matrix | UV Glass shared across 11 models
1438,964,395,FALSE,From model_part_matrix | UV Glass shared across 11 models
1439,954,396,FALSE,From model_part_matrix | UV Glass shared across 2 models
1440,1061,396,FALSE,From model_part_matrix | UV Glass shared across 2 models
1441,955,397,FALSE,From model_part_matrix | UV Glass shared across 4 models
1442,980,397,FALSE,From model_part_matrix | UV Glass shared across 4 models
1443,981,397,FALSE,From model_part_matrix | UV Glass shared across 4 models
1444,966,397,FALSE,From model_part_matrix | UV Glass shared across 4 models
1445,961,398,FALSE,From model_part_matrix | UV Glass shared across 7 models
1446,996,398,FALSE,From model_part_matrix | UV Glass shared across 7 models
1447,998,398,FALSE,From model_part_matrix | UV Glass shared across 7 models
1448,1015,398,FALSE,From model_part_matrix | UV Glass shared across 7 models
1449,986,398,FALSE,From model_part_matrix | UV Glass shared across 7 models
1450,988,398,FALSE,From model_part_matrix | UV Glass shared across 7 models
1451,963,398,FALSE,From model_part_matrix | UV Glass shared across 7 models
1452,962,399,FALSE,From model_part_matrix | UV Glass shared across 16 models
1453,991,399,FALSE,From model_part_matrix | UV Glass shared across 16 models
1454,993,399,FALSE,From model_part_matrix | UV Glass shared across 16 models
1455,995,399,FALSE,From model_part_matrix | UV Glass shared across 16 models
1456,997,399,FALSE,From model_part_matrix | UV Glass shared across 16 models
1457,999,399,FALSE,From model_part_matrix | UV Glass shared across 16 models
1458,1016,399,FALSE,From model_part_matrix | UV Glass shared across 16 models
1459,965,399,FALSE,From model_part_matrix | UV Glass shared across 16 models
1460,975,399,FALSE,From model_part_matrix | UV Glass shared across 16 models
1461,970,399,FALSE,From model_part_matrix | UV Glass shared across 16 models
1462,972,399,FALSE,From model_part_matrix | UV Glass shared across 16 models
1463,977,399,FALSE,From model_part_matrix | UV Glass shared across 16 models
1464,985,399,FALSE,From model_part_matrix | UV Glass shared across 16 models
1465,1013,399,FALSE,From model_part_matrix | UV Glass shared across 16 models
1466,987,399,FALSE,From model_part_matrix | UV Glass shared across 16 models
1467,989,399,FALSE,From model_part_matrix | UV Glass shared across 16 models
1468,978,400,FALSE,From model_part_matrix | UV Glass shared across 2 models
1469,1017,400,FALSE,From model_part_matrix | UV Glass shared across 2 models
1470,979,401,FALSE,From model_part_matrix | UV Glass shared across 5 models
1471,1004,401,FALSE,From model_part_matrix | UV Glass shared across 5 models
1472,1018,401,FALSE,From model_part_matrix | UV Glass shared across 5 models
1473,1019,401,FALSE,From model_part_matrix | UV Glass shared across 5 models
1474,1056,401,FALSE,From model_part_matrix | UV Glass shared across 5 models
1475,982,402,FALSE,From model_part_matrix | UV Glass shared across 2 models
1476,983,402,FALSE,From model_part_matrix | UV Glass shared across 2 models
1477,990,403,FALSE,From model_part_matrix | UV Glass shared across 5 models
1478,992,403,FALSE,From model_part_matrix | UV Glass shared across 5 models
1479,994,403,FALSE,From model_part_matrix | UV Glass shared across 5 models
1480,1012,403,FALSE,From model_part_matrix | UV Glass shared across 5 models
1481,1003,403,FALSE,From model_part_matrix | UV Glass shared across 5 models
1482,1000,404,FALSE,From model_part_matrix | UV Glass shared across 2 models
1483,1001,404,FALSE,From model_part_matrix | UV Glass shared across 2 models
1484,1002,405,FALSE,From model_part_matrix | UV Glass shared across 2 models
1485,1014,405,FALSE,From model_part_matrix | UV Glass shared across 2 models
1486,1005,406,FALSE,From model_part_matrix | UV Glass shared across 3 models
1487,1006,406,FALSE,From model_part_matrix | UV Glass shared across 3 models
1488,1020,406,FALSE,From model_part_matrix | UV Glass shared across 3 models
1489,1031,407,FALSE,From model_part_matrix | UV Glass shared across 8 models
1490,1057,407,FALSE,From model_part_matrix | UV Glass shared across 8 models
1491,1058,407,FALSE,From model_part_matrix | UV Glass shared across 8 models
1492,1059,407,FALSE,From model_part_matrix | UV Glass shared across 8 models
1493,1032,407,FALSE,From model_part_matrix | UV Glass shared across 8 models
1494,1047,407,FALSE,From model_part_matrix | UV Glass shared across 8 models
1495,1048,407,FALSE,From model_part_matrix | UV Glass shared across 8 models
1496,1037,407,FALSE,From model_part_matrix | UV Glass shared across 8 models
1497,1033,408,FALSE,From model_part_matrix | UV Glass shared across 3 models
1498,1050,408,FALSE,From model_part_matrix | UV Glass shared across 3 models
1499,1052,408,FALSE,From model_part_matrix | UV Glass shared across 3 models
1500,1034,409,FALSE,From model_part_matrix | UV Glass shared across 3 models
1501,1060,409,FALSE,From model_part_matrix | UV Glass shared across 3 models
1502,1040,409,FALSE,From model_part_matrix | UV Glass shared across 3 models
1503,66,410,FALSE,From model_part_matrix | OCA Glass shared across 17 models
1504,1795,410,FALSE,From model_part_matrix | OCA Glass shared across 17 models
1505,175,410,FALSE,From model_part_matrix | OCA Glass shared across 17 models
1506,718,410,FALSE,From model_part_matrix | OCA Glass shared across 17 models
1507,67,410,FALSE,From model_part_matrix | OCA Glass shared across 17 models
1508,738,410,FALSE,From model_part_matrix | OCA Glass shared across 17 models
1509,272,410,FALSE,From model_part_matrix | OCA Glass shared across 17 models
1510,283,410,FALSE,From model_part_matrix | OCA Glass shared across 17 models
1511,1215,410,FALSE,From model_part_matrix | OCA Glass shared across 17 models
1512,1674,410,FALSE,From model_part_matrix | OCA Glass shared across 17 models
1513,1675,410,FALSE,From model_part_matrix | OCA Glass shared across 17 models
1514,1216,410,FALSE,From model_part_matrix | OCA Glass shared across 17 models
1515,1209,410,FALSE,From model_part_matrix | OCA Glass shared across 17 models
1516,1770,410,FALSE,From model_part_matrix | OCA Glass shared across 17 models
1517,1771,410,FALSE,From model_part_matrix | OCA Glass shared across 17 models
1518,1223,410,FALSE,From model_part_matrix | OCA Glass shared across 17 models
1519,1731,410,FALSE,From model_part_matrix | OCA Glass shared across 17 models
1520,1075,411,FALSE,From model_part_matrix | OCA Glass shared across 25 models
1521,1726,411,FALSE,From model_part_matrix | OCA Glass shared across 25 models
1522,1728,411,FALSE,From model_part_matrix | OCA Glass shared across 25 models
1523,1727,411,FALSE,From model_part_matrix | OCA Glass shared across 25 models
1524,740,411,FALSE,From model_part_matrix | OCA Glass shared across 25 models
1525,743,411,FALSE,From model_part_matrix | OCA Glass shared across 25 models
1526,1829,411,FALSE,From model_part_matrix | OCA Glass shared across 25 models
1527,1732,411,FALSE,From model_part_matrix | OCA Glass shared across 25 models
1528,1818,411,FALSE,From model_part_matrix | OCA Glass shared across 25 models
1529,741,411,FALSE,From model_part_matrix | OCA Glass shared across 25 models
1530,1744,411,FALSE,From model_part_matrix | OCA Glass shared across 25 models
1531,1170,411,FALSE,From model_part_matrix | OCA Glass shared across 25 models
1532,1169,411,FALSE,From model_part_matrix | OCA Glass shared across 25 models
1533,742,411,FALSE,From model_part_matrix | OCA Glass shared across 25 models
1534,1166,411,FALSE,From model_part_matrix | OCA Glass shared across 25 models
1535,1168,411,FALSE,From model_part_matrix | OCA Glass shared across 25 models
1536,1167,411,FALSE,From model_part_matrix | OCA Glass shared across 25 models
1537,1311,411,FALSE,From model_part_matrix | OCA Glass shared across 25 models
1538,1312,411,FALSE,From model_part_matrix | OCA Glass shared across 25 models
1539,1314,411,FALSE,From model_part_matrix | OCA Glass shared across 25 models
1540,1285,411,FALSE,From model_part_matrix | OCA Glass shared across 25 models
1541,1287,411,FALSE,From model_part_matrix | OCA Glass shared across 25 models
1542,1302,411,FALSE,From model_part_matrix | OCA Glass shared across 25 models
1543,1119,411,FALSE,From model_part_matrix | OCA Glass shared across 25 models
1544,274,411,FALSE,From model_part_matrix | OCA Glass shared across 25 models
1545,256,412,FALSE,From model_part_matrix | OCA Glass shared across 32 models
1546,270,412,FALSE,From model_part_matrix | OCA Glass shared across 32 models
1547,273,412,FALSE,From model_part_matrix | OCA Glass shared across 32 models
1548,1194,412,FALSE,From model_part_matrix | OCA Glass shared across 32 models
1549,1195,412,FALSE,From model_part_matrix | OCA Glass shared across 32 models
1550,1193,412,FALSE,From model_part_matrix | OCA Glass shared across 32 models
1551,1196,412,FALSE,From model_part_matrix | OCA Glass shared across 32 models
1552,260,412,FALSE,From model_part_matrix | OCA Glass shared across 32 models
1553,730,412,FALSE,From model_part_matrix | OCA Glass shared across 32 models
1554,1772,412,FALSE,From model_part_matrix | OCA Glass shared across 32 models
1555,1288,412,FALSE,From model_part_matrix | OCA Glass shared across 32 models
1556,297,412,FALSE,From model_part_matrix | OCA Glass shared across 32 models
1557,1300,412,FALSE,From model_part_matrix | OCA Glass shared across 32 models
1558,1301,412,FALSE,From model_part_matrix | OCA Glass shared across 32 models
1559,284,412,FALSE,From model_part_matrix | OCA Glass shared across 32 models
1560,1232,412,FALSE,From model_part_matrix | OCA Glass shared across 32 models
1561,1233,412,FALSE,From model_part_matrix | OCA Glass shared across 32 models
1562,1773,412,FALSE,From model_part_matrix | OCA Glass shared across 32 models
1563,1733,412,FALSE,From model_part_matrix | OCA Glass shared across 32 models
1564,257,412,FALSE,From model_part_matrix | OCA Glass shared across 32 models
1565,259,412,FALSE,From model_part_matrix | OCA Glass shared across 32 models
1566,1817,412,FALSE,From model_part_matrix | OCA Glass shared across 32 models
1567,1290,412,FALSE,From model_part_matrix | OCA Glass shared across 32 models
1568,1316,412,FALSE,From model_part_matrix | OCA Glass shared across 32 models
1569,1210,412,FALSE,From model_part_matrix | OCA Glass shared across 32 models
1570,1234,412,FALSE,From model_part_matrix | OCA Glass shared across 32 models
1571,1211,412,FALSE,From model_part_matrix | OCA Glass shared across 32 models
1572,1235,412,FALSE,From model_part_matrix | OCA Glass shared across 32 models
1573,1237,412,FALSE,From model_part_matrix | OCA Glass shared across 32 models
1574,1236,412,FALSE,From model_part_matrix | OCA Glass shared across 32 models
1575,1238,412,FALSE,From model_part_matrix | OCA Glass shared across 32 models
1576,1734,412,FALSE,From model_part_matrix | OCA Glass shared across 32 models
1577,68,413,FALSE,From model_part_matrix | OCA Glass shared across 35 models
1578,1177,413,FALSE,From model_part_matrix | OCA Glass shared across 35 models
1579,1178,413,FALSE,From model_part_matrix | OCA Glass shared across 35 models
1580,261,413,FALSE,From model_part_matrix | OCA Glass shared across 35 models
1581,1077,413,FALSE,From model_part_matrix | OCA Glass shared across 35 models
1582,1789,413,FALSE,From model_part_matrix | OCA Glass shared across 35 models
1583,1640,413,FALSE,From model_part_matrix | OCA Glass shared across 35 models
1584,1641,413,FALSE,From model_part_matrix | OCA Glass shared across 35 models
1585,1171,413,FALSE,From model_part_matrix | OCA Glass shared across 35 models
1586,1752,413,FALSE,From model_part_matrix | OCA Glass shared across 35 models
1587,1824,413,FALSE,From model_part_matrix | OCA Glass shared across 35 models
1588,1751,413,FALSE,From model_part_matrix | OCA Glass shared across 35 models
1589,1747,413,FALSE,From model_part_matrix | OCA Glass shared across 35 models
1590,1748,413,FALSE,From model_part_matrix | OCA Glass shared across 35 models
1591,1746,413,FALSE,From model_part_matrix | OCA Glass shared across 35 models
1592,1822,413,FALSE,From model_part_matrix | OCA Glass shared across 35 models
1593,1821,413,FALSE,From model_part_matrix | OCA Glass shared across 35 models
1594,1736,413,FALSE,From model_part_matrix | OCA Glass shared across 35 models
1595,1635,413,FALSE,From model_part_matrix | OCA Glass shared across 35 models
1596,1787,413,FALSE,From model_part_matrix | OCA Glass shared across 35 models
1597,1639,413,FALSE,From model_part_matrix | OCA Glass shared across 35 models
1598,1737,413,FALSE,From model_part_matrix | OCA Glass shared across 35 models
1599,1741,413,FALSE,From model_part_matrix | OCA Glass shared across 35 models
1600,1788,413,FALSE,From model_part_matrix | OCA Glass shared across 35 models
1601,1636,413,FALSE,From model_part_matrix | OCA Glass shared across 35 models
1602,1637,413,FALSE,From model_part_matrix | OCA Glass shared across 35 models
1603,1638,413,FALSE,From model_part_matrix | OCA Glass shared across 35 models
1604,744,413,FALSE,From model_part_matrix | OCA Glass shared across 35 models
1605,1745,413,FALSE,From model_part_matrix | OCA Glass shared across 35 models
1606,1275,413,FALSE,From model_part_matrix | OCA Glass shared across 35 models
1607,82,413,FALSE,From model_part_matrix | OCA Glass shared across 35 models
1608,1304,413,FALSE,From model_part_matrix | OCA Glass shared across 35 models
1609,1274,413,FALSE,From model_part_matrix | OCA Glass shared across 35 models
1610,1271,413,FALSE,From model_part_matrix | OCA Glass shared across 35 models
1611,1145,413,FALSE,From model_part_matrix | OCA Glass shared across 35 models
1612,1076,414,FALSE,From model_part_matrix | OCA Glass shared across 2 models
1613,1190,414,FALSE,From model_part_matrix | OCA Glass shared across 2 models
1614,69,415,FALSE,From model_part_matrix | OCA Glass shared across 21 models
1615,1214,415,FALSE,From model_part_matrix | OCA Glass shared across 21 models
1616,1079,415,FALSE,From model_part_matrix | OCA Glass shared across 21 models
1617,1819,415,FALSE,From model_part_matrix | OCA Glass shared across 21 models
1618,1749,415,FALSE,From model_part_matrix | OCA Glass shared across 21 models
1619,1201,415,FALSE,From model_part_matrix | OCA Glass shared across 21 models
1620,1655,415,FALSE,From model_part_matrix | OCA Glass shared across 21 models
1621,1681,415,FALSE,From model_part_matrix | OCA Glass shared across 21 models
1622,1774,415,FALSE,From model_part_matrix | OCA Glass shared across 21 models
1623,1804,415,FALSE,From model_part_matrix | OCA Glass shared across 21 models
1624,1246,415,FALSE,From model_part_matrix | OCA Glass shared across 21 models
1625,1202,415,FALSE,From model_part_matrix | OCA Glass shared across 21 models
1626,1200,415,FALSE,From model_part_matrix | OCA Glass shared across 21 models
1627,1656,415,FALSE,From model_part_matrix | OCA Glass shared across 21 models
1628,1683,415,FALSE,From model_part_matrix | OCA Glass shared across 21 models
1629,1659,415,FALSE,From model_part_matrix | OCA Glass shared across 21 models
1630,1684,415,FALSE,From model_part_matrix | OCA Glass shared across 21 models
1631,1247,415,FALSE,From model_part_matrix | OCA Glass shared across 21 models
1632,1203,415,FALSE,From model_part_matrix | OCA Glass shared across 21 models
1633,1657,415,FALSE,From model_part_matrix | OCA Glass shared across 21 models
1634,1685,415,FALSE,From model_part_matrix | OCA Glass shared across 21 models
1635,70,416,FALSE,From model_part_matrix | OCA Glass shared across 17 models
1636,271,416,FALSE,From model_part_matrix | OCA Glass shared across 17 models
1637,264,416,FALSE,From model_part_matrix | OCA Glass shared across 17 models
1638,265,416,FALSE,From model_part_matrix | OCA Glass shared across 17 models
1639,731,416,FALSE,From model_part_matrix | OCA Glass shared across 17 models
1640,1292,416,FALSE,From model_part_matrix | OCA Glass shared across 17 models
1641,1205,416,FALSE,From model_part_matrix | OCA Glass shared across 17 models
1642,1206,416,FALSE,From model_part_matrix | OCA Glass shared across 17 models
1643,1204,416,FALSE,From model_part_matrix | OCA Glass shared across 17 models
1644,1207,416,FALSE,From model_part_matrix | OCA Glass shared across 17 models
1645,1208,416,FALSE,From model_part_matrix | OCA Glass shared across 17 models
1646,1212,416,FALSE,From model_part_matrix | OCA Glass shared across 17 models
1647,1213,416,FALSE,From model_part_matrix | OCA Glass shared across 17 models
1648,1778,416,FALSE,From model_part_matrix | OCA Glass shared across 17 models
1649,1779,416,FALSE,From model_part_matrix | OCA Glass shared across 17 models
1650,729,416,FALSE,From model_part_matrix | OCA Glass shared across 17 models
1651,1780,416,FALSE,From model_part_matrix | OCA Glass shared across 17 models
1652,263,417,FALSE,From model_part_matrix | OCA Glass shared across 62 models
1653,1276,417,FALSE,From model_part_matrix | OCA Glass shared across 62 models
1654,1277,417,FALSE,From model_part_matrix | OCA Glass shared across 62 models
1655,1121,417,FALSE,From model_part_matrix | OCA Glass shared across 62 models
1656,1806,417,FALSE,From model_part_matrix | OCA Glass shared across 62 models
1657,1791,417,FALSE,From model_part_matrix | OCA Glass shared across 62 models
1658,1790,417,FALSE,From model_part_matrix | OCA Glass shared across 62 models
1659,732,417,FALSE,From model_part_matrix | OCA Glass shared across 62 models
1660,1291,417,FALSE,From model_part_matrix | OCA Glass shared across 62 models
1661,745,417,FALSE,From model_part_matrix | OCA Glass shared across 62 models
1662,1807,417,FALSE,From model_part_matrix | OCA Glass shared across 62 models
1663,1122,417,FALSE,From model_part_matrix | OCA Glass shared across 62 models
1664,1149,417,FALSE,From model_part_matrix | OCA Glass shared across 62 models
1665,1179,417,FALSE,From model_part_matrix | OCA Glass shared across 62 models
1666,1642,417,FALSE,From model_part_matrix | OCA Glass shared across 62 models
1667,1148,417,FALSE,From model_part_matrix | OCA Glass shared across 62 models
1668,1147,417,FALSE,From model_part_matrix | OCA Glass shared across 62 models
1669,1755,417,FALSE,From model_part_matrix | OCA Glass shared across 62 models
1670,1754,417,FALSE,From model_part_matrix | OCA Glass shared across 62 models
1671,1753,417,FALSE,From model_part_matrix | OCA Glass shared across 62 models
1672,1643,417,FALSE,From model_part_matrix | OCA Glass shared across 62 models
1673,1644,417,FALSE,From model_part_matrix | OCA Glass shared across 62 models
1674,1645,417,FALSE,From model_part_matrix | OCA Glass shared across 62 models
1675,1646,417,FALSE,From model_part_matrix | OCA Glass shared across 62 models
1676,1298,417,FALSE,From model_part_matrix | OCA Glass shared across 62 models
1677,1757,417,FALSE,From model_part_matrix | OCA Glass shared across 62 models
1678,1180,417,FALSE,From model_part_matrix | OCA Glass shared across 62 models
1679,1282,417,FALSE,From model_part_matrix | OCA Glass shared across 62 models
1680,1272,417,FALSE,From model_part_matrix | OCA Glass shared across 62 models
1681,1307,417,FALSE,From model_part_matrix | OCA Glass shared across 62 models
1682,1267,417,FALSE,From model_part_matrix | OCA Glass shared across 62 models
1683,1294,417,FALSE,From model_part_matrix | OCA Glass shared across 62 models
1684,266,417,FALSE,From model_part_matrix | OCA Glass shared across 62 models
1685,2033,417,FALSE,From model_part_matrix | OCA Glass shared across 62 models
1686,2034,417,FALSE,From model_part_matrix | OCA Glass shared across 62 models
1687,1268,417,FALSE,From model_part_matrix | OCA Glass shared across 62 models
1688,1273,417,FALSE,From model_part_matrix | OCA Glass shared across 62 models
1689,1280,417,FALSE,From model_part_matrix | OCA Glass shared across 62 models
1690,1279,417,FALSE,From model_part_matrix | OCA Glass shared across 62 models
1691,1120,417,FALSE,From model_part_matrix | OCA Glass shared across 62 models
1692,1126,417,FALSE,From model_part_matrix | OCA Glass shared across 62 models
1693,1080,417,FALSE,From model_part_matrix | OCA Glass shared across 62 models
1694,1142,417,FALSE,From model_part_matrix | OCA Glass shared across 62 models
1695,1146,417,FALSE,From model_part_matrix | OCA Glass shared across 62 models
1696,1174,417,FALSE,From model_part_matrix | OCA Glass shared across 62 models
1697,1315,417,FALSE,From model_part_matrix | OCA Glass shared across 62 models
1698,1309,417,FALSE,From model_part_matrix | OCA Glass shared across 62 models
1699,1823,417,FALSE,From model_part_matrix | OCA Glass shared across 62 models
1700,1305,417,FALSE,From model_part_matrix | OCA Glass shared across 62 models
1701,1820,417,FALSE,From model_part_matrix | OCA Glass shared across 62 models
1702,1825,417,FALSE,From model_part_matrix | OCA Glass shared across 62 models
1703,1317,417,FALSE,From model_part_matrix | OCA Glass shared across 62 models
1704,1289,417,FALSE,From model_part_matrix | OCA Glass shared across 62 models
1705,1742,417,FALSE,From model_part_matrix | OCA Glass shared across 62 models
1706,1738,417,FALSE,From model_part_matrix | OCA Glass shared across 62 models
1707,1739,417,FALSE,From model_part_matrix | OCA Glass shared across 62 models
1708,1750,417,FALSE,From model_part_matrix | OCA Glass shared across 62 models
1709,1740,417,FALSE,From model_part_matrix | OCA Glass shared across 62 models
1710,1743,417,FALSE,From model_part_matrix | OCA Glass shared across 62 models
1711,1144,417,FALSE,From model_part_matrix | OCA Glass shared across 62 models
1712,1143,417,FALSE,From model_part_matrix | OCA Glass shared across 62 models
1713,1141,417,FALSE,From model_part_matrix | OCA Glass shared across 62 models
1714,1078,418,FALSE,From model_part_matrix | OCA Glass shared across 3 models
1715,1175,418,FALSE,From model_part_matrix | OCA Glass shared across 3 models
1716,1176,418,FALSE,From model_part_matrix | OCA Glass shared across 3 models
1717,1081,419,FALSE,From model_part_matrix | OCA Glass shared across 23 models
1718,1217,419,FALSE,From model_part_matrix | OCA Glass shared across 23 models
1719,1219,419,FALSE,From model_part_matrix | OCA Glass shared across 23 models
1720,1222,419,FALSE,From model_part_matrix | OCA Glass shared across 23 models
1721,1184,419,FALSE,From model_part_matrix | OCA Glass shared across 23 models
1722,1221,419,FALSE,From model_part_matrix | OCA Glass shared across 23 models
1723,1218,419,FALSE,From model_part_matrix | OCA Glass shared across 23 models
1724,1220,419,FALSE,From model_part_matrix | OCA Glass shared across 23 models
1725,1783,419,FALSE,From model_part_matrix | OCA Glass shared across 23 models
1726,1782,419,FALSE,From model_part_matrix | OCA Glass shared across 23 models
1727,1799,419,FALSE,From model_part_matrix | OCA Glass shared across 23 models
1728,1082,419,FALSE,From model_part_matrix | OCA Glass shared across 23 models
1729,1759,419,FALSE,From model_part_matrix | OCA Glass shared across 23 models
1730,1756,419,FALSE,From model_part_matrix | OCA Glass shared across 23 models
1731,1761,419,FALSE,From model_part_matrix | OCA Glass shared across 23 models
1732,1809,419,FALSE,From model_part_matrix | OCA Glass shared across 23 models
1733,1768,419,FALSE,From model_part_matrix | OCA Glass shared across 23 models
1734,1798,419,FALSE,From model_part_matrix | OCA Glass shared across 23 models
1735,1808,419,FALSE,From model_part_matrix | OCA Glass shared across 23 models
1736,1101,419,FALSE,From model_part_matrix | OCA Glass shared across 23 models
1737,1083,419,FALSE,From model_part_matrix | OCA Glass shared across 23 models
1738,1781,419,FALSE,From model_part_matrix | OCA Glass shared across 23 models
1739,1107,419,FALSE,From model_part_matrix | OCA Glass shared across 23 models
1740,267,420,FALSE,From model_part_matrix | OCA Glass shared across 23 models
1741,282,420,FALSE,From model_part_matrix | OCA Glass shared across 23 models
1742,1152,420,FALSE,From model_part_matrix | OCA Glass shared across 23 models
1743,1153,420,FALSE,From model_part_matrix | OCA Glass shared across 23 models
1744,276,420,FALSE,From model_part_matrix | OCA Glass shared across 23 models
1745,746,420,FALSE,From model_part_matrix | OCA Glass shared across 23 models
1746,277,420,FALSE,From model_part_matrix | OCA Glass shared across 23 models
1747,733,420,FALSE,From model_part_matrix | OCA Glass shared across 23 models
1748,734,420,FALSE,From model_part_matrix | OCA Glass shared across 23 models
1749,726,420,FALSE,From model_part_matrix | OCA Glass shared across 23 models
1750,1293,420,FALSE,From model_part_matrix | OCA Glass shared across 23 models
1751,1295,420,FALSE,From model_part_matrix | OCA Glass shared across 23 models
1752,1296,420,FALSE,From model_part_matrix | OCA Glass shared across 23 models
1753,1278,420,FALSE,From model_part_matrix | OCA Glass shared across 23 models
1754,1308,420,FALSE,From model_part_matrix | OCA Glass shared across 23 models
1755,1306,420,FALSE,From model_part_matrix | OCA Glass shared across 23 models
1756,296,420,FALSE,From model_part_matrix | OCA Glass shared across 23 models
1757,295,420,FALSE,From model_part_matrix | OCA Glass shared across 23 models
1758,1650,420,FALSE,From model_part_matrix | OCA Glass shared across 23 models
1759,1758,420,FALSE,From model_part_matrix | OCA Glass shared across 23 models
1760,1647,420,FALSE,From model_part_matrix | OCA Glass shared across 23 models
1761,1648,420,FALSE,From model_part_matrix | OCA Glass shared across 23 models
1762,1649,420,FALSE,From model_part_matrix | OCA Glass shared across 23 models
1763,1084,421,FALSE,From model_part_matrix | OCA Glass shared across 28 models
1764,1186,421,FALSE,From model_part_matrix | OCA Glass shared across 28 models
1765,1085,421,FALSE,From model_part_matrix | OCA Glass shared across 28 models
1766,1156,421,FALSE,From model_part_matrix | OCA Glass shared across 28 models
1767,1123,421,FALSE,From model_part_matrix | OCA Glass shared across 28 models
1768,1158,421,FALSE,From model_part_matrix | OCA Glass shared across 28 models
1769,1826,421,FALSE,From model_part_matrix | OCA Glass shared across 28 models
1770,1762,421,FALSE,From model_part_matrix | OCA Glass shared across 28 models
1771,1811,421,FALSE,From model_part_matrix | OCA Glass shared across 28 models
1772,1765,421,FALSE,From model_part_matrix | OCA Glass shared across 28 models
1773,1297,421,FALSE,From model_part_matrix | OCA Glass shared across 28 models
1774,1299,421,FALSE,From model_part_matrix | OCA Glass shared across 28 models
1775,1812,421,FALSE,From model_part_matrix | OCA Glass shared across 28 models
1776,1764,421,FALSE,From model_part_matrix | OCA Glass shared across 28 models
1777,1283,421,FALSE,From model_part_matrix | OCA Glass shared across 28 models
1778,1281,421,FALSE,From model_part_matrix | OCA Glass shared across 28 models
1779,1802,421,FALSE,From model_part_matrix | OCA Glass shared across 28 models
1780,1792,421,FALSE,From model_part_matrix | OCA Glass shared across 28 models
1781,1794,421,FALSE,From model_part_matrix | OCA Glass shared across 28 models
1782,1766,421,FALSE,From model_part_matrix | OCA Glass shared across 28 models
1783,1813,421,FALSE,From model_part_matrix | OCA Glass shared across 28 models
1784,1157,421,FALSE,From model_part_matrix | OCA Glass shared across 28 models
1785,1187,421,FALSE,From model_part_matrix | OCA Glass shared across 28 models
1786,1159,421,FALSE,From model_part_matrix | OCA Glass shared across 28 models
1787,1805,421,FALSE,From model_part_matrix | OCA Glass shared across 28 models
1788,1763,421,FALSE,From model_part_matrix | OCA Glass shared across 28 models
1789,1793,421,FALSE,From model_part_matrix | OCA Glass shared across 28 models
1790,1827,421,FALSE,From model_part_matrix | OCA Glass shared across 28 models
1791,925,422,FALSE,From model_part_matrix | OCA Glass shared across 14 models
1792,1103,422,FALSE,From model_part_matrix | OCA Glass shared across 14 models
1793,1224,422,FALSE,From model_part_matrix | OCA Glass shared across 14 models
1794,1104,422,FALSE,From model_part_matrix | OCA Glass shared across 14 models
1795,1226,422,FALSE,From model_part_matrix | OCA Glass shared across 14 models
1796,1105,422,FALSE,From model_part_matrix | OCA Glass shared across 14 models
1797,1227,422,FALSE,From model_part_matrix | OCA Glass shared across 14 models
1798,1106,422,FALSE,From model_part_matrix | OCA Glass shared across 14 models
1799,1225,422,FALSE,From model_part_matrix | OCA Glass shared across 14 models
1800,1024,422,FALSE,From model_part_matrix | OCA Glass shared across 14 models
1801,1760,422,FALSE,From model_part_matrix | OCA Glass shared across 14 models
1802,1245,422,FALSE,From model_part_matrix | OCA Glass shared across 14 models
1803,1229,422,FALSE,From model_part_matrix | OCA Glass shared across 14 models
1804,1231,422,FALSE,From model_part_matrix | OCA Glass shared across 14 models
1805,1086,423,FALSE,From model_part_matrix | OCA Glass shared across 6 models
1806,1112,423,FALSE,From model_part_matrix | OCA Glass shared across 6 models
1807,1113,423,FALSE,From model_part_matrix | OCA Glass shared across 6 models
1808,1115,423,FALSE,From model_part_matrix | OCA Glass shared across 6 models
1809,1114,423,FALSE,From model_part_matrix | OCA Glass shared across 6 models
1810,1116,423,FALSE,From model_part_matrix | OCA Glass shared across 6 models
1811,1087,424,FALSE,From model_part_matrix | OCA Glass shared across 5 models
1812,1188,424,FALSE,From model_part_matrix | OCA Glass shared across 5 models
1813,1828,424,FALSE,From model_part_matrix | OCA Glass shared across 5 models
1814,1767,424,FALSE,From model_part_matrix | OCA Glass shared across 5 models
1815,1816,424,FALSE,From model_part_matrix | OCA Glass shared across 5 models
1816,1088,425,FALSE,From model_part_matrix | OCA Glass shared across 4 models
1817,1131,425,FALSE,From model_part_matrix | OCA Glass shared across 4 models
1818,1132,425,FALSE,From model_part_matrix | OCA Glass shared across 4 models
1819,1094,425,FALSE,From model_part_matrix | OCA Glass shared across 4 models
1820,1089,426,FALSE,From model_part_matrix | OCA Glass shared across 4 models
1821,1133,426,FALSE,From model_part_matrix | OCA Glass shared across 4 models
1822,1134,426,FALSE,From model_part_matrix | OCA Glass shared across 4 models
1823,1090,426,FALSE,From model_part_matrix | OCA Glass shared across 4 models
1824,74,427,FALSE,From model_part_matrix | OCA Glass shared across 14 models
1825,1137,427,FALSE,From model_part_matrix | OCA Glass shared across 14 models
1826,1138,427,FALSE,From model_part_matrix | OCA Glass shared across 14 models
1827,1139,427,FALSE,From model_part_matrix | OCA Glass shared across 14 models
1828,1140,427,FALSE,From model_part_matrix | OCA Glass shared across 14 models
1829,1716,427,FALSE,From model_part_matrix | OCA Glass shared across 14 models
1830,1715,427,FALSE,From model_part_matrix | OCA Glass shared across 14 models
1831,1719,427,FALSE,From model_part_matrix | OCA Glass shared across 14 models
1832,1670,427,FALSE,From model_part_matrix | OCA Glass shared across 14 models
1833,1091,427,FALSE,From model_part_matrix | OCA Glass shared across 14 models
1834,1651,427,FALSE,From model_part_matrix | OCA Glass shared across 14 models
1835,1671,427,FALSE,From model_part_matrix | OCA Glass shared across 14 models
1836,1092,427,FALSE,From model_part_matrix | OCA Glass shared across 14 models
1837,1814,427,FALSE,From model_part_matrix | OCA Glass shared across 14 models
1838,269,428,FALSE,From model_part_matrix | OCA Glass shared across 17 models
1839,1093,428,FALSE,From model_part_matrix | OCA Glass shared across 17 models
1840,1108,428,FALSE,From model_part_matrix | OCA Glass shared across 17 models
1841,1653,428,FALSE,From model_part_matrix | OCA Glass shared across 17 models
1842,717,428,FALSE,From model_part_matrix | OCA Glass shared across 17 models
1843,737,428,FALSE,From model_part_matrix | OCA Glass shared across 17 models
1844,735,428,FALSE,From model_part_matrix | OCA Glass shared across 17 models
1845,1162,428,FALSE,From model_part_matrix | OCA Glass shared across 17 models
1846,1161,428,FALSE,From model_part_matrix | OCA Glass shared across 17 models
1847,1163,428,FALSE,From model_part_matrix | OCA Glass shared across 17 models
1848,1164,428,FALSE,From model_part_matrix | OCA Glass shared across 17 models
1849,1165,428,FALSE,From model_part_matrix | OCA Glass shared across 17 models
1850,1702,428,FALSE,From model_part_matrix | OCA Glass shared across 17 models
1851,1703,428,FALSE,From model_part_matrix | OCA Glass shared across 17 models
1852,1722,428,FALSE,From model_part_matrix | OCA Glass shared across 17 models
1853,1724,428,FALSE,From model_part_matrix | OCA Glass shared across 17 models
1854,1723,428,FALSE,From model_part_matrix | OCA Glass shared across 17 models
1855,75,429,FALSE,From model_part_matrix | OCA Glass shared across 13 models
1856,1241,429,FALSE,From model_part_matrix | OCA Glass shared across 13 models
1857,1796,429,FALSE,From model_part_matrix | OCA Glass shared across 13 models
1858,1800,429,FALSE,From model_part_matrix | OCA Glass shared across 13 models
1859,1797,429,FALSE,From model_part_matrix | OCA Glass shared across 13 models
1860,1775,429,FALSE,From model_part_matrix | OCA Glass shared across 13 models
1861,1776,429,FALSE,From model_part_matrix | OCA Glass shared across 13 models
1862,1777,429,FALSE,From model_part_matrix | OCA Glass shared across 13 models
1863,1244,429,FALSE,From model_part_matrix | OCA Glass shared across 13 models
1864,1243,429,FALSE,From model_part_matrix | OCA Glass shared across 13 models
1865,1096,429,FALSE,From model_part_matrix | OCA Glass shared across 13 models
1866,1097,429,FALSE,From model_part_matrix | OCA Glass shared across 13 models
1867,77,429,FALSE,From model_part_matrix | OCA Glass shared across 13 models
1868,1095,430,FALSE,From model_part_matrix | OCA Glass shared across 2 models
1869,1242,430,FALSE,From model_part_matrix | OCA Glass shared across 2 models
1870,76,431,FALSE,From model_part_matrix | OCA Glass shared across 10 models
1871,1100,431,FALSE,From model_part_matrix | OCA Glass shared across 10 models
1872,1098,431,FALSE,From model_part_matrix | OCA Glass shared across 10 models
1873,1099,431,FALSE,From model_part_matrix | OCA Glass shared across 10 models
1874,1172,431,FALSE,From model_part_matrix | OCA Glass shared across 10 models
1875,1173,431,FALSE,From model_part_matrix | OCA Glass shared across 10 models
1876,1191,431,FALSE,From model_part_matrix | OCA Glass shared across 10 models
1877,1181,431,FALSE,From model_part_matrix | OCA Glass shared across 10 models
1878,1182,431,FALSE,From model_part_matrix | OCA Glass shared across 10 models
1879,1185,431,FALSE,From model_part_matrix | OCA Glass shared across 10 models
1880,1102,432,FALSE,From model_part_matrix | OCA Glass shared across 12 models
1881,1664,432,FALSE,From model_part_matrix | OCA Glass shared across 12 models
1882,1700,432,FALSE,From model_part_matrix | OCA Glass shared across 12 models
1883,1701,432,FALSE,From model_part_matrix | OCA Glass shared across 12 models
1884,1228,432,FALSE,From model_part_matrix | OCA Glass shared across 12 models
1885,1801,432,FALSE,From model_part_matrix | OCA Glass shared across 12 models
1886,1784,432,FALSE,From model_part_matrix | OCA Glass shared across 12 models
1887,1803,432,FALSE,From model_part_matrix | OCA Glass shared across 12 models
1888,1785,432,FALSE,From model_part_matrix | OCA Glass shared across 12 models
1889,169,432,FALSE,From model_part_matrix | OCA Glass shared across 12 models
1890,1698,432,FALSE,From model_part_matrix | OCA Glass shared across 12 models
1891,1699,432,FALSE,From model_part_matrix | OCA Glass shared across 12 models
1892,79,433,FALSE,From model_part_matrix | OCA Glass shared across 3 models
1893,1239,433,FALSE,From model_part_matrix | OCA Glass shared across 3 models
1894,1240,433,FALSE,From model_part_matrix | OCA Glass shared across 3 models
1895,1109,434,FALSE,From model_part_matrix | OCA Glass shared across 4 models
1896,1135,434,FALSE,From model_part_matrix | OCA Glass shared across 4 models
1897,1136,434,FALSE,From model_part_matrix | OCA Glass shared across 4 models
1898,1117,434,FALSE,From model_part_matrix | OCA Glass shared across 4 models
1899,1110,435,FALSE,From model_part_matrix | OCA Glass shared across 6 models
1900,1111,435,FALSE,From model_part_matrix | OCA Glass shared across 6 models
1901,1652,435,FALSE,From model_part_matrix | OCA Glass shared across 6 models
1902,1717,435,FALSE,From model_part_matrix | OCA Glass shared across 6 models
1903,1668,435,FALSE,From model_part_matrix | OCA Glass shared across 6 models
1904,1150,435,FALSE,From model_part_matrix | OCA Glass shared across 6 models
1905,1118,436,FALSE,From model_part_matrix | OCA Glass shared across 6 models
1906,1786,436,FALSE,From model_part_matrix | OCA Glass shared across 6 models
1907,1634,436,FALSE,From model_part_matrix | OCA Glass shared across 6 models
1908,1633,436,FALSE,From model_part_matrix | OCA Glass shared across 6 models
1909,1160,436,FALSE,From model_part_matrix | OCA Glass shared across 6 models
1910,1155,436,FALSE,From model_part_matrix | OCA Glass shared across 6 models
1911,1124,437,FALSE,From model_part_matrix | OCA Glass shared across 4 models
1912,1125,437,FALSE,From model_part_matrix | OCA Glass shared across 4 models
1913,1129,437,FALSE,From model_part_matrix | OCA Glass shared across 4 models
1914,1130,437,FALSE,From model_part_matrix | OCA Glass shared across 4 models
1915,1127,438,FALSE,From model_part_matrix | OCA Glass shared across 2 models
1916,1709,438,FALSE,From model_part_matrix | OCA Glass shared across 2 models
1917,1128,439,FALSE,From model_part_matrix | OCA Glass shared across 3 models
1918,1711,439,FALSE,From model_part_matrix | OCA Glass shared across 3 models
1919,1705,439,FALSE,From model_part_matrix | OCA Glass shared across 3 models
1920,1151,440,FALSE,From model_part_matrix | OCA Glass shared across 5 models
1921,1669,440,FALSE,From model_part_matrix | OCA Glass shared across 5 models
1922,1154,440,FALSE,From model_part_matrix | OCA Glass shared across 5 models
1923,1673,440,FALSE,From model_part_matrix | OCA Glass shared across 5 models
1924,1672,440,FALSE,From model_part_matrix | OCA Glass shared across 5 models
1925,1183,441,FALSE,From model_part_matrix | OCA Glass shared across 12 models
1926,1693,441,FALSE,From model_part_matrix | OCA Glass shared across 12 models
1927,1694,441,FALSE,From model_part_matrix | OCA Glass shared across 12 models
1928,1696,441,FALSE,From model_part_matrix | OCA Glass shared across 12 models
1929,1697,441,FALSE,From model_part_matrix | OCA Glass shared across 12 models
1930,1189,441,FALSE,From model_part_matrix | OCA Glass shared across 12 models
1931,1192,441,FALSE,From model_part_matrix | OCA Glass shared across 12 models
1932,1661,441,FALSE,From model_part_matrix | OCA Glass shared across 12 models
1933,1704,441,FALSE,From model_part_matrix | OCA Glass shared across 12 models
1934,1662,441,FALSE,From model_part_matrix | OCA Glass shared across 12 models
1935,1663,441,FALSE,From model_part_matrix | OCA Glass shared across 12 models
1936,1695,441,FALSE,From model_part_matrix | OCA Glass shared across 12 models
1937,1197,442,FALSE,From model_part_matrix | OCA Glass shared across 4 models
1938,1682,442,FALSE,From model_part_matrix | OCA Glass shared across 4 models
1939,1654,442,FALSE,From model_part_matrix | OCA Glass shared across 4 models
1940,1250,442,FALSE,From model_part_matrix | OCA Glass shared across 4 models
1941,1198,443,FALSE,From model_part_matrix | OCA Glass shared across 4 models
1942,1249,443,FALSE,From model_part_matrix | OCA Glass shared across 4 models
1943,1251,443,FALSE,From model_part_matrix | OCA Glass shared across 4 models
1944,1199,443,FALSE,From model_part_matrix | OCA Glass shared across 4 models
1945,1230,444,FALSE,From model_part_matrix | OCA Glass shared across 3 models
1946,1676,444,FALSE,From model_part_matrix | OCA Glass shared across 3 models
1947,1248,444,FALSE,From model_part_matrix | OCA Glass shared across 3 models
1948,1252,445,FALSE,From model_part_matrix | OCA Glass shared across 2 models
1949,1260,445,FALSE,From model_part_matrix | OCA Glass shared across 2 models
1950,1253,446,FALSE,From model_part_matrix | OCA Glass shared across 4 models
1951,1254,446,FALSE,From model_part_matrix | OCA Glass shared across 4 models
1952,285,446,FALSE,From model_part_matrix | OCA Glass shared across 4 models
1953,1834,446,FALSE,From model_part_matrix | OCA Glass shared across 4 models
1954,1255,447,FALSE,From model_part_matrix | OCA Glass shared across 78 models
1955,202,447,FALSE,From model_part_matrix | OCA Glass shared across 78 models
1956,10,447,FALSE,From model_part_matrix | OCA Glass shared across 78 models
1957,204,447,FALSE,From model_part_matrix | OCA Glass shared across 78 models
1958,1900,447,FALSE,From model_part_matrix | OCA Glass shared across 78 models
1959,799,447,FALSE,From model_part_matrix | OCA Glass shared across 78 models
1960,800,447,FALSE,From model_part_matrix | OCA Glass shared across 78 models
1961,1901,447,FALSE,From model_part_matrix | OCA Glass shared across 78 models
1962,777,447,FALSE,From model_part_matrix | OCA Glass shared across 78 models
1963,36,447,FALSE,From model_part_matrix | OCA Glass shared across 78 models
1964,1911,447,FALSE,From model_part_matrix | OCA Glass shared across 78 models
1965,1889,447,FALSE,From model_part_matrix | OCA Glass shared across 78 models
1966,1890,447,FALSE,From model_part_matrix | OCA Glass shared across 78 models
1967,1918,447,FALSE,From model_part_matrix | OCA Glass shared across 78 models
1968,1919,447,FALSE,From model_part_matrix | OCA Glass shared across 78 models
1969,795,447,FALSE,From model_part_matrix | OCA Glass shared across 78 models
1970,1888,447,FALSE,From model_part_matrix | OCA Glass shared across 78 models
1971,774,447,FALSE,From model_part_matrix | OCA Glass shared across 78 models
1972,35,447,FALSE,From model_part_matrix | OCA Glass shared across 78 models
1973,1891,447,FALSE,From model_part_matrix | OCA Glass shared across 78 models
1974,1903,447,FALSE,From model_part_matrix | OCA Glass shared across 78 models
1975,1902,447,FALSE,From model_part_matrix | OCA Glass shared across 78 models
1976,802,447,FALSE,From model_part_matrix | OCA Glass shared across 78 models
1977,810,447,FALSE,From model_part_matrix | OCA Glass shared across 78 models
1978,1926,447,FALSE,From model_part_matrix | OCA Glass shared across 78 models
1979,1922,447,FALSE,From model_part_matrix | OCA Glass shared across 78 models
1980,1885,447,FALSE,From model_part_matrix | OCA Glass shared across 78 models
1981,1844,447,FALSE,From model_part_matrix | OCA Glass shared across 78 models
1982,822,447,FALSE,From model_part_matrix | OCA Glass shared across 78 models
1983,821,447,FALSE,From model_part_matrix | OCA Glass shared across 78 models
1984,1949,447,FALSE,From model_part_matrix | OCA Glass shared across 78 models
1985,1941,447,FALSE,From model_part_matrix | OCA Glass shared across 78 models
1986,1943,447,FALSE,From model_part_matrix | OCA Glass shared across 78 models
1987,823,447,FALSE,From model_part_matrix | OCA Glass shared across 78 models
1988,1946,447,FALSE,From model_part_matrix | OCA Glass shared across 78 models
1989,754,447,FALSE,From model_part_matrix | OCA Glass shared across 78 models
1990,1263,447,FALSE,From model_part_matrix | OCA Glass shared across 78 models
1991,1264,447,FALSE,From model_part_matrix | OCA Glass shared across 78 models
1992,794,447,FALSE,From model_part_matrix | OCA Glass shared across 78 models
1993,797,447,FALSE,From model_part_matrix | OCA Glass shared across 78 models
1994,203,447,FALSE,From model_part_matrix | OCA Glass shared across 78 models
1995,796,447,FALSE,From model_part_matrix | OCA Glass shared across 78 models
1996,1899,447,FALSE,From model_part_matrix | OCA Glass shared across 78 models
1997,198,447,FALSE,From model_part_matrix | OCA Glass shared across 78 models
1998,1886,447,FALSE,From model_part_matrix | OCA Glass shared across 78 models
1999,1898,447,FALSE,From model_part_matrix | OCA Glass shared across 78 models
2000,1914,447,FALSE,From model_part_matrix | OCA Glass shared across 78 models
2001,1917,447,FALSE,From model_part_matrix | OCA Glass shared across 78 models
2002,1884,447,FALSE,From model_part_matrix | OCA Glass shared across 78 models
2003,1887,447,FALSE,From model_part_matrix | OCA Glass shared across 78 models
2004,786,447,FALSE,From model_part_matrix | OCA Glass shared across 78 models
2005,816,447,FALSE,From model_part_matrix | OCA Glass shared across 78 models
2006,806,447,FALSE,From model_part_matrix | OCA Glass shared across 78 models
2007,829,447,FALSE,From model_part_matrix | OCA Glass shared across 78 models
2008,1942,447,FALSE,From model_part_matrix | OCA Glass shared across 78 models
2009,209,447,FALSE,From model_part_matrix | OCA Glass shared across 78 models
2010,1259,447,FALSE,From model_part_matrix | OCA Glass shared across 78 models
2011,1256,447,FALSE,From model_part_matrix | OCA Glass shared across 78 models
2012,1257,447,FALSE,From model_part_matrix | OCA Glass shared across 78 models
2013,207,447,FALSE,From model_part_matrix | OCA Glass shared across 78 models
2014,1916,447,FALSE,From model_part_matrix | OCA Glass shared across 78 models
2015,1934,447,FALSE,From model_part_matrix | OCA Glass shared across 78 models
2016,1947,447,FALSE,From model_part_matrix | OCA Glass shared across 78 models
2017,1948,447,FALSE,From model_part_matrix | OCA Glass shared across 78 models
2018,755,447,FALSE,From model_part_matrix | OCA Glass shared across 78 models
2019,778,447,FALSE,From model_part_matrix | OCA Glass shared across 78 models
2020,787,447,FALSE,From model_part_matrix | OCA Glass shared across 78 models
2021,1847,447,FALSE,From model_part_matrix | OCA Glass shared across 78 models
2022,1908,447,FALSE,From model_part_matrix | OCA Glass shared across 78 models
2023,788,447,FALSE,From model_part_matrix | OCA Glass shared across 78 models
2024,1892,447,FALSE,From model_part_matrix | OCA Glass shared across 78 models
2025,1893,447,FALSE,From model_part_matrix | OCA Glass shared across 78 models
2026,1266,447,FALSE,From model_part_matrix | OCA Glass shared across 78 models
2027,1907,447,FALSE,From model_part_matrix | OCA Glass shared across 78 models
2028,1882,447,FALSE,From model_part_matrix | OCA Glass shared across 78 models
2029,1931,447,FALSE,From model_part_matrix | OCA Glass shared across 78 models
2030,1940,447,FALSE,From model_part_matrix | OCA Glass shared across 78 models
2031,1929,447,FALSE,From model_part_matrix | OCA Glass shared across 78 models
2032,1258,448,FALSE,From model_part_matrix | OCA Glass shared across 6 models
2033,1849,448,FALSE,From model_part_matrix | OCA Glass shared across 6 models
2034,1848,448,FALSE,From model_part_matrix | OCA Glass shared across 6 models
2035,1935,448,FALSE,From model_part_matrix | OCA Glass shared across 6 models
2036,293,448,FALSE,From model_part_matrix | OCA Glass shared across 6 models
2037,1897,448,FALSE,From model_part_matrix | OCA Glass shared across 6 models
2038,1261,449,FALSE,From model_part_matrix | OCA Glass shared across 5 models
2039,201,449,FALSE,From model_part_matrix | OCA Glass shared across 5 models
2040,1850,449,FALSE,From model_part_matrix | OCA Glass shared across 5 models
2041,1936,449,FALSE,From model_part_matrix | OCA Glass shared across 5 models
2042,1851,449,FALSE,From model_part_matrix | OCA Glass shared across 5 models
2043,1262,450,FALSE,From model_part_matrix | OCA Glass shared across 15 models
2044,764,450,FALSE,From model_part_matrix | OCA Glass shared across 15 models
2045,1860,450,FALSE,From model_part_matrix | OCA Glass shared across 15 models
2046,767,450,FALSE,From model_part_matrix | OCA Glass shared across 15 models
2047,1855,450,FALSE,From model_part_matrix | OCA Glass shared across 15 models
2048,1858,450,FALSE,From model_part_matrix | OCA Glass shared across 15 models
2049,768,450,FALSE,From model_part_matrix | OCA Glass shared across 15 models
2050,1944,450,FALSE,From model_part_matrix | OCA Glass shared across 15 models
2051,1836,450,FALSE,From model_part_matrix | OCA Glass shared across 15 models
2052,1945,450,FALSE,From model_part_matrix | OCA Glass shared across 15 models
2053,766,450,FALSE,From model_part_matrix | OCA Glass shared across 15 models
2054,1938,450,FALSE,From model_part_matrix | OCA Glass shared across 15 models
2055,195,450,FALSE,From model_part_matrix | OCA Glass shared across 15 models
2056,1932,450,FALSE,From model_part_matrix | OCA Glass shared across 15 models
2057,1930,450,FALSE,From model_part_matrix | OCA Glass shared across 15 models
2058,937,451,FALSE,From model_part_matrix | OCA Glass shared across 3 models
2059,1883,451,FALSE,From model_part_matrix | OCA Glass shared across 3 models
2060,756,451,FALSE,From model_part_matrix | OCA Glass shared across 3 models
2061,1265,452,FALSE,From model_part_matrix | OCA Glass shared across 14 models
2062,1864,452,FALSE,From model_part_matrix | OCA Glass shared across 14 models
2063,1025,452,FALSE,From model_part_matrix | OCA Glass shared across 14 models
2064,1074,452,FALSE,From model_part_matrix | OCA Glass shared across 14 models
2065,1867,452,FALSE,From model_part_matrix | OCA Glass shared across 14 models
2066,1070,452,FALSE,From model_part_matrix | OCA Glass shared across 14 models
2067,1843,452,FALSE,From model_part_matrix | OCA Glass shared across 14 models
2068,1865,452,FALSE,From model_part_matrix | OCA Glass shared across 14 models
2069,1868,452,FALSE,From model_part_matrix | OCA Glass shared across 14 models
2070,1951,452,FALSE,From model_part_matrix | OCA Glass shared across 14 models
2071,1870,452,FALSE,From model_part_matrix | OCA Glass shared across 14 models
2072,1913,452,FALSE,From model_part_matrix | OCA Glass shared across 14 models
2073,1026,452,FALSE,From model_part_matrix | OCA Glass shared across 14 models
2074,1029,452,FALSE,From model_part_matrix | OCA Glass shared across 14 models
2075,290,453,FALSE,From model_part_matrix | OCA Glass shared across 8 models
2076,1952,453,FALSE,From model_part_matrix | OCA Glass shared across 8 models
2077,1950,453,FALSE,From model_part_matrix | OCA Glass shared across 8 models
2078,291,453,FALSE,From model_part_matrix | OCA Glass shared across 8 models
2079,292,453,FALSE,From model_part_matrix | OCA Glass shared across 8 models
2080,783,453,FALSE,From model_part_matrix | OCA Glass shared across 8 models
2081,1924,453,FALSE,From model_part_matrix | OCA Glass shared across 8 models
2082,1925,453,FALSE,From model_part_matrix | OCA Glass shared across 8 models
2083,938,454,FALSE,From model_part_matrix | OCA Glass shared across 4 models
2084,1053,454,FALSE,From model_part_matrix | OCA Glass shared across 4 models
2085,1036,454,FALSE,From model_part_matrix | OCA Glass shared across 4 models
2086,939,454,FALSE,From model_part_matrix | OCA Glass shared across 4 models
2087,1269,455,FALSE,From model_part_matrix | OCA Glass shared across 2 models
2088,1270,455,FALSE,From model_part_matrix | OCA Glass shared across 2 models
2089,1284,456,FALSE,From model_part_matrix | OCA Glass shared across 3 models
2090,1303,456,FALSE,From model_part_matrix | OCA Glass shared across 3 models
2091,1313,456,FALSE,From model_part_matrix | OCA Glass shared across 3 models
2092,1286,457,FALSE,From model_part_matrix | OCA Glass shared across 2 models
2093,1310,457,FALSE,From model_part_matrix | OCA Glass shared across 2 models
2094,1318,458,FALSE,From model_part_matrix | OCA Glass shared across 7 models
2095,1327,458,FALSE,From model_part_matrix | OCA Glass shared across 7 models
2096,1337,458,FALSE,From model_part_matrix | OCA Glass shared across 7 models
2097,1346,458,FALSE,From model_part_matrix | OCA Glass shared across 7 models
2098,1338,458,FALSE,From model_part_matrix | OCA Glass shared across 7 models
2099,1345,458,FALSE,From model_part_matrix | OCA Glass shared across 7 models
2100,1320,458,FALSE,From model_part_matrix | OCA Glass shared across 7 models
2101,1319,459,FALSE,From model_part_matrix | OCA Glass shared across 3 models
2102,1354,459,FALSE,From model_part_matrix | OCA Glass shared across 3 models
2103,1355,459,FALSE,From model_part_matrix | OCA Glass shared across 3 models
2104,1321,460,FALSE,From model_part_matrix | OCA Glass shared across 10 models
2105,1322,460,FALSE,From model_part_matrix | OCA Glass shared across 10 models
2106,1323,460,FALSE,From model_part_matrix | OCA Glass shared across 10 models
2107,1343,460,FALSE,From model_part_matrix | OCA Glass shared across 10 models
2108,1344,460,FALSE,From model_part_matrix | OCA Glass shared across 10 models
2109,1334,460,FALSE,From model_part_matrix | OCA Glass shared across 10 models
2110,1336,460,FALSE,From model_part_matrix | OCA Glass shared across 10 models
2111,1335,460,FALSE,From model_part_matrix | OCA Glass shared across 10 models
2112,1331,460,FALSE,From model_part_matrix | OCA Glass shared across 10 models
2113,1332,460,FALSE,From model_part_matrix | OCA Glass shared across 10 models
2114,1324,461,FALSE,From model_part_matrix | OCA Glass shared across 4 models
2115,1339,461,FALSE,From model_part_matrix | OCA Glass shared across 4 models
2116,1326,461,FALSE,From model_part_matrix | OCA Glass shared across 4 models
2117,1328,461,FALSE,From model_part_matrix | OCA Glass shared across 4 models
2118,1325,462,FALSE,From model_part_matrix | OCA Glass shared across 6 models
2119,1340,462,FALSE,From model_part_matrix | OCA Glass shared across 6 models
2120,1329,462,FALSE,From model_part_matrix | OCA Glass shared across 6 models
2121,1330,462,FALSE,From model_part_matrix | OCA Glass shared across 6 models
2122,1333,462,FALSE,From model_part_matrix | OCA Glass shared across 6 models
2123,1347,462,FALSE,From model_part_matrix | OCA Glass shared across 6 models
2124,1341,463,FALSE,From model_part_matrix | OCA Glass shared across 9 models
2125,1356,463,FALSE,From model_part_matrix | OCA Glass shared across 9 models
2126,1348,463,FALSE,From model_part_matrix | OCA Glass shared across 9 models
2127,1351,463,FALSE,From model_part_matrix | OCA Glass shared across 9 models
2128,1353,463,FALSE,From model_part_matrix | OCA Glass shared across 9 models
2129,1350,463,FALSE,From model_part_matrix | OCA Glass shared across 9 models
2130,1352,463,FALSE,From model_part_matrix | OCA Glass shared across 9 models
2131,1349,463,FALSE,From model_part_matrix | OCA Glass shared across 9 models
2132,1342,463,FALSE,From model_part_matrix | OCA Glass shared across 9 models
2133,1357,464,FALSE,From model_part_matrix | OCA Glass shared across 2 models
2134,1358,464,FALSE,From model_part_matrix | OCA Glass shared across 2 models
2135,299,465,FALSE,From model_part_matrix | OCA Glass shared across 4 models
2136,300,465,FALSE,From model_part_matrix | OCA Glass shared across 4 models
2137,302,465,FALSE,From model_part_matrix | OCA Glass shared across 4 models
2138,303,465,FALSE,From model_part_matrix | OCA Glass shared across 4 models
2139,1359,466,FALSE,From model_part_matrix | OCA Glass shared across 2 models
2140,1361,466,FALSE,From model_part_matrix | OCA Glass shared across 2 models
2141,1360,467,FALSE,From model_part_matrix | OCA Glass shared across 3 models
2142,1372,467,FALSE,From model_part_matrix | OCA Glass shared across 3 models
2143,1376,467,FALSE,From model_part_matrix | OCA Glass shared across 3 models
2144,1362,468,FALSE,From model_part_matrix | OCA Glass shared across 3 models
2145,1364,468,FALSE,From model_part_matrix | OCA Glass shared across 3 models
2146,1365,468,FALSE,From model_part_matrix | OCA Glass shared across 3 models
2147,1363,469,FALSE,From model_part_matrix | OCA Glass shared across 3 models
2148,1396,469,FALSE,From model_part_matrix | OCA Glass shared across 3 models
2149,1395,469,FALSE,From model_part_matrix | OCA Glass shared across 3 models
2150,1366,470,FALSE,From model_part_matrix | OCA Glass shared across 2 models
2151,1397,470,FALSE,From model_part_matrix | OCA Glass shared across 2 models
2152,943,471,FALSE,From model_part_matrix | OCA Glass shared across 2 models
2153,948,471,FALSE,From model_part_matrix | OCA Glass shared across 2 models
2154,1367,472,FALSE,From model_part_matrix | OCA Glass shared across 4 models
2155,1371,472,FALSE,From model_part_matrix | OCA Glass shared across 4 models
2156,1374,472,FALSE,From model_part_matrix | OCA Glass shared across 4 models
2157,1368,472,FALSE,From model_part_matrix | OCA Glass shared across 4 models
2158,1369,473,FALSE,From model_part_matrix | OCA Glass shared across 5 models
2159,1380,473,FALSE,From model_part_matrix | OCA Glass shared across 5 models
2160,1377,473,FALSE,From model_part_matrix | OCA Glass shared across 5 models
2161,1383,473,FALSE,From model_part_matrix | OCA Glass shared across 5 models
2162,1373,473,FALSE,From model_part_matrix | OCA Glass shared across 5 models
2163,1370,474,FALSE,From model_part_matrix | OCA Glass shared across 5 models
2164,1384,474,FALSE,From model_part_matrix | OCA Glass shared across 5 models
2165,1389,474,FALSE,From model_part_matrix | OCA Glass shared across 5 models
2166,1386,474,FALSE,From model_part_matrix | OCA Glass shared across 5 models
2167,1385,474,FALSE,From model_part_matrix | OCA Glass shared across 5 models
2168,1375,475,FALSE,From model_part_matrix | OCA Glass shared across 3 models
2169,1379,475,FALSE,From model_part_matrix | OCA Glass shared across 3 models
2170,1392,475,FALSE,From model_part_matrix | OCA Glass shared across 3 models
2171,1378,476,FALSE,From model_part_matrix | OCA Glass shared across 4 models
2172,1387,476,FALSE,From model_part_matrix | OCA Glass shared across 4 models
2173,1388,476,FALSE,From model_part_matrix | OCA Glass shared across 4 models
2174,1381,476,FALSE,From model_part_matrix | OCA Glass shared across 4 models
2175,1382,477,FALSE,From model_part_matrix | OCA Glass shared across 3 models
2176,1394,477,FALSE,From model_part_matrix | OCA Glass shared across 3 models
2177,1393,477,FALSE,From model_part_matrix | OCA Glass shared across 3 models
2178,1390,478,FALSE,From model_part_matrix | OCA Glass shared across 2 models
2179,1391,478,FALSE,From model_part_matrix | OCA Glass shared across 2 models
2180,951,479,FALSE,From model_part_matrix | OCA Glass shared across 5 models
2181,952,479,FALSE,From model_part_matrix | OCA Glass shared across 5 models
2182,984,479,FALSE,From model_part_matrix | OCA Glass shared across 5 models
2183,956,479,FALSE,From model_part_matrix | OCA Glass shared across 5 models
2184,1008,479,FALSE,From model_part_matrix | OCA Glass shared across 5 models
2185,41,480,FALSE,From model_part_matrix | OCA Glass shared across 3 models
2186,967,480,FALSE,From model_part_matrix | OCA Glass shared across 3 models
2187,957,480,FALSE,From model_part_matrix | OCA Glass shared across 3 models
2188,955,481,FALSE,From model_part_matrix | OCA Glass shared across 4 models
2189,980,481,FALSE,From model_part_matrix | OCA Glass shared across 4 models
2190,981,481,FALSE,From model_part_matrix | OCA Glass shared across 4 models
2191,966,481,FALSE,From model_part_matrix | OCA Glass shared across 4 models
2192,1398,482,FALSE,From model_part_matrix | OCA Glass shared across 2 models
2193,1399,482,FALSE,From model_part_matrix | OCA Glass shared across 2 models
2194,1400,483,FALSE,From model_part_matrix | OCA Glass shared across 6 models
2195,1473,483,FALSE,From model_part_matrix | OCA Glass shared across 6 models
2196,1453,483,FALSE,From model_part_matrix | OCA Glass shared across 6 models
2197,1511,483,FALSE,From model_part_matrix | OCA Glass shared across 6 models
2198,1513,483,FALSE,From model_part_matrix | OCA Glass shared across 6 models
2199,1515,483,FALSE,From model_part_matrix | OCA Glass shared across 6 models
2200,309,484,FALSE,From model_part_matrix | OCA Glass shared across 2 models
2201,1537,484,FALSE,From model_part_matrix | OCA Glass shared across 2 models
2202,1401,485,FALSE,From model_part_matrix | OCA Glass shared across 2 models
2203,450,485,FALSE,From model_part_matrix | OCA Glass shared across 2 models
2204,310,486,FALSE,From model_part_matrix | OCA Glass shared across 15 models
2205,451,486,FALSE,From model_part_matrix | OCA Glass shared across 15 models
2206,452,486,FALSE,From model_part_matrix | OCA Glass shared across 15 models
2207,1470,486,FALSE,From model_part_matrix | OCA Glass shared across 15 models
2208,1469,486,FALSE,From model_part_matrix | OCA Glass shared across 15 models
2209,312,486,FALSE,From model_part_matrix | OCA Glass shared across 15 models
2210,311,486,FALSE,From model_part_matrix | OCA Glass shared across 15 models
2211,1512,486,FALSE,From model_part_matrix | OCA Glass shared across 15 models
2212,627,486,FALSE,From model_part_matrix | OCA Glass shared across 15 models
2213,1514,486,FALSE,From model_part_matrix | OCA Glass shared across 15 models
2214,577,486,FALSE,From model_part_matrix | OCA Glass shared across 15 models
2215,1533,486,FALSE,From model_part_matrix | OCA Glass shared across 15 models
2216,1510,486,FALSE,From model_part_matrix | OCA Glass shared across 15 models
2217,574,486,FALSE,From model_part_matrix | OCA Glass shared across 15 models
2218,1451,486,FALSE,From model_part_matrix | OCA Glass shared across 15 models
2219,1402,487,FALSE,From model_part_matrix | OCA Glass shared across 23 models
2220,111,487,FALSE,From model_part_matrix | OCA Glass shared across 23 models
2221,113,487,FALSE,From model_part_matrix | OCA Glass shared across 23 models
2222,1419,487,FALSE,From model_part_matrix | OCA Glass shared across 23 models
2223,362,487,FALSE,From model_part_matrix | OCA Glass shared across 23 models
2224,364,487,FALSE,From model_part_matrix | OCA Glass shared across 23 models
2225,323,487,FALSE,From model_part_matrix | OCA Glass shared across 23 models
2226,580,487,FALSE,From model_part_matrix | OCA Glass shared across 23 models
2227,525,487,FALSE,From model_part_matrix | OCA Glass shared across 23 models
2228,1416,487,FALSE,From model_part_matrix | OCA Glass shared across 23 models
2229,1420,487,FALSE,From model_part_matrix | OCA Glass shared across 23 models
2230,343,487,FALSE,From model_part_matrix | OCA Glass shared across 23 models
2231,545,487,FALSE,From model_part_matrix | OCA Glass shared across 23 models
2232,1405,487,FALSE,From model_part_matrix | OCA Glass shared across 23 models
2233,529,487,FALSE,From model_part_matrix | OCA Glass shared across 23 models
2234,539,487,FALSE,From model_part_matrix | OCA Glass shared across 23 models
2235,398,487,FALSE,From model_part_matrix | OCA Glass shared across 23 models
2236,27,487,FALSE,From model_part_matrix | OCA Glass shared across 23 models
2237,1452,487,FALSE,From model_part_matrix | OCA Glass shared across 23 models
2238,1501,487,FALSE,From model_part_matrix | OCA Glass shared across 23 models
2239,536,487,FALSE,From model_part_matrix | OCA Glass shared across 23 models
2240,379,487,FALSE,From model_part_matrix | OCA Glass shared across 23 models
2241,346,487,FALSE,From model_part_matrix | OCA Glass shared across 23 models
2242,1403,488,FALSE,From model_part_matrix | OCA Glass shared across 15 models
2243,460,488,FALSE,From model_part_matrix | OCA Glass shared across 15 models
2244,1490,488,FALSE,From model_part_matrix | OCA Glass shared across 15 models
2245,461,488,FALSE,From model_part_matrix | OCA Glass shared across 15 models
2246,1472,488,FALSE,From model_part_matrix | OCA Glass shared across 15 models
2247,465,488,FALSE,From model_part_matrix | OCA Glass shared across 15 models
2248,531,488,FALSE,From model_part_matrix | OCA Glass shared across 15 models
2249,1502,488,FALSE,From model_part_matrix | OCA Glass shared across 15 models
2250,495,488,FALSE,From model_part_matrix | OCA Glass shared across 15 models
2251,411,488,FALSE,From model_part_matrix | OCA Glass shared across 15 models
2252,1446,488,FALSE,From model_part_matrix | OCA Glass shared across 15 models
2253,421,488,FALSE,From model_part_matrix | OCA Glass shared across 15 models
2254,382,488,FALSE,From model_part_matrix | OCA Glass shared across 15 models
2255,128,488,FALSE,From model_part_matrix | OCA Glass shared across 15 models
2256,588,488,FALSE,From model_part_matrix | OCA Glass shared across 15 models
2257,315,489,FALSE,From model_part_matrix | OCA Glass shared across 29 models
2258,31,489,FALSE,From model_part_matrix | OCA Glass shared across 29 models
2259,501,489,FALSE,From model_part_matrix | OCA Glass shared across 29 models
2260,415,489,FALSE,From model_part_matrix | OCA Glass shared across 29 models
2261,369,489,FALSE,From model_part_matrix | OCA Glass shared across 29 models
2262,597,489,FALSE,From model_part_matrix | OCA Glass shared across 29 models
2263,399,489,FALSE,From model_part_matrix | OCA Glass shared across 29 models
2264,500,489,FALSE,From model_part_matrix | OCA Glass shared across 29 models
2265,568,489,FALSE,From model_part_matrix | OCA Glass shared across 29 models
2266,426,489,FALSE,From model_part_matrix | OCA Glass shared across 29 models
2267,320,489,FALSE,From model_part_matrix | OCA Glass shared across 29 models
2268,592,489,FALSE,From model_part_matrix | OCA Glass shared across 29 models
2269,383,489,FALSE,From model_part_matrix | OCA Glass shared across 29 models
2270,507,489,FALSE,From model_part_matrix | OCA Glass shared across 29 models
2271,316,489,FALSE,From model_part_matrix | OCA Glass shared across 29 models
2272,502,489,FALSE,From model_part_matrix | OCA Glass shared across 29 models
2273,372,489,FALSE,From model_part_matrix | OCA Glass shared across 29 models
2274,384,489,FALSE,From model_part_matrix | OCA Glass shared across 29 models
2275,566,489,FALSE,From model_part_matrix | OCA Glass shared across 29 models
2276,567,489,FALSE,From model_part_matrix | OCA Glass shared across 29 models
2277,564,489,FALSE,From model_part_matrix | OCA Glass shared across 29 models
2278,351,489,FALSE,From model_part_matrix | OCA Glass shared across 29 models
2279,600,489,FALSE,From model_part_matrix | OCA Glass shared across 29 models
2280,339,489,FALSE,From model_part_matrix | OCA Glass shared across 29 models
2281,349,489,FALSE,From model_part_matrix | OCA Glass shared across 29 models
2282,350,489,FALSE,From model_part_matrix | OCA Glass shared across 29 models
2283,341,489,FALSE,From model_part_matrix | OCA Glass shared across 29 models
2284,436,489,FALSE,From model_part_matrix | OCA Glass shared across 29 models
2285,437,489,FALSE,From model_part_matrix | OCA Glass shared across 29 models
2286,1404,490,FALSE,From model_part_matrix | OCA Glass shared across 14 models
2287,1454,490,FALSE,From model_part_matrix | OCA Glass shared across 14 models
2288,1448,490,FALSE,From model_part_matrix | OCA Glass shared across 14 models
2289,1459,490,FALSE,From model_part_matrix | OCA Glass shared across 14 models
2290,1462,490,FALSE,From model_part_matrix | OCA Glass shared across 14 models
2291,1464,490,FALSE,From model_part_matrix | OCA Glass shared across 14 models
2292,1461,490,FALSE,From model_part_matrix | OCA Glass shared across 14 models
2293,1491,490,FALSE,From model_part_matrix | OCA Glass shared across 14 models
2294,1496,490,FALSE,From model_part_matrix | OCA Glass shared across 14 models
2295,1525,490,FALSE,From model_part_matrix | OCA Glass shared across 14 models
2296,1000,490,FALSE,From model_part_matrix | OCA Glass shared across 14 models
2297,1495,490,FALSE,From model_part_matrix | OCA Glass shared across 14 models
2298,1465,490,FALSE,From model_part_matrix | OCA Glass shared across 14 models
2299,1466,490,FALSE,From model_part_matrix | OCA Glass shared across 14 models
2300,317,491,FALSE,From model_part_matrix | OCA Glass shared across 55 models
2301,550,491,FALSE,From model_part_matrix | OCA Glass shared across 55 models
2302,551,491,FALSE,From model_part_matrix | OCA Glass shared across 55 models
2303,589,491,FALSE,From model_part_matrix | OCA Glass shared across 55 models
2304,329,491,FALSE,From model_part_matrix | OCA Glass shared across 55 models
2305,110,491,FALSE,From model_part_matrix | OCA Glass shared across 55 models
2306,363,491,FALSE,From model_part_matrix | OCA Glass shared across 55 models
2307,361,491,FALSE,From model_part_matrix | OCA Glass shared across 55 models
2308,365,491,FALSE,From model_part_matrix | OCA Glass shared across 55 models
2309,366,491,FALSE,From model_part_matrix | OCA Glass shared across 55 models
2310,542,491,FALSE,From model_part_matrix | OCA Glass shared across 55 models
2311,544,491,FALSE,From model_part_matrix | OCA Glass shared across 55 models
2312,143,491,FALSE,From model_part_matrix | OCA Glass shared across 55 models
2313,146,491,FALSE,From model_part_matrix | OCA Glass shared across 55 models
2314,327,491,FALSE,From model_part_matrix | OCA Glass shared across 55 models
2315,328,491,FALSE,From model_part_matrix | OCA Glass shared across 55 models
2316,330,491,FALSE,From model_part_matrix | OCA Glass shared across 55 models
2317,331,491,FALSE,From model_part_matrix | OCA Glass shared across 55 models
2318,1531,491,FALSE,From model_part_matrix | OCA Glass shared across 55 models
2319,549,491,FALSE,From model_part_matrix | OCA Glass shared across 55 models
2320,552,491,FALSE,From model_part_matrix | OCA Glass shared across 55 models
2321,558,491,FALSE,From model_part_matrix | OCA Glass shared across 55 models
2322,590,491,FALSE,From model_part_matrix | OCA Glass shared across 55 models
2323,334,491,FALSE,From model_part_matrix | OCA Glass shared across 55 models
2324,347,491,FALSE,From model_part_matrix | OCA Glass shared across 55 models
2325,1428,491,FALSE,From model_part_matrix | OCA Glass shared across 55 models
2326,1423,491,FALSE,From model_part_matrix | OCA Glass shared across 55 models
2327,367,491,FALSE,From model_part_matrix | OCA Glass shared across 55 models
2328,1424,491,FALSE,From model_part_matrix | OCA Glass shared across 55 models
2329,380,491,FALSE,From model_part_matrix | OCA Glass shared across 55 models
2330,381,491,FALSE,From model_part_matrix | OCA Glass shared across 55 models
2331,424,491,FALSE,From model_part_matrix | OCA Glass shared across 55 models
2332,34,491,FALSE,From model_part_matrix | OCA Glass shared across 55 models
2333,332,491,FALSE,From model_part_matrix | OCA Glass shared across 55 models
2334,1422,491,FALSE,From model_part_matrix | OCA Glass shared across 55 models
2335,1426,491,FALSE,From model_part_matrix | OCA Glass shared across 55 models
2336,1439,491,FALSE,From model_part_matrix | OCA Glass shared across 55 models
2337,1427,491,FALSE,From model_part_matrix | OCA Glass shared across 55 models
2338,1421,491,FALSE,From model_part_matrix | OCA Glass shared across 55 models
2339,1425,491,FALSE,From model_part_matrix | OCA Glass shared across 55 models
2340,1414,491,FALSE,From model_part_matrix | OCA Glass shared across 55 models
2341,1417,491,FALSE,From model_part_matrix | OCA Glass shared across 55 models
2342,1408,491,FALSE,From model_part_matrix | OCA Glass shared across 55 models
2343,1413,491,FALSE,From model_part_matrix | OCA Glass shared across 55 models
2344,1407,491,FALSE,From model_part_matrix | OCA Glass shared across 55 models
2345,1438,491,FALSE,From model_part_matrix | OCA Glass shared across 55 models
2346,145,491,FALSE,From model_part_matrix | OCA Glass shared across 55 models
2347,353,491,FALSE,From model_part_matrix | OCA Glass shared across 55 models
2348,385,491,FALSE,From model_part_matrix | OCA Glass shared across 55 models
2349,1415,491,FALSE,From model_part_matrix | OCA Glass shared across 55 models
2350,514,491,FALSE,From model_part_matrix | OCA Glass shared across 55 models
2351,517,491,FALSE,From model_part_matrix | OCA Glass shared across 55 models
2352,516,491,FALSE,From model_part_matrix | OCA Glass shared across 55 models
2353,579,491,FALSE,From model_part_matrix | OCA Glass shared across 55 models
2354,582,491,FALSE,From model_part_matrix | OCA Glass shared across 55 models
2355,1406,492,FALSE,From model_part_matrix | OCA Glass shared across 5 models
2356,115,492,FALSE,From model_part_matrix | OCA Glass shared across 5 models
2357,121,492,FALSE,From model_part_matrix | OCA Glass shared across 5 models
2358,390,492,FALSE,From model_part_matrix | OCA Glass shared across 5 models
2359,1532,492,FALSE,From model_part_matrix | OCA Glass shared across 5 models
2360,322,493,FALSE,From model_part_matrix | OCA Glass shared across 10 models
2361,118,493,FALSE,From model_part_matrix | OCA Glass shared across 10 models
2362,373,493,FALSE,From model_part_matrix | OCA Glass shared across 10 models
2363,324,493,FALSE,From model_part_matrix | OCA Glass shared across 10 models
2364,511,493,FALSE,From model_part_matrix | OCA Glass shared across 10 models
2365,513,493,FALSE,From model_part_matrix | OCA Glass shared across 10 models
2366,1410,493,FALSE,From model_part_matrix | OCA Glass shared across 10 models
2367,1409,493,FALSE,From model_part_matrix | OCA Glass shared across 10 models
2368,1411,493,FALSE,From model_part_matrix | OCA Glass shared across 10 models
2369,1412,493,FALSE,From model_part_matrix | OCA Glass shared across 10 models
2370,325,494,FALSE,From model_part_matrix | OCA Glass shared across 6 models
2371,348,494,FALSE,From model_part_matrix | OCA Glass shared across 6 models
2372,352,494,FALSE,From model_part_matrix | OCA Glass shared across 6 models
2373,509,494,FALSE,From model_part_matrix | OCA Glass shared across 6 models
2374,541,494,FALSE,From model_part_matrix | OCA Glass shared across 6 models
2375,400,494,FALSE,From model_part_matrix | OCA Glass shared across 6 models
2376,335,495,FALSE,From model_part_matrix | OCA Glass shared across 2 models
2377,144,495,FALSE,From model_part_matrix | OCA Glass shared across 2 models
2378,357,496,FALSE,From model_part_matrix | OCA Glass shared across 26 models
2379,518,496,FALSE,From model_part_matrix | OCA Glass shared across 26 models
2380,520,496,FALSE,From model_part_matrix | OCA Glass shared across 26 models
2381,1500,496,FALSE,From model_part_matrix | OCA Glass shared across 26 models
2382,521,496,FALSE,From model_part_matrix | OCA Glass shared across 26 models
2383,581,496,FALSE,From model_part_matrix | OCA Glass shared across 26 models
2384,1517,496,FALSE,From model_part_matrix | OCA Glass shared across 26 models
2385,527,496,FALSE,From model_part_matrix | OCA Glass shared across 26 models
2386,530,496,FALSE,From model_part_matrix | OCA Glass shared across 26 models
2387,585,496,FALSE,From model_part_matrix | OCA Glass shared across 26 models
2388,389,496,FALSE,From model_part_matrix | OCA Glass shared across 26 models
2389,1534,496,FALSE,From model_part_matrix | OCA Glass shared across 26 models
2390,391,496,FALSE,From model_part_matrix | OCA Glass shared across 26 models
2391,613,496,FALSE,From model_part_matrix | OCA Glass shared across 26 models
2392,1457,496,FALSE,From model_part_matrix | OCA Glass shared across 26 models
2393,532,496,FALSE,From model_part_matrix | OCA Glass shared across 26 models
2394,374,496,FALSE,From model_part_matrix | OCA Glass shared across 26 models
2395,387,496,FALSE,From model_part_matrix | OCA Glass shared across 26 models
2396,1418,496,FALSE,From model_part_matrix | OCA Glass shared across 26 models
2397,1442,496,FALSE,From model_part_matrix | OCA Glass shared across 26 models
2398,1437,496,FALSE,From model_part_matrix | OCA Glass shared across 26 models
2399,1518,496,FALSE,From model_part_matrix | OCA Glass shared across 26 models
2400,119,496,FALSE,From model_part_matrix | OCA Glass shared across 26 models
2401,120,496,FALSE,From model_part_matrix | OCA Glass shared across 26 models
2402,359,496,FALSE,From model_part_matrix | OCA Glass shared across 26 models
2403,1443,496,FALSE,From model_part_matrix | OCA Glass shared across 26 models
2404,116,497,FALSE,From model_part_matrix | OCA Glass shared across 2 models
2405,124,497,FALSE,From model_part_matrix | OCA Glass shared across 2 models
2406,1429,498,FALSE,From model_part_matrix | OCA Glass shared across 12 models
2407,1499,498,FALSE,From model_part_matrix | OCA Glass shared across 12 models
2408,1509,498,FALSE,From model_part_matrix | OCA Glass shared across 12 models
2409,1432,498,FALSE,From model_part_matrix | OCA Glass shared across 12 models
2410,1436,498,FALSE,From model_part_matrix | OCA Glass shared across 12 models
2411,1455,498,FALSE,From model_part_matrix | OCA Glass shared across 12 models
2412,1433,498,FALSE,From model_part_matrix | OCA Glass shared across 12 models
2413,1434,498,FALSE,From model_part_matrix | OCA Glass shared across 12 models
2414,1441,498,FALSE,From model_part_matrix | OCA Glass shared across 12 models
2415,1430,498,FALSE,From model_part_matrix | OCA Glass shared across 12 models
2416,1431,498,FALSE,From model_part_matrix | OCA Glass shared across 12 models
2417,1435,498,FALSE,From model_part_matrix | OCA Glass shared across 12 models
2418,376,499,FALSE,From model_part_matrix | OCA Glass shared across 8 models
2419,402,499,FALSE,From model_part_matrix | OCA Glass shared across 8 models
2420,403,499,FALSE,From model_part_matrix | OCA Glass shared across 8 models
2421,441,499,FALSE,From model_part_matrix | OCA Glass shared across 8 models
2422,386,499,FALSE,From model_part_matrix | OCA Glass shared across 8 models
2423,1456,499,FALSE,From model_part_matrix | OCA Glass shared across 8 models
2424,1467,499,FALSE,From model_part_matrix | OCA Glass shared across 8 models
2425,1450,499,FALSE,From model_part_matrix | OCA Glass shared across 8 models
2426,378,500,FALSE,From model_part_matrix | OCA Glass shared across 27 models
2427,405,500,FALSE,From model_part_matrix | OCA Glass shared across 27 models
2428,406,500,FALSE,From model_part_matrix | OCA Glass shared across 27 models
2429,409,500,FALSE,From model_part_matrix | OCA Glass shared across 27 models
2430,396,500,FALSE,From model_part_matrix | OCA Glass shared across 27 models
2431,397,500,FALSE,From model_part_matrix | OCA Glass shared across 27 models
2432,394,500,FALSE,From model_part_matrix | OCA Glass shared across 27 models
2433,1444,500,FALSE,From model_part_matrix | OCA Glass shared across 27 models
2434,456,500,FALSE,From model_part_matrix | OCA Glass shared across 27 models
2435,1471,500,FALSE,From model_part_matrix | OCA Glass shared across 27 models
2436,459,500,FALSE,From model_part_matrix | OCA Glass shared across 27 models
2437,1474,500,FALSE,From model_part_matrix | OCA Glass shared across 27 models
2438,454,500,FALSE,From model_part_matrix | OCA Glass shared across 27 models
2439,453,500,FALSE,From model_part_matrix | OCA Glass shared across 27 models
2440,458,500,FALSE,From model_part_matrix | OCA Glass shared across 27 models
2441,462,500,FALSE,From model_part_matrix | OCA Glass shared across 27 models
2442,466,500,FALSE,From model_part_matrix | OCA Glass shared across 27 models
2443,393,500,FALSE,From model_part_matrix | OCA Glass shared across 27 models
2444,625,500,FALSE,From model_part_matrix | OCA Glass shared across 27 models
2445,626,500,FALSE,From model_part_matrix | OCA Glass shared across 27 models
2446,524,500,FALSE,From model_part_matrix | OCA Glass shared across 27 models
2447,1530,500,FALSE,From model_part_matrix | OCA Glass shared across 27 models
2448,614,500,FALSE,From model_part_matrix | OCA Glass shared across 27 models
2449,1468,500,FALSE,From model_part_matrix | OCA Glass shared across 27 models
2450,526,500,FALSE,From model_part_matrix | OCA Glass shared across 27 models
2451,528,500,FALSE,From model_part_matrix | OCA Glass shared across 27 models
2452,412,500,FALSE,From model_part_matrix | OCA Glass shared across 27 models
2453,1440,501,FALSE,From model_part_matrix | OCA Glass shared across 3 models
2454,401,501,FALSE,From model_part_matrix | OCA Glass shared across 3 models
2455,1445,501,FALSE,From model_part_matrix | OCA Glass shared across 3 models
2456,388,502,FALSE,From model_part_matrix | OCA Glass shared across 3 models
2457,519,502,FALSE,From model_part_matrix | OCA Glass shared across 3 models
2458,449,502,FALSE,From model_part_matrix | OCA Glass shared across 3 models
2459,1447,503,FALSE,From model_part_matrix | OCA Glass shared across 14 models
2460,1460,503,FALSE,From model_part_matrix | OCA Glass shared across 14 models
2461,1523,503,FALSE,From model_part_matrix | OCA Glass shared across 14 models
2462,1463,503,FALSE,From model_part_matrix | OCA Glass shared across 14 models
2463,1492,503,FALSE,From model_part_matrix | OCA Glass shared across 14 models
2464,1521,503,FALSE,From model_part_matrix | OCA Glass shared across 14 models
2465,1527,503,FALSE,From model_part_matrix | OCA Glass shared across 14 models
2466,1493,503,FALSE,From model_part_matrix | OCA Glass shared across 14 models
2467,1522,503,FALSE,From model_part_matrix | OCA Glass shared across 14 models
2468,1529,503,FALSE,From model_part_matrix | OCA Glass shared across 14 models
2469,1524,503,FALSE,From model_part_matrix | OCA Glass shared across 14 models
2470,1528,503,FALSE,From model_part_matrix | OCA Glass shared across 14 models
2471,1497,503,FALSE,From model_part_matrix | OCA Glass shared across 14 models
2472,1526,503,FALSE,From model_part_matrix | OCA Glass shared across 14 models
2473,1449,504,FALSE,From model_part_matrix | OCA Glass shared across 2 models
2474,494,504,FALSE,From model_part_matrix | OCA Glass shared across 2 models
2475,125,505,FALSE,From model_part_matrix | OCA Glass shared across 4 models
2476,510,505,FALSE,From model_part_matrix | OCA Glass shared across 4 models
2477,1535,505,FALSE,From model_part_matrix | OCA Glass shared across 4 models
2478,419,505,FALSE,From model_part_matrix | OCA Glass shared across 4 models
2479,422,506,FALSE,From model_part_matrix | OCA Glass shared across 6 models
2480,629,506,FALSE,From model_part_matrix | OCA Glass shared across 6 models
2481,1516,506,FALSE,From model_part_matrix | OCA Glass shared across 6 models
2482,1475,506,FALSE,From model_part_matrix | OCA Glass shared across 6 models
2483,1458,506,FALSE,From model_part_matrix | OCA Glass shared across 6 models
2484,620,506,FALSE,From model_part_matrix | OCA Glass shared across 6 models
2485,429,507,FALSE,From model_part_matrix | OCA Glass shared across 4 models
2486,440,507,FALSE,From model_part_matrix | OCA Glass shared across 4 models
2487,439,507,FALSE,From model_part_matrix | OCA Glass shared across 4 models
2488,619,507,FALSE,From model_part_matrix | OCA Glass shared across 4 models
2489,470,508,FALSE,From model_part_matrix | OCA Glass shared across 10 models
2490,224,508,FALSE,From model_part_matrix | OCA Glass shared across 10 models
2491,225,508,FALSE,From model_part_matrix | OCA Glass shared across 10 models
2492,1986,508,FALSE,From model_part_matrix | OCA Glass shared across 10 models
2493,1987,508,FALSE,From model_part_matrix | OCA Glass shared across 10 models
2494,1959,508,FALSE,From model_part_matrix | OCA Glass shared across 10 models
2495,884,508,FALSE,From model_part_matrix | OCA Glass shared across 10 models
2496,135,508,FALSE,From model_part_matrix | OCA Glass shared across 10 models
2497,228,508,FALSE,From model_part_matrix | OCA Glass shared across 10 models
2498,217,508,FALSE,From model_part_matrix | OCA Glass shared across 10 models
2499,471,509,FALSE,From model_part_matrix | OCA Glass shared across 7 models
2500,136,509,FALSE,From model_part_matrix | OCA Glass shared across 7 models
2501,223,509,FALSE,From model_part_matrix | OCA Glass shared across 7 models
2502,1967,509,FALSE,From model_part_matrix | OCA Glass shared across 7 models
2503,853,509,FALSE,From model_part_matrix | OCA Glass shared across 7 models
2504,852,509,FALSE,From model_part_matrix | OCA Glass shared across 7 models
2505,221,509,FALSE,From model_part_matrix | OCA Glass shared across 7 models
2506,472,510,FALSE,From model_part_matrix | OCA Glass shared across 7 models
2507,1988,510,FALSE,From model_part_matrix | OCA Glass shared across 7 models
2508,229,510,FALSE,From model_part_matrix | OCA Glass shared across 7 models
2509,885,510,FALSE,From model_part_matrix | OCA Glass shared across 7 models
2510,231,510,FALSE,From model_part_matrix | OCA Glass shared across 7 models
2511,1989,510,FALSE,From model_part_matrix | OCA Glass shared across 7 models
2512,887,510,FALSE,From model_part_matrix | OCA Glass shared across 7 models
2513,474,511,FALSE,From model_part_matrix | OCA Glass shared across 3 models
2514,1990,511,FALSE,From model_part_matrix | OCA Glass shared across 3 models
2515,1991,511,FALSE,From model_part_matrix | OCA Glass shared across 3 models
2516,475,512,FALSE,From model_part_matrix | OCA Glass shared across 5 models
2517,865,512,FALSE,From model_part_matrix | OCA Glass shared across 5 models
2518,866,512,FALSE,From model_part_matrix | OCA Glass shared across 5 models
2519,26,512,FALSE,From model_part_matrix | OCA Glass shared across 5 models
2520,487,512,FALSE,From model_part_matrix | OCA Glass shared across 5 models
2521,477,513,FALSE,From model_part_matrix | OCA Glass shared across 6 models
2522,869,513,FALSE,From model_part_matrix | OCA Glass shared across 6 models
2523,870,513,FALSE,From model_part_matrix | OCA Glass shared across 6 models
2524,893,513,FALSE,From model_part_matrix | OCA Glass shared across 6 models
2525,890,513,FALSE,From model_part_matrix | OCA Glass shared across 6 models
2526,1980,513,FALSE,From model_part_matrix | OCA Glass shared across 6 models
2527,1476,514,FALSE,From model_part_matrix | OCA Glass shared across 5 models
2528,491,514,FALSE,From model_part_matrix | OCA Glass shared across 5 models
2529,1485,514,FALSE,From model_part_matrix | OCA Glass shared across 5 models
2530,233,514,FALSE,From model_part_matrix | OCA Glass shared across 5 models
2531,1994,514,FALSE,From model_part_matrix | OCA Glass shared across 5 models
2532,1477,515,FALSE,From model_part_matrix | OCA Glass shared across 10 models
2533,1976,515,FALSE,From model_part_matrix | OCA Glass shared across 10 models
2534,1974,515,FALSE,From model_part_matrix | OCA Glass shared across 10 models
2535,1479,515,FALSE,From model_part_matrix | OCA Glass shared across 10 models
2536,1478,515,FALSE,From model_part_matrix | OCA Glass shared across 10 models
2537,1995,515,FALSE,From model_part_matrix | OCA Glass shared across 10 models
2538,1996,515,FALSE,From model_part_matrix | OCA Glass shared across 10 models
2539,1997,515,FALSE,From model_part_matrix | OCA Glass shared across 10 models
2540,1998,515,FALSE,From model_part_matrix | OCA Glass shared across 10 models
2541,1964,515,FALSE,From model_part_matrix | OCA Glass shared across 10 models
2542,1480,516,FALSE,From model_part_matrix | OCA Glass shared across 3 models
2543,2022,516,FALSE,From model_part_matrix | OCA Glass shared across 3 models
2544,2025,516,FALSE,From model_part_matrix | OCA Glass shared across 3 models
2545,1481,517,FALSE,From model_part_matrix | OCA Glass shared across 3 models
2546,2001,517,FALSE,From model_part_matrix | OCA Glass shared across 3 models
2547,2002,517,FALSE,From model_part_matrix | OCA Glass shared across 3 models
2548,478,518,FALSE,From model_part_matrix | OCA Glass shared across 3 models
2549,879,518,FALSE,From model_part_matrix | OCA Glass shared across 3 models
2550,881,518,FALSE,From model_part_matrix | OCA Glass shared across 3 models
2551,479,519,FALSE,From model_part_matrix | OCA Glass shared across 4 models
2552,916,519,FALSE,From model_part_matrix | OCA Glass shared across 4 models
2553,917,519,FALSE,From model_part_matrix | OCA Glass shared across 4 models
2554,901,519,FALSE,From model_part_matrix | OCA Glass shared across 4 models
2555,138,520,FALSE,From model_part_matrix | OCA Glass shared across 4 models
2556,1985,520,FALSE,From model_part_matrix | OCA Glass shared across 4 models
2557,238,520,FALSE,From model_part_matrix | OCA Glass shared across 4 models
2558,227,520,FALSE,From model_part_matrix | OCA Glass shared across 4 models
2559,481,521,FALSE,From model_part_matrix | OCA Glass shared across 4 models
2560,2008,521,FALSE,From model_part_matrix | OCA Glass shared across 4 models
2561,900,521,FALSE,From model_part_matrix | OCA Glass shared across 4 models
2562,2015,521,FALSE,From model_part_matrix | OCA Glass shared across 4 models
2563,482,522,FALSE,From model_part_matrix | OCA Glass shared across 9 models
2564,903,522,FALSE,From model_part_matrix | OCA Glass shared across 9 models
2565,1975,522,FALSE,From model_part_matrix | OCA Glass shared across 9 models
2566,1958,522,FALSE,From model_part_matrix | OCA Glass shared across 9 models
2567,858,522,FALSE,From model_part_matrix | OCA Glass shared across 9 models
2568,485,522,FALSE,From model_part_matrix | OCA Glass shared across 9 models
2569,851,522,FALSE,From model_part_matrix | OCA Glass shared across 9 models
2570,904,522,FALSE,From model_part_matrix | OCA Glass shared across 9 models
2571,2011,522,FALSE,From model_part_matrix | OCA Glass shared across 9 models
2572,139,523,FALSE,From model_part_matrix | OCA Glass shared across 8 models
2573,20,523,FALSE,From model_part_matrix | OCA Glass shared across 8 models
2574,235,523,FALSE,From model_part_matrix | OCA Glass shared across 8 models
2575,906,523,FALSE,From model_part_matrix | OCA Glass shared across 8 models
2576,2010,523,FALSE,From model_part_matrix | OCA Glass shared across 8 models
2577,2018,523,FALSE,From model_part_matrix | OCA Glass shared across 8 models
2578,2017,523,FALSE,From model_part_matrix | OCA Glass shared across 8 models
2579,484,523,FALSE,From model_part_matrix | OCA Glass shared across 8 models
2580,1482,524,FALSE,From model_part_matrix | OCA Glass shared across 4 models
2581,7,524,FALSE,From model_part_matrix | OCA Glass shared across 4 models
2582,2007,524,FALSE,From model_part_matrix | OCA Glass shared across 4 models
2583,2016,524,FALSE,From model_part_matrix | OCA Glass shared across 4 models
2584,486,525,FALSE,From model_part_matrix | OCA Glass shared across 11 models
2585,222,525,FALSE,From model_part_matrix | OCA Glass shared across 11 models
2586,25,525,FALSE,From model_part_matrix | OCA Glass shared across 11 models
2587,863,525,FALSE,From model_part_matrix | OCA Glass shared across 11 models
2588,864,525,FALSE,From model_part_matrix | OCA Glass shared across 11 models
2589,868,525,FALSE,From model_part_matrix | OCA Glass shared across 11 models
2590,489,525,FALSE,From model_part_matrix | OCA Glass shared across 11 models
2591,1483,525,FALSE,From model_part_matrix | OCA Glass shared across 11 models
2592,2023,525,FALSE,From model_part_matrix | OCA Glass shared across 11 models
2593,2027,525,FALSE,From model_part_matrix | OCA Glass shared across 11 models
2594,1977,525,FALSE,From model_part_matrix | OCA Glass shared across 11 models
2595,1484,526,FALSE,From model_part_matrix | OCA Glass shared across 4 models
2596,2024,526,FALSE,From model_part_matrix | OCA Glass shared across 4 models
2597,2030,526,FALSE,From model_part_matrix | OCA Glass shared across 4 models
2598,2029,526,FALSE,From model_part_matrix | OCA Glass shared across 4 models
2599,140,527,FALSE,From model_part_matrix | OCA Glass shared across 4 models
2600,1960,527,FALSE,From model_part_matrix | OCA Glass shared across 4 models
2601,2031,527,FALSE,From model_part_matrix | OCA Glass shared across 4 models
2602,493,527,FALSE,From model_part_matrix | OCA Glass shared across 4 models
2603,1486,528,FALSE,From model_part_matrix | OCA Glass shared across 7 models
2604,8,528,FALSE,From model_part_matrix | OCA Glass shared across 7 models
2605,2006,528,FALSE,From model_part_matrix | OCA Glass shared across 7 models
2606,2012,528,FALSE,From model_part_matrix | OCA Glass shared across 7 models
2607,2013,528,FALSE,From model_part_matrix | OCA Glass shared across 7 models
2608,1963,528,FALSE,From model_part_matrix | OCA Glass shared across 7 models
2609,2014,528,FALSE,From model_part_matrix | OCA Glass shared across 7 models
2610,1487,529,FALSE,From model_part_matrix | OCA Glass shared across 4 models
2611,2019,529,FALSE,From model_part_matrix | OCA Glass shared across 4 models
2612,2020,529,FALSE,From model_part_matrix | OCA Glass shared across 4 models
2613,22,529,FALSE,From model_part_matrix | OCA Glass shared across 4 models
2614,142,530,FALSE,From model_part_matrix | OCA Glass shared across 3 models
2615,23,530,FALSE,From model_part_matrix | OCA Glass shared across 3 models
2616,2021,530,FALSE,From model_part_matrix | OCA Glass shared across 3 models
2617,1488,531,FALSE,From model_part_matrix | OCA Glass shared across 4 models
2618,2026,531,FALSE,From model_part_matrix | OCA Glass shared across 4 models
2619,2005,531,FALSE,From model_part_matrix | OCA Glass shared across 4 models
2620,1489,531,FALSE,From model_part_matrix | OCA Glass shared across 4 models
2621,496,532,FALSE,From model_part_matrix | OCA Glass shared across 3 models
2622,1503,532,FALSE,From model_part_matrix | OCA Glass shared across 3 models
2623,497,532,FALSE,From model_part_matrix | OCA Glass shared across 3 models
2624,503,533,FALSE,From model_part_matrix | OCA Glass shared across 4 models
2625,1494,533,FALSE,From model_part_matrix | OCA Glass shared across 4 models
2626,1505,533,FALSE,From model_part_matrix | OCA Glass shared across 4 models
2627,593,533,FALSE,From model_part_matrix | OCA Glass shared across 4 models
2628,1498,534,FALSE,From model_part_matrix | OCA Glass shared across 5 models
2629,604,534,FALSE,From model_part_matrix | OCA Glass shared across 5 models
2630,1506,534,FALSE,From model_part_matrix | OCA Glass shared across 5 models
2631,1507,534,FALSE,From model_part_matrix | OCA Glass shared across 5 models
2632,1508,534,FALSE,From model_part_matrix | OCA Glass shared across 5 models
2633,543,535,FALSE,From model_part_matrix | OCA Glass shared across 4 models
2634,546,535,FALSE,From model_part_matrix | OCA Glass shared across 4 models
2635,1519,535,FALSE,From model_part_matrix | OCA Glass shared across 4 models
2636,548,535,FALSE,From model_part_matrix | OCA Glass shared across 4 models
2637,554,536,FALSE,From model_part_matrix | OCA Glass shared across 5 models
2638,555,536,FALSE,From model_part_matrix | OCA Glass shared across 5 models
2639,557,536,FALSE,From model_part_matrix | OCA Glass shared across 5 models
2640,1520,536,FALSE,From model_part_matrix | OCA Glass shared across 5 models
2641,1504,536,FALSE,From model_part_matrix | OCA Glass shared across 5 models
2642,559,537,FALSE,From model_part_matrix | OCA Glass shared across 4 models
2643,596,537,FALSE,From model_part_matrix | OCA Glass shared across 4 models
2644,561,537,FALSE,From model_part_matrix | OCA Glass shared across 4 models
2645,601,537,FALSE,From model_part_matrix | OCA Glass shared across 4 models
2646,562,538,FALSE,From model_part_matrix | OCA Glass shared across 3 models
2647,563,538,FALSE,From model_part_matrix | OCA Glass shared across 3 models
2648,599,538,FALSE,From model_part_matrix | OCA Glass shared across 3 models
2649,1536,539,FALSE,From model_part_matrix | OCA Glass shared across 3 models
2650,624,539,FALSE,From model_part_matrix | OCA Glass shared across 3 models
2651,622,539,FALSE,From model_part_matrix | OCA Glass shared across 3 models
2652,149,540,FALSE,From model_part_matrix | OCA Glass shared across 4 models
2653,693,540,FALSE,From model_part_matrix | OCA Glass shared across 4 models
2654,1598,540,FALSE,From model_part_matrix | OCA Glass shared across 4 models
2655,1539,540,FALSE,From model_part_matrix | OCA Glass shared across 4 models
2656,630,541,FALSE,From model_part_matrix | OCA Glass shared across 4 models
2657,694,541,FALSE,From model_part_matrix | OCA Glass shared across 4 models
2658,1538,541,FALSE,From model_part_matrix | OCA Glass shared across 4 models
2659,1597,541,FALSE,From model_part_matrix | OCA Glass shared across 4 models
2660,150,542,FALSE,From model_part_matrix | OCA Glass shared across 13 models
2661,1610,542,FALSE,From model_part_matrix | OCA Glass shared across 13 models
2662,636,542,FALSE,From model_part_matrix | OCA Glass shared across 13 models
2663,701,542,FALSE,From model_part_matrix | OCA Glass shared across 13 models
2664,665,542,FALSE,From model_part_matrix | OCA Glass shared across 13 models
2665,696,542,FALSE,From model_part_matrix | OCA Glass shared across 13 models
2666,647,542,FALSE,From model_part_matrix | OCA Glass shared across 13 models
2667,1548,542,FALSE,From model_part_matrix | OCA Glass shared across 13 models
2668,1602,542,FALSE,From model_part_matrix | OCA Glass shared across 13 models
2669,1540,542,FALSE,From model_part_matrix | OCA Glass shared across 13 models
2670,1599,542,FALSE,From model_part_matrix | OCA Glass shared across 13 models
2671,1568,542,FALSE,From model_part_matrix | OCA Glass shared across 13 models
2672,1617,542,FALSE,From model_part_matrix | OCA Glass shared across 13 models
2673,151,543,FALSE,From model_part_matrix | OCA Glass shared across 8 models
2674,1543,543,FALSE,From model_part_matrix | OCA Glass shared across 8 models
2675,154,543,FALSE,From model_part_matrix | OCA Glass shared across 8 models
2676,697,543,FALSE,From model_part_matrix | OCA Glass shared across 8 models
2677,152,543,FALSE,From model_part_matrix | OCA Glass shared across 8 models
2678,155,543,FALSE,From model_part_matrix | OCA Glass shared across 8 models
2679,1585,543,FALSE,From model_part_matrix | OCA Glass shared across 8 models
2680,663,543,FALSE,From model_part_matrix | OCA Glass shared across 8 models
2681,1541,544,FALSE,From model_part_matrix | OCA Glass shared across 6 models
2682,632,544,FALSE,From model_part_matrix | OCA Glass shared across 6 models
2683,162,544,FALSE,From model_part_matrix | OCA Glass shared across 6 models
2684,158,544,FALSE,From model_part_matrix | OCA Glass shared across 6 models
2685,1552,544,FALSE,From model_part_matrix | OCA Glass shared across 6 models
2686,1542,544,FALSE,From model_part_matrix | OCA Glass shared across 6 models
2687,1544,545,FALSE,From model_part_matrix | OCA Glass shared across 3 models
2688,1545,545,FALSE,From model_part_matrix | OCA Glass shared across 3 models
2689,1603,545,FALSE,From model_part_matrix | OCA Glass shared across 3 models
2690,1546,546,FALSE,From model_part_matrix | OCA Glass shared across 6 models
2691,1586,546,FALSE,From model_part_matrix | OCA Glass shared across 6 models
2692,1600,546,FALSE,From model_part_matrix | OCA Glass shared across 6 models
2693,1547,546,FALSE,From model_part_matrix | OCA Glass shared across 6 models
2694,1583,546,FALSE,From model_part_matrix | OCA Glass shared across 6 models
2695,1601,546,FALSE,From model_part_matrix | OCA Glass shared across 6 models
2696,634,547,FALSE,From model_part_matrix | OCA Glass shared across 3 models
2697,699,547,FALSE,From model_part_matrix | OCA Glass shared across 3 models
2698,635,547,FALSE,From model_part_matrix | OCA Glass shared across 3 models
2699,156,548,FALSE,From model_part_matrix | OCA Glass shared across 2 models
2700,700,548,FALSE,From model_part_matrix | OCA Glass shared across 2 models
2701,157,549,FALSE,From model_part_matrix | OCA Glass shared across 7 models
2702,1549,549,FALSE,From model_part_matrix | OCA Glass shared across 7 models
2703,1550,549,FALSE,From model_part_matrix | OCA Glass shared across 7 models
2704,666,549,FALSE,From model_part_matrix | OCA Glass shared across 7 models
2705,702,549,FALSE,From model_part_matrix | OCA Glass shared across 7 models
2706,1551,549,FALSE,From model_part_matrix | OCA Glass shared across 7 models
2707,1553,549,FALSE,From model_part_matrix | OCA Glass shared across 7 models
2708,1554,550,FALSE,From model_part_matrix | OCA Glass shared across 5 models
2709,637,550,FALSE,From model_part_matrix | OCA Glass shared across 5 models
2710,1556,550,FALSE,From model_part_matrix | OCA Glass shared across 5 models
2711,1557,550,FALSE,From model_part_matrix | OCA Glass shared across 5 models
2712,1555,550,FALSE,From model_part_matrix | OCA Glass shared across 5 models
2713,14,551,FALSE,From model_part_matrix | OCA Glass shared across 4 models
2714,1559,551,FALSE,From model_part_matrix | OCA Glass shared across 4 models
2715,1588,551,FALSE,From model_part_matrix | OCA Glass shared across 4 models
2716,1606,551,FALSE,From model_part_matrix | OCA Glass shared across 4 models
2717,1558,552,FALSE,From model_part_matrix | OCA Glass shared across 3 models
2718,1589,552,FALSE,From model_part_matrix | OCA Glass shared across 3 models
2719,1607,552,FALSE,From model_part_matrix | OCA Glass shared across 3 models
2720,1560,553,FALSE,From model_part_matrix | OCA Glass shared across 4 models
2721,1561,553,FALSE,From model_part_matrix | OCA Glass shared across 4 models
2722,1567,553,FALSE,From model_part_matrix | OCA Glass shared across 4 models
2723,1562,553,FALSE,From model_part_matrix | OCA Glass shared across 4 models
2724,159,554,FALSE,From model_part_matrix | OCA Glass shared across 2 models
2725,161,554,FALSE,From model_part_matrix | OCA Glass shared across 2 models
2726,639,555,FALSE,From model_part_matrix | OCA Glass shared across 3 models
2727,668,555,FALSE,From model_part_matrix | OCA Glass shared across 3 models
2728,704,555,FALSE,From model_part_matrix | OCA Glass shared across 3 models
2729,1563,556,FALSE,From model_part_matrix | OCA Glass shared across 3 models
2730,1593,556,FALSE,From model_part_matrix | OCA Glass shared across 3 models
2731,1564,556,FALSE,From model_part_matrix | OCA Glass shared across 3 models
2732,1565,557,FALSE,From model_part_matrix | OCA Glass shared across 4 models
2733,640,557,FALSE,From model_part_matrix | OCA Glass shared across 4 models
2734,670,557,FALSE,From model_part_matrix | OCA Glass shared across 4 models
2735,1618,557,FALSE,From model_part_matrix | OCA Glass shared across 4 models
2736,641,558,FALSE,From model_part_matrix | OCA Glass shared across 4 models
2737,1566,558,FALSE,From model_part_matrix | OCA Glass shared across 4 models
2738,1590,558,FALSE,From model_part_matrix | OCA Glass shared across 4 models
2739,16,558,FALSE,From model_part_matrix | OCA Glass shared across 4 models
2740,642,559,FALSE,From model_part_matrix | OCA Glass shared across 2 models
2741,711,559,FALSE,From model_part_matrix | OCA Glass shared across 2 models
2742,163,560,FALSE,From model_part_matrix | OCA Glass shared across 4 models
2743,1,560,FALSE,From model_part_matrix | OCA Glass shared across 4 models
2744,164,560,FALSE,From model_part_matrix | OCA Glass shared across 4 models
2745,2,560,FALSE,From model_part_matrix | OCA Glass shared across 4 models
2746,646,561,FALSE,From model_part_matrix | OCA Glass shared across 2 models
2747,708,561,FALSE,From model_part_matrix | OCA Glass shared across 2 models
2748,1569,562,FALSE,From model_part_matrix | OCA Glass shared across 3 models
2749,1574,562,FALSE,From model_part_matrix | OCA Glass shared across 3 models
2750,1619,562,FALSE,From model_part_matrix | OCA Glass shared across 3 models
2751,3,563,FALSE,From model_part_matrix | OCA Glass shared across 2 models
2752,1570,563,FALSE,From model_part_matrix | OCA Glass shared across 2 models
2753,1571,564,FALSE,From model_part_matrix | OCA Glass shared across 3 models
2754,648,564,FALSE,From model_part_matrix | OCA Glass shared across 3 models
2755,1572,564,FALSE,From model_part_matrix | OCA Glass shared across 3 models
2756,1573,565,FALSE,From model_part_matrix | OCA Glass shared across 2 models
2757,12,565,FALSE,From model_part_matrix | OCA Glass shared across 2 models
2758,1575,566,FALSE,From model_part_matrix | OCA Glass shared across 2 models
2759,1620,566,FALSE,From model_part_matrix | OCA Glass shared across 2 models
2760,1576,567,FALSE,From model_part_matrix | OCA Glass shared across 4 models
2761,1579,567,FALSE,From model_part_matrix | OCA Glass shared across 4 models
2762,1578,567,FALSE,From model_part_matrix | OCA Glass shared across 4 models
2763,1577,567,FALSE,From model_part_matrix | OCA Glass shared across 4 models
2764,1580,568,FALSE,From model_part_matrix | OCA Glass shared across 5 models
2765,1596,568,FALSE,From model_part_matrix | OCA Glass shared across 5 models
2766,1630,568,FALSE,From model_part_matrix | OCA Glass shared across 5 models
2767,1581,568,FALSE,From model_part_matrix | OCA Glass shared across 5 models
2768,1621,568,FALSE,From model_part_matrix | OCA Glass shared across 5 models
2769,1582,569,FALSE,From model_part_matrix | OCA Glass shared across 4 models
2770,1628,569,FALSE,From model_part_matrix | OCA Glass shared across 4 models
2771,1595,569,FALSE,From model_part_matrix | OCA Glass shared across 4 models
2772,1629,569,FALSE,From model_part_matrix | OCA Glass shared across 4 models
2773,1584,570,FALSE,From model_part_matrix | OCA Glass shared across 4 models
2774,1604,570,FALSE,From model_part_matrix | OCA Glass shared across 4 models
2775,1587,570,FALSE,From model_part_matrix | OCA Glass shared across 4 models
2776,1605,570,FALSE,From model_part_matrix | OCA Glass shared across 4 models
2777,1591,571,FALSE,From model_part_matrix | OCA Glass shared across 11 models
2778,1608,571,FALSE,From model_part_matrix | OCA Glass shared across 11 models
2779,1609,571,FALSE,From model_part_matrix | OCA Glass shared across 11 models
2780,1611,571,FALSE,From model_part_matrix | OCA Glass shared across 11 models
2781,1614,571,FALSE,From model_part_matrix | OCA Glass shared across 11 models
2782,1615,571,FALSE,From model_part_matrix | OCA Glass shared across 11 models
2783,707,571,FALSE,From model_part_matrix | OCA Glass shared across 11 models
2784,1612,571,FALSE,From model_part_matrix | OCA Glass shared across 11 models
2785,1616,571,FALSE,From model_part_matrix | OCA Glass shared across 11 models
2786,1613,571,FALSE,From model_part_matrix | OCA Glass shared across 11 models
2787,1592,571,FALSE,From model_part_matrix | OCA Glass shared across 11 models
2788,1594,572,FALSE,From model_part_matrix | OCA Glass shared across 7 models
2789,1623,572,FALSE,From model_part_matrix | OCA Glass shared across 7 models
2790,1625,572,FALSE,From model_part_matrix | OCA Glass shared across 7 models
2791,1627,572,FALSE,From model_part_matrix | OCA Glass shared across 7 models
2792,1622,572,FALSE,From model_part_matrix | OCA Glass shared across 7 models
2793,1626,572,FALSE,From model_part_matrix | OCA Glass shared across 7 models
2794,1624,572,FALSE,From model_part_matrix | OCA Glass shared across 7 models
2795,675,573,FALSE,From model_part_matrix | OCA Glass shared across 2 models
2796,679,573,FALSE,From model_part_matrix | OCA Glass shared across 2 models
2797,1631,574,FALSE,From model_part_matrix | OCA Glass shared across 2 models
2798,1632,574,FALSE,From model_part_matrix | OCA Glass shared across 2 models
2799,167,575,FALSE,From model_part_matrix | OCA Glass shared across 5 models
2800,1679,575,FALSE,From model_part_matrix | OCA Glass shared across 5 models
2801,1680,575,FALSE,From model_part_matrix | OCA Glass shared across 5 models
2802,1735,575,FALSE,From model_part_matrix | OCA Glass shared across 5 models
2803,177,575,FALSE,From model_part_matrix | OCA Glass shared across 5 models
2804,721,576,FALSE,From model_part_matrix | OCA Glass shared across 2 models
2805,1686,576,FALSE,From model_part_matrix | OCA Glass shared across 2 models
2806,1658,577,FALSE,From model_part_matrix | OCA Glass shared across 9 models
2807,1660,577,FALSE,From model_part_matrix | OCA Glass shared across 9 models
2808,1689,577,FALSE,From model_part_matrix | OCA Glass shared across 9 models
2809,1690,577,FALSE,From model_part_matrix | OCA Glass shared across 9 models
2810,168,577,FALSE,From model_part_matrix | OCA Glass shared across 9 models
2811,1691,577,FALSE,From model_part_matrix | OCA Glass shared across 9 models
2812,1692,577,FALSE,From model_part_matrix | OCA Glass shared across 9 models
2813,1687,577,FALSE,From model_part_matrix | OCA Glass shared across 9 models
2814,1688,577,FALSE,From model_part_matrix | OCA Glass shared across 9 models
2815,1665,578,FALSE,From model_part_matrix | OCA Glass shared across 8 models
2816,1706,578,FALSE,From model_part_matrix | OCA Glass shared across 8 models
2817,1707,578,FALSE,From model_part_matrix | OCA Glass shared across 8 models
2818,1708,578,FALSE,From model_part_matrix | OCA Glass shared across 8 models
2819,1677,578,FALSE,From model_part_matrix | OCA Glass shared across 8 models
2820,1678,578,FALSE,From model_part_matrix | OCA Glass shared across 8 models
2821,1666,578,FALSE,From model_part_matrix | OCA Glass shared across 8 models
2822,1667,578,FALSE,From model_part_matrix | OCA Glass shared across 8 models
2823,1710,579,FALSE,From model_part_matrix | OCA Glass shared across 4 models
2824,1712,579,FALSE,From model_part_matrix | OCA Glass shared across 4 models
2825,1713,579,FALSE,From model_part_matrix | OCA Glass shared across 4 models
2826,1810,579,FALSE,From model_part_matrix | OCA Glass shared across 4 models
2827,1714,580,FALSE,From model_part_matrix | OCA Glass shared across 4 models
2828,1718,580,FALSE,From model_part_matrix | OCA Glass shared across 4 models
2829,178,580,FALSE,From model_part_matrix | OCA Glass shared across 4 models
2830,1815,580,FALSE,From model_part_matrix | OCA Glass shared across 4 models
2831,1720,581,FALSE,From model_part_matrix | OCA Glass shared across 12 models
2832,736,581,FALSE,From model_part_matrix | OCA Glass shared across 12 models
2833,1721,581,FALSE,From model_part_matrix | OCA Glass shared across 12 models
2834,739,581,FALSE,From model_part_matrix | OCA Glass shared across 12 models
2835,1729,581,FALSE,From model_part_matrix | OCA Glass shared across 12 models
2836,1730,581,FALSE,From model_part_matrix | OCA Glass shared across 12 models
2837,727,581,FALSE,From model_part_matrix | OCA Glass shared across 12 models
2838,722,581,FALSE,From model_part_matrix | OCA Glass shared across 12 models
2839,1725,581,FALSE,From model_part_matrix | OCA Glass shared across 12 models
2840,728,581,FALSE,From model_part_matrix | OCA Glass shared across 12 models
2841,1769,581,FALSE,From model_part_matrix | OCA Glass shared across 12 models
2842,747,581,FALSE,From model_part_matrix | OCA Glass shared across 12 models
2843,1830,582,FALSE,From model_part_matrix | OCA Glass shared across 7 models
2844,751,582,FALSE,From model_part_matrix | OCA Glass shared across 7 models
2845,1838,582,FALSE,From model_part_matrix | OCA Glass shared across 7 models
2846,830,582,FALSE,From model_part_matrix | OCA Glass shared across 7 models
2847,828,582,FALSE,From model_part_matrix | OCA Glass shared across 7 models
2848,1933,582,FALSE,From model_part_matrix | OCA Glass shared across 7 models
2849,1877,582,FALSE,From model_part_matrix | OCA Glass shared across 7 models
2850,181,583,FALSE,From model_part_matrix | OCA Glass shared across 4 models
2851,182,583,FALSE,From model_part_matrix | OCA Glass shared across 4 models
2852,844,583,FALSE,From model_part_matrix | OCA Glass shared across 4 models
2853,834,583,FALSE,From model_part_matrix | OCA Glass shared across 4 models
2854,1831,584,FALSE,From model_part_matrix | OCA Glass shared across 5 models
2855,1861,584,FALSE,From model_part_matrix | OCA Glass shared across 5 models
2856,1840,584,FALSE,From model_part_matrix | OCA Glass shared across 5 models
2857,1832,584,FALSE,From model_part_matrix | OCA Glass shared across 5 models
2858,1833,584,FALSE,From model_part_matrix | OCA Glass shared across 5 models
2859,1835,585,FALSE,From model_part_matrix | OCA Glass shared across 6 models
2860,1842,585,FALSE,From model_part_matrix | OCA Glass shared across 6 models
2861,1863,585,FALSE,From model_part_matrix | OCA Glass shared across 6 models
2862,1862,585,FALSE,From model_part_matrix | OCA Glass shared across 6 models
2863,1859,585,FALSE,From model_part_matrix | OCA Glass shared across 6 models
2864,1841,585,FALSE,From model_part_matrix | OCA Glass shared across 6 models
2865,1837,586,FALSE,From model_part_matrix | OCA Glass shared across 3 models
2866,1856,586,FALSE,From model_part_matrix | OCA Glass shared across 3 models
2867,1839,586,FALSE,From model_part_matrix | OCA Glass shared across 3 models
2868,1845,587,FALSE,From model_part_matrix | OCA Glass shared across 4 models
2869,1894,587,FALSE,From model_part_matrix | OCA Glass shared across 4 models
2870,1912,587,FALSE,From model_part_matrix | OCA Glass shared across 4 models
2871,1895,587,FALSE,From model_part_matrix | OCA Glass shared across 4 models
2872,1846,588,FALSE,From model_part_matrix | OCA Glass shared across 6 models
2873,1896,588,FALSE,From model_part_matrix | OCA Glass shared across 6 models
2874,780,588,FALSE,From model_part_matrix | OCA Glass shared across 6 models
2875,188,588,FALSE,From model_part_matrix | OCA Glass shared across 6 models
2876,1869,588,FALSE,From model_part_matrix | OCA Glass shared across 6 models
2877,1051,588,FALSE,From model_part_matrix | OCA Glass shared across 6 models
2878,761,589,FALSE,From model_part_matrix | OCA Glass shared across 6 models
2879,196,589,FALSE,From model_part_matrix | OCA Glass shared across 6 models
2880,197,589,FALSE,From model_part_matrix | OCA Glass shared across 6 models
2881,199,589,FALSE,From model_part_matrix | OCA Glass shared across 6 models
2882,200,589,FALSE,From model_part_matrix | OCA Glass shared across 6 models
2883,206,589,FALSE,From model_part_matrix | OCA Glass shared across 6 models
2884,183,590,FALSE,From model_part_matrix | OCA Glass shared across 5 models
2885,763,590,FALSE,From model_part_matrix | OCA Glass shared across 5 models
2886,846,590,FALSE,From model_part_matrix | OCA Glass shared across 5 models
2887,842,590,FALSE,From model_part_matrix | OCA Glass shared across 5 models
2888,845,590,FALSE,From model_part_matrix | OCA Glass shared across 5 models
2889,762,591,FALSE,From model_part_matrix | OCA Glass shared across 2 models
2890,773,591,FALSE,From model_part_matrix | OCA Glass shared across 2 models
2891,1852,592,FALSE,From model_part_matrix | OCA Glass shared across 2 models
2892,193,592,FALSE,From model_part_matrix | OCA Glass shared across 2 models
2893,1853,593,FALSE,From model_part_matrix | OCA Glass shared across 2 models
2894,1854,593,FALSE,From model_part_matrix | OCA Glass shared across 2 models
2895,1857,594,FALSE,From model_part_matrix | OCA Glass shared across 3 models
2896,1878,594,FALSE,From model_part_matrix | OCA Glass shared across 3 models
2897,1879,594,FALSE,From model_part_matrix | OCA Glass shared across 3 models
2898,769,595,FALSE,From model_part_matrix | OCA Glass shared across 3 models
2899,1866,595,FALSE,From model_part_matrix | OCA Glass shared across 3 models
2900,831,595,FALSE,From model_part_matrix | OCA Glass shared across 3 models
2901,189,596,FALSE,From model_part_matrix | OCA Glass shared across 2 models
2902,1937,596,FALSE,From model_part_matrix | OCA Glass shared across 2 models
2903,1871,597,FALSE,From model_part_matrix | OCA Glass shared across 3 models
2904,827,597,FALSE,From model_part_matrix | OCA Glass shared across 3 models
2905,1939,597,FALSE,From model_part_matrix | OCA Glass shared across 3 models
2906,771,598,FALSE,From model_part_matrix | OCA Glass shared across 3 models
2907,832,598,FALSE,From model_part_matrix | OCA Glass shared across 3 models
2908,1953,598,FALSE,From model_part_matrix | OCA Glass shared across 3 models
2909,1872,599,FALSE,From model_part_matrix | OCA Glass shared across 4 models
2910,1874,599,FALSE,From model_part_matrix | OCA Glass shared across 4 models
2911,1873,599,FALSE,From model_part_matrix | OCA Glass shared across 4 models
2912,1957,599,FALSE,From model_part_matrix | OCA Glass shared across 4 models
2913,1875,600,FALSE,From model_part_matrix | OCA Glass shared across 2 models
2914,1876,600,FALSE,From model_part_matrix | OCA Glass shared across 2 models
2915,775,601,FALSE,From model_part_matrix | OCA Glass shared across 4 models
2916,1881,601,FALSE,From model_part_matrix | OCA Glass shared across 4 models
2917,1880,601,FALSE,From model_part_matrix | OCA Glass shared across 4 models
2918,776,601,FALSE,From model_part_matrix | OCA Glass shared across 4 models
2919,779,602,FALSE,From model_part_matrix | OCA Glass shared across 4 models
2920,790,602,FALSE,From model_part_matrix | OCA Glass shared across 4 models
2921,789,602,FALSE,From model_part_matrix | OCA Glass shared across 4 models
2922,1909,602,FALSE,From model_part_matrix | OCA Glass shared across 4 models
2923,791,603,FALSE,From model_part_matrix | OCA Glass shared across 3 models
2924,1906,603,FALSE,From model_part_matrix | OCA Glass shared across 3 models
2925,1927,603,FALSE,From model_part_matrix | OCA Glass shared across 3 models
2926,793,604,FALSE,From model_part_matrix | OCA Glass shared across 7 models
2927,836,604,FALSE,From model_part_matrix | OCA Glass shared across 7 models
2928,838,604,FALSE,From model_part_matrix | OCA Glass shared across 7 models
2929,835,604,FALSE,From model_part_matrix | OCA Glass shared across 7 models
2930,837,604,FALSE,From model_part_matrix | OCA Glass shared across 7 models
2931,839,604,FALSE,From model_part_matrix | OCA Glass shared across 7 models
2932,841,604,FALSE,From model_part_matrix | OCA Glass shared across 7 models
2933,1904,605,FALSE,From model_part_matrix | OCA Glass shared across 5 models
2934,1905,605,FALSE,From model_part_matrix | OCA Glass shared across 5 models
2935,205,605,FALSE,From model_part_matrix | OCA Glass shared across 5 models
2936,1921,605,FALSE,From model_part_matrix | OCA Glass shared across 5 models
2937,1923,605,FALSE,From model_part_matrix | OCA Glass shared across 5 models
2938,1910,606,FALSE,From model_part_matrix | OCA Glass shared across 5 models
2939,814,606,FALSE,From model_part_matrix | OCA Glass shared across 5 models
2940,1915,606,FALSE,From model_part_matrix | OCA Glass shared across 5 models
2941,1928,606,FALSE,From model_part_matrix | OCA Glass shared across 5 models
2942,826,606,FALSE,From model_part_matrix | OCA Glass shared across 5 models
2943,208,607,FALSE,From model_part_matrix | OCA Glass shared across 2 models
2944,1920,607,FALSE,From model_part_matrix | OCA Glass shared across 2 models
2945,211,608,FALSE,From model_part_matrix | OCA Glass shared across 5 models
2946,1954,608,FALSE,From model_part_matrix | OCA Glass shared across 5 models
2947,212,608,FALSE,From model_part_matrix | OCA Glass shared across 5 models
2948,1956,608,FALSE,From model_part_matrix | OCA Glass shared across 5 models
2949,1955,608,FALSE,From model_part_matrix | OCA Glass shared across 5 models
2950,843,609,FALSE,From model_part_matrix | OCA Glass shared across 2 models
2951,847,609,FALSE,From model_part_matrix | OCA Glass shared across 2 models
2952,1961,610,FALSE,From model_part_matrix | OCA Glass shared across 3 models
2953,899,610,FALSE,From model_part_matrix | OCA Glass shared across 3 models
2954,1962,610,FALSE,From model_part_matrix | OCA Glass shared across 3 models
2955,1965,611,FALSE,From model_part_matrix | OCA Glass shared across 4 models
2956,1992,611,FALSE,From model_part_matrix | OCA Glass shared across 4 models
2957,1993,611,FALSE,From model_part_matrix | OCA Glass shared across 4 models
2958,1966,611,FALSE,From model_part_matrix | OCA Glass shared across 4 models
2959,1968,612,FALSE,From model_part_matrix | OCA Glass shared across 3 models
2960,1969,612,FALSE,From model_part_matrix | OCA Glass shared across 3 models
2961,2009,612,FALSE,From model_part_matrix | OCA Glass shared across 3 models
2962,1970,613,FALSE,From model_part_matrix | OCA Glass shared across 4 models
2963,1972,613,FALSE,From model_part_matrix | OCA Glass shared across 4 models
2964,1971,613,FALSE,From model_part_matrix | OCA Glass shared across 4 models
2965,1973,613,FALSE,From model_part_matrix | OCA Glass shared across 4 models
2966,859,614,FALSE,From model_part_matrix | OCA Glass shared across 2 models
2967,860,614,FALSE,From model_part_matrix | OCA Glass shared across 2 models
2968,1978,615,FALSE,From model_part_matrix | OCA Glass shared across 3 models
2969,1979,615,FALSE,From model_part_matrix | OCA Glass shared across 3 models
2970,2003,615,FALSE,From model_part_matrix | OCA Glass shared across 3 models
2971,873,616,FALSE,From model_part_matrix | OCA Glass shared across 2 models
2972,895,616,FALSE,From model_part_matrix | OCA Glass shared across 2 models
2973,874,617,FALSE,From model_part_matrix | OCA Glass shared across 2 models
2974,876,617,FALSE,From model_part_matrix | OCA Glass shared across 2 models
2975,875,618,FALSE,From model_part_matrix | OCA Glass shared across 2 models
2976,886,618,FALSE,From model_part_matrix | OCA Glass shared across 2 models
2977,1981,619,FALSE,From model_part_matrix | OCA Glass shared across 2 models
2978,2032,619,FALSE,From model_part_matrix | OCA Glass shared across 2 models
2979,1982,620,FALSE,From model_part_matrix | OCA Glass shared across 3 models
2980,1983,620,FALSE,From model_part_matrix | OCA Glass shared across 3 models
2981,1984,620,FALSE,From model_part_matrix | OCA Glass shared across 3 models
2982,1999,621,FALSE,From model_part_matrix | OCA Glass shared across 3 models
2983,2000,621,FALSE,From model_part_matrix | OCA Glass shared across 3 models
2984,2004,621,FALSE,From model_part_matrix | OCA Glass shared across 3 models
2985,24,622,FALSE,From model_part_matrix | OCA Glass shared across 2 models
2986,2028,622,FALSE,From model_part_matrix | OCA Glass shared across 2 models
2987,910,623,FALSE,From model_part_matrix | OCA Glass shared across 3 models
2988,911,623,FALSE,From model_part_matrix | OCA Glass shared across 3 models
2989,912,623,FALSE,From model_part_matrix | OCA Glass shared across 3 models
2990,920,624,FALSE,From model_part_matrix | OCA Glass shared across 2 models
2991,921,624,FALSE,From model_part_matrix | OCA Glass shared across 2 models
2992,66,625,FALSE,From model_part_matrix | Display shared across 17 models
2993,1795,625,FALSE,From model_part_matrix | Display shared across 17 models
2994,175,625,FALSE,From model_part_matrix | Display shared across 17 models
2995,718,625,FALSE,From model_part_matrix | Display shared across 17 models
2996,67,625,FALSE,From model_part_matrix | Display shared across 17 models
2997,738,625,FALSE,From model_part_matrix | Display shared across 17 models
2998,272,625,FALSE,From model_part_matrix | Display shared across 17 models
2999,283,625,FALSE,From model_part_matrix | Display shared across 17 models
3000,1215,625,FALSE,From model_part_matrix | Display shared across 17 models
3001,1674,625,FALSE,From model_part_matrix | Display shared across 17 models
3002,1675,625,FALSE,From model_part_matrix | Display shared across 17 models
3003,1216,625,FALSE,From model_part_matrix | Display shared across 17 models
3004,1209,625,FALSE,From model_part_matrix | Display shared across 17 models
3005,1770,625,FALSE,From model_part_matrix | Display shared across 17 models
3006,1771,625,FALSE,From model_part_matrix | Display shared across 17 models
3007,1223,625,FALSE,From model_part_matrix | Display shared across 17 models
3008,1731,625,FALSE,From model_part_matrix | Display shared across 17 models
3009,1075,626,FALSE,From model_part_matrix | Display shared across 12 models
3010,1166,626,FALSE,From model_part_matrix | Display shared across 12 models
3011,1168,626,FALSE,From model_part_matrix | Display shared across 12 models
3012,1167,626,FALSE,From model_part_matrix | Display shared across 12 models
3013,1311,626,FALSE,From model_part_matrix | Display shared across 12 models
3014,1312,626,FALSE,From model_part_matrix | Display shared across 12 models
3015,1314,626,FALSE,From model_part_matrix | Display shared across 12 models
3016,1285,626,FALSE,From model_part_matrix | Display shared across 12 models
3017,1287,626,FALSE,From model_part_matrix | Display shared across 12 models
3018,1302,626,FALSE,From model_part_matrix | Display shared across 12 models
3019,1119,626,FALSE,From model_part_matrix | Display shared across 12 models
3020,274,626,FALSE,From model_part_matrix | Display shared across 12 models
3021,256,627,FALSE,From model_part_matrix | Display shared across 14 models
3022,260,627,FALSE,From model_part_matrix | Display shared across 14 models
3023,730,627,FALSE,From model_part_matrix | Display shared across 14 models
3024,1772,627,FALSE,From model_part_matrix | Display shared across 14 models
3025,741,627,FALSE,From model_part_matrix | Display shared across 14 models
3026,1288,627,FALSE,From model_part_matrix | Display shared across 14 models
3027,297,627,FALSE,From model_part_matrix | Display shared across 14 models
3028,1300,627,FALSE,From model_part_matrix | Display shared across 14 models
3029,1301,627,FALSE,From model_part_matrix | Display shared across 14 models
3030,284,627,FALSE,From model_part_matrix | Display shared across 14 models
3031,1232,627,FALSE,From model_part_matrix | Display shared across 14 models
3032,1233,627,FALSE,From model_part_matrix | Display shared across 14 models
3033,1773,627,FALSE,From model_part_matrix | Display shared across 14 models
3034,1733,627,FALSE,From model_part_matrix | Display shared across 14 models
3035,257,628,FALSE,From model_part_matrix | Display shared across 14 models
3036,259,628,FALSE,From model_part_matrix | Display shared across 14 models
3037,1817,628,FALSE,From model_part_matrix | Display shared across 14 models
3038,1290,628,FALSE,From model_part_matrix | Display shared across 14 models
3039,1316,628,FALSE,From model_part_matrix | Display shared across 14 models
3040,68,628,FALSE,From model_part_matrix | Display shared across 14 models
3041,1210,628,FALSE,From model_part_matrix | Display shared across 14 models
3042,1234,628,FALSE,From model_part_matrix | Display shared across 14 models
3043,1211,628,FALSE,From model_part_matrix | Display shared across 14 models
3044,1235,628,FALSE,From model_part_matrix | Display shared across 14 models
3045,1237,628,FALSE,From model_part_matrix | Display shared across 14 models
3046,1236,628,FALSE,From model_part_matrix | Display shared across 14 models
3047,1238,628,FALSE,From model_part_matrix | Display shared across 14 models
3048,1734,628,FALSE,From model_part_matrix | Display shared across 14 models
3049,1076,629,FALSE,From model_part_matrix | Display shared across 2 models
3050,1190,629,FALSE,From model_part_matrix | Display shared across 2 models
3051,69,630,FALSE,From model_part_matrix | Display shared across 20 models
3052,1214,630,FALSE,From model_part_matrix | Display shared across 20 models
3053,1079,630,FALSE,From model_part_matrix | Display shared across 20 models
3054,1819,630,FALSE,From model_part_matrix | Display shared across 20 models
3055,1749,630,FALSE,From model_part_matrix | Display shared across 20 models
3056,1201,630,FALSE,From model_part_matrix | Display shared across 20 models
3057,1655,630,FALSE,From model_part_matrix | Display shared across 20 models
3058,1681,630,FALSE,From model_part_matrix | Display shared across 20 models
3059,1774,630,FALSE,From model_part_matrix | Display shared across 20 models
3060,1804,630,FALSE,From model_part_matrix | Display shared across 20 models
3061,1246,630,FALSE,From model_part_matrix | Display shared across 20 models
3062,1202,630,FALSE,From model_part_matrix | Display shared across 20 models
3063,1656,630,FALSE,From model_part_matrix | Display shared across 20 models
3064,1683,630,FALSE,From model_part_matrix | Display shared across 20 models
3065,1659,630,FALSE,From model_part_matrix | Display shared across 20 models
3066,1684,630,FALSE,From model_part_matrix | Display shared across 20 models
3067,1247,630,FALSE,From model_part_matrix | Display shared across 20 models
3068,1203,630,FALSE,From model_part_matrix | Display shared across 20 models
3069,1657,630,FALSE,From model_part_matrix | Display shared across 20 models
3070,1685,630,FALSE,From model_part_matrix | Display shared across 20 models
3071,261,631,FALSE,From model_part_matrix | Display shared across 22 models
3072,1315,631,FALSE,From model_part_matrix | Display shared across 22 models
3073,1309,631,FALSE,From model_part_matrix | Display shared across 22 models
3074,1823,631,FALSE,From model_part_matrix | Display shared across 22 models
3075,1305,631,FALSE,From model_part_matrix | Display shared across 22 models
3076,1820,631,FALSE,From model_part_matrix | Display shared across 22 models
3077,1825,631,FALSE,From model_part_matrix | Display shared across 22 models
3078,1317,631,FALSE,From model_part_matrix | Display shared across 22 models
3079,1289,631,FALSE,From model_part_matrix | Display shared across 22 models
3080,1742,631,FALSE,From model_part_matrix | Display shared across 22 models
3081,1738,631,FALSE,From model_part_matrix | Display shared across 22 models
3082,1739,631,FALSE,From model_part_matrix | Display shared across 22 models
3083,1750,631,FALSE,From model_part_matrix | Display shared across 22 models
3084,1740,631,FALSE,From model_part_matrix | Display shared across 22 models
3085,1743,631,FALSE,From model_part_matrix | Display shared across 22 models
3086,1177,631,FALSE,From model_part_matrix | Display shared across 22 models
3087,1178,631,FALSE,From model_part_matrix | Display shared across 22 models
3088,1641,631,FALSE,From model_part_matrix | Display shared across 22 models
3089,2123,631,FALSE,From model_part_matrix | Display shared across 22 models
3090,1077,631,FALSE,From model_part_matrix | Display shared across 22 models
3091,1789,631,FALSE,From model_part_matrix | Display shared across 22 models
3092,1640,631,FALSE,From model_part_matrix | Display shared across 22 models
3093,70,632,FALSE,From model_part_matrix | Display shared across 17 models
3094,271,632,FALSE,From model_part_matrix | Display shared across 17 models
3095,264,632,FALSE,From model_part_matrix | Display shared across 17 models
3096,265,632,FALSE,From model_part_matrix | Display shared across 17 models
3097,731,632,FALSE,From model_part_matrix | Display shared across 17 models
3098,1292,632,FALSE,From model_part_matrix | Display shared across 17 models
3099,1205,632,FALSE,From model_part_matrix | Display shared across 17 models
3100,1206,632,FALSE,From model_part_matrix | Display shared across 17 models
3101,1204,632,FALSE,From model_part_matrix | Display shared across 17 models
3102,1207,632,FALSE,From model_part_matrix | Display shared across 17 models
3103,1208,632,FALSE,From model_part_matrix | Display shared across 17 models
3104,1212,632,FALSE,From model_part_matrix | Display shared across 17 models
3105,1213,632,FALSE,From model_part_matrix | Display shared across 17 models
3106,1778,632,FALSE,From model_part_matrix | Display shared across 17 models
3107,1779,632,FALSE,From model_part_matrix | Display shared across 17 models
3108,729,632,FALSE,From model_part_matrix | Display shared across 17 models
3109,1780,632,FALSE,From model_part_matrix | Display shared across 17 models
3110,263,633,FALSE,From model_part_matrix | Display shared across 7 models
3111,1120,633,FALSE,From model_part_matrix | Display shared across 7 models
3112,1126,633,FALSE,From model_part_matrix | Display shared across 7 models
3113,1080,633,FALSE,From model_part_matrix | Display shared across 7 models
3114,1142,633,FALSE,From model_part_matrix | Display shared across 7 models
3115,1146,633,FALSE,From model_part_matrix | Display shared across 7 models
3116,1174,633,FALSE,From model_part_matrix | Display shared across 7 models
3117,1078,634,FALSE,From model_part_matrix | Display shared across 3 models
3118,1175,634,FALSE,From model_part_matrix | Display shared across 3 models
3119,1176,634,FALSE,From model_part_matrix | Display shared across 3 models
3120,1081,635,FALSE,From model_part_matrix | Display shared across 27 models
3121,1217,635,FALSE,From model_part_matrix | Display shared across 27 models
3122,1219,635,FALSE,From model_part_matrix | Display shared across 27 models
3123,1222,635,FALSE,From model_part_matrix | Display shared across 27 models
3124,1184,635,FALSE,From model_part_matrix | Display shared across 27 models
3125,1221,635,FALSE,From model_part_matrix | Display shared across 27 models
3126,1218,635,FALSE,From model_part_matrix | Display shared across 27 models
3127,1220,635,FALSE,From model_part_matrix | Display shared across 27 models
3128,1783,635,FALSE,From model_part_matrix | Display shared across 27 models
3129,1782,635,FALSE,From model_part_matrix | Display shared across 27 models
3130,1799,635,FALSE,From model_part_matrix | Display shared across 27 models
3131,1339,635,FALSE,From model_part_matrix | Display shared across 27 models
3132,1328,635,FALSE,From model_part_matrix | Display shared across 27 models
3133,1324,635,FALSE,From model_part_matrix | Display shared across 27 models
3134,1326,635,FALSE,From model_part_matrix | Display shared across 27 models
3135,1082,635,FALSE,From model_part_matrix | Display shared across 27 models
3136,1759,635,FALSE,From model_part_matrix | Display shared across 27 models
3137,1756,635,FALSE,From model_part_matrix | Display shared across 27 models
3138,1761,635,FALSE,From model_part_matrix | Display shared across 27 models
3139,1809,635,FALSE,From model_part_matrix | Display shared across 27 models
3140,1768,635,FALSE,From model_part_matrix | Display shared across 27 models
3141,1798,635,FALSE,From model_part_matrix | Display shared across 27 models
3142,1808,635,FALSE,From model_part_matrix | Display shared across 27 models
3143,1101,635,FALSE,From model_part_matrix | Display shared across 27 models
3144,1083,635,FALSE,From model_part_matrix | Display shared across 27 models
3145,1781,635,FALSE,From model_part_matrix | Display shared across 27 models
3146,1107,635,FALSE,From model_part_matrix | Display shared across 27 models
3147,266,636,FALSE,From model_part_matrix | Display shared across 34 models
3148,1276,636,FALSE,From model_part_matrix | Display shared across 34 models
3149,1277,636,FALSE,From model_part_matrix | Display shared across 34 models
3150,1121,636,FALSE,From model_part_matrix | Display shared across 34 models
3151,1806,636,FALSE,From model_part_matrix | Display shared across 34 models
3152,1791,636,FALSE,From model_part_matrix | Display shared across 34 models
3153,1790,636,FALSE,From model_part_matrix | Display shared across 34 models
3154,732,636,FALSE,From model_part_matrix | Display shared across 34 models
3155,1291,636,FALSE,From model_part_matrix | Display shared across 34 models
3156,745,636,FALSE,From model_part_matrix | Display shared across 34 models
3157,1807,636,FALSE,From model_part_matrix | Display shared across 34 models
3158,1122,636,FALSE,From model_part_matrix | Display shared across 34 models
3159,1149,636,FALSE,From model_part_matrix | Display shared across 34 models
3160,1179,636,FALSE,From model_part_matrix | Display shared across 34 models
3161,1642,636,FALSE,From model_part_matrix | Display shared across 34 models
3162,1148,636,FALSE,From model_part_matrix | Display shared across 34 models
3163,1147,636,FALSE,From model_part_matrix | Display shared across 34 models
3164,1755,636,FALSE,From model_part_matrix | Display shared across 34 models
3165,1754,636,FALSE,From model_part_matrix | Display shared across 34 models
3166,1753,636,FALSE,From model_part_matrix | Display shared across 34 models
3167,1643,636,FALSE,From model_part_matrix | Display shared across 34 models
3168,1644,636,FALSE,From model_part_matrix | Display shared across 34 models
3169,1645,636,FALSE,From model_part_matrix | Display shared across 34 models
3170,1646,636,FALSE,From model_part_matrix | Display shared across 34 models
3171,1298,636,FALSE,From model_part_matrix | Display shared across 34 models
3172,1757,636,FALSE,From model_part_matrix | Display shared across 34 models
3173,1180,636,FALSE,From model_part_matrix | Display shared across 34 models
3174,1282,636,FALSE,From model_part_matrix | Display shared across 34 models
3175,1272,636,FALSE,From model_part_matrix | Display shared across 34 models
3176,1307,636,FALSE,From model_part_matrix | Display shared across 34 models
3177,1267,636,FALSE,From model_part_matrix | Display shared across 34 models
3178,1294,636,FALSE,From model_part_matrix | Display shared across 34 models
3179,2033,636,FALSE,From model_part_matrix | Display shared across 34 models
3180,2034,636,FALSE,From model_part_matrix | Display shared across 34 models
3181,267,637,FALSE,From model_part_matrix | Display shared across 23 models
3182,282,637,FALSE,From model_part_matrix | Display shared across 23 models
3183,1152,637,FALSE,From model_part_matrix | Display shared across 23 models
3184,1153,637,FALSE,From model_part_matrix | Display shared across 23 models
3185,276,637,FALSE,From model_part_matrix | Display shared across 23 models
3186,746,637,FALSE,From model_part_matrix | Display shared across 23 models
3187,277,637,FALSE,From model_part_matrix | Display shared across 23 models
3188,733,637,FALSE,From model_part_matrix | Display shared across 23 models
3189,734,637,FALSE,From model_part_matrix | Display shared across 23 models
3190,726,637,FALSE,From model_part_matrix | Display shared across 23 models
3191,1293,637,FALSE,From model_part_matrix | Display shared across 23 models
3192,1295,637,FALSE,From model_part_matrix | Display shared across 23 models
3193,1296,637,FALSE,From model_part_matrix | Display shared across 23 models
3194,1278,637,FALSE,From model_part_matrix | Display shared across 23 models
3195,1308,637,FALSE,From model_part_matrix | Display shared across 23 models
3196,1306,637,FALSE,From model_part_matrix | Display shared across 23 models
3197,296,637,FALSE,From model_part_matrix | Display shared across 23 models
3198,295,637,FALSE,From model_part_matrix | Display shared across 23 models
3199,1650,637,FALSE,From model_part_matrix | Display shared across 23 models
3200,1758,637,FALSE,From model_part_matrix | Display shared across 23 models
3201,1647,637,FALSE,From model_part_matrix | Display shared across 23 models
3202,1648,637,FALSE,From model_part_matrix | Display shared across 23 models
3203,1649,637,FALSE,From model_part_matrix | Display shared across 23 models
3204,1084,638,FALSE,From model_part_matrix | Display shared across 35 models
3205,1186,638,FALSE,From model_part_matrix | Display shared across 35 models
3206,1085,638,FALSE,From model_part_matrix | Display shared across 35 models
3207,1156,638,FALSE,From model_part_matrix | Display shared across 35 models
3208,1123,638,FALSE,From model_part_matrix | Display shared across 35 models
3209,1158,638,FALSE,From model_part_matrix | Display shared across 35 models
3210,1826,638,FALSE,From model_part_matrix | Display shared across 35 models
3211,1762,638,FALSE,From model_part_matrix | Display shared across 35 models
3212,1811,638,FALSE,From model_part_matrix | Display shared across 35 models
3213,1765,638,FALSE,From model_part_matrix | Display shared across 35 models
3214,1297,638,FALSE,From model_part_matrix | Display shared across 35 models
3215,1299,638,FALSE,From model_part_matrix | Display shared across 35 models
3216,1812,638,FALSE,From model_part_matrix | Display shared across 35 models
3217,1764,638,FALSE,From model_part_matrix | Display shared across 35 models
3218,1283,638,FALSE,From model_part_matrix | Display shared across 35 models
3219,1281,638,FALSE,From model_part_matrix | Display shared across 35 models
3220,1802,638,FALSE,From model_part_matrix | Display shared across 35 models
3221,1792,638,FALSE,From model_part_matrix | Display shared across 35 models
3222,1794,638,FALSE,From model_part_matrix | Display shared across 35 models
3223,1766,638,FALSE,From model_part_matrix | Display shared across 35 models
3224,1813,638,FALSE,From model_part_matrix | Display shared across 35 models
3225,1157,638,FALSE,From model_part_matrix | Display shared across 35 models
3226,1187,638,FALSE,From model_part_matrix | Display shared across 35 models
3227,1159,638,FALSE,From model_part_matrix | Display shared across 35 models
3228,1805,638,FALSE,From model_part_matrix | Display shared across 35 models
3229,1763,638,FALSE,From model_part_matrix | Display shared across 35 models
3230,1793,638,FALSE,From model_part_matrix | Display shared across 35 models
3231,1827,638,FALSE,From model_part_matrix | Display shared across 35 models
3232,1087,638,FALSE,From model_part_matrix | Display shared across 35 models
3233,1188,638,FALSE,From model_part_matrix | Display shared across 35 models
3234,1828,638,FALSE,From model_part_matrix | Display shared across 35 models
3235,1767,638,FALSE,From model_part_matrix | Display shared across 35 models
3236,1816,638,FALSE,From model_part_matrix | Display shared across 35 models
3237,2045,638,FALSE,From model_part_matrix | Display shared across 35 models
3238,2046,638,FALSE,From model_part_matrix | Display shared across 35 models
3239,925,639,FALSE,From model_part_matrix | Display shared across 14 models
3240,1103,639,FALSE,From model_part_matrix | Display shared across 14 models
3241,1224,639,FALSE,From model_part_matrix | Display shared across 14 models
3242,1104,639,FALSE,From model_part_matrix | Display shared across 14 models
3243,1226,639,FALSE,From model_part_matrix | Display shared across 14 models
3244,1105,639,FALSE,From model_part_matrix | Display shared across 14 models
3245,1227,639,FALSE,From model_part_matrix | Display shared across 14 models
3246,1106,639,FALSE,From model_part_matrix | Display shared across 14 models
3247,1225,639,FALSE,From model_part_matrix | Display shared across 14 models
3248,1024,639,FALSE,From model_part_matrix | Display shared across 14 models
3249,1760,639,FALSE,From model_part_matrix | Display shared across 14 models
3250,1245,639,FALSE,From model_part_matrix | Display shared across 14 models
3251,1229,639,FALSE,From model_part_matrix | Display shared across 14 models
3252,1231,639,FALSE,From model_part_matrix | Display shared across 14 models
3253,1086,640,FALSE,From model_part_matrix | Display shared across 6 models
3254,1112,640,FALSE,From model_part_matrix | Display shared across 6 models
3255,1113,640,FALSE,From model_part_matrix | Display shared across 6 models
3256,1115,640,FALSE,From model_part_matrix | Display shared across 6 models
3257,1114,640,FALSE,From model_part_matrix | Display shared across 6 models
3258,1116,640,FALSE,From model_part_matrix | Display shared across 6 models
3259,2035,641,FALSE,From model_part_matrix | Display shared across 11 models
3260,2051,641,FALSE,From model_part_matrix | Display shared across 11 models
3261,2047,641,FALSE,From model_part_matrix | Display shared across 11 models
3262,2126,641,FALSE,From model_part_matrix | Display shared across 11 models
3263,2131,641,FALSE,From model_part_matrix | Display shared across 11 models
3264,2059,641,FALSE,From model_part_matrix | Display shared across 11 models
3265,2058,641,FALSE,From model_part_matrix | Display shared across 11 models
3266,2054,641,FALSE,From model_part_matrix | Display shared across 11 models
3267,2057,641,FALSE,From model_part_matrix | Display shared across 11 models
3268,2127,641,FALSE,From model_part_matrix | Display shared across 11 models
3269,2130,641,FALSE,From model_part_matrix | Display shared across 11 models
3270,1088,642,FALSE,From model_part_matrix | Display shared across 4 models
3271,1131,642,FALSE,From model_part_matrix | Display shared across 4 models
3272,1132,642,FALSE,From model_part_matrix | Display shared across 4 models
3273,1094,642,FALSE,From model_part_matrix | Display shared across 4 models
3274,1089,643,FALSE,From model_part_matrix | Display shared across 4 models
3275,1133,643,FALSE,From model_part_matrix | Display shared across 4 models
3276,1134,643,FALSE,From model_part_matrix | Display shared across 4 models
3277,1090,643,FALSE,From model_part_matrix | Display shared across 4 models
3278,74,644,FALSE,From model_part_matrix | Display shared across 14 models
3279,1137,644,FALSE,From model_part_matrix | Display shared across 14 models
3280,1138,644,FALSE,From model_part_matrix | Display shared across 14 models
3281,1139,644,FALSE,From model_part_matrix | Display shared across 14 models
3282,1140,644,FALSE,From model_part_matrix | Display shared across 14 models
3283,1716,644,FALSE,From model_part_matrix | Display shared across 14 models
3284,1715,644,FALSE,From model_part_matrix | Display shared across 14 models
3285,1719,644,FALSE,From model_part_matrix | Display shared across 14 models
3286,1670,644,FALSE,From model_part_matrix | Display shared across 14 models
3287,1091,644,FALSE,From model_part_matrix | Display shared across 14 models
3288,1651,644,FALSE,From model_part_matrix | Display shared across 14 models
3289,1671,644,FALSE,From model_part_matrix | Display shared across 14 models
3290,1092,644,FALSE,From model_part_matrix | Display shared across 14 models
3291,1814,644,FALSE,From model_part_matrix | Display shared across 14 models
3292,269,645,FALSE,From model_part_matrix | Display shared across 17 models
3293,1093,645,FALSE,From model_part_matrix | Display shared across 17 models
3294,1108,645,FALSE,From model_part_matrix | Display shared across 17 models
3295,1653,645,FALSE,From model_part_matrix | Display shared across 17 models
3296,717,645,FALSE,From model_part_matrix | Display shared across 17 models
3297,737,645,FALSE,From model_part_matrix | Display shared across 17 models
3298,735,645,FALSE,From model_part_matrix | Display shared across 17 models
3299,1162,645,FALSE,From model_part_matrix | Display shared across 17 models
3300,1161,645,FALSE,From model_part_matrix | Display shared across 17 models
3301,1163,645,FALSE,From model_part_matrix | Display shared across 17 models
3302,1164,645,FALSE,From model_part_matrix | Display shared across 17 models
3303,1165,645,FALSE,From model_part_matrix | Display shared across 17 models
3304,1702,645,FALSE,From model_part_matrix | Display shared across 17 models
3305,1703,645,FALSE,From model_part_matrix | Display shared across 17 models
3306,1722,645,FALSE,From model_part_matrix | Display shared across 17 models
3307,1724,645,FALSE,From model_part_matrix | Display shared across 17 models
3308,1723,645,FALSE,From model_part_matrix | Display shared across 17 models
3309,270,646,FALSE,From model_part_matrix | Display shared across 6 models
3310,273,646,FALSE,From model_part_matrix | Display shared across 6 models
3311,1194,646,FALSE,From model_part_matrix | Display shared across 6 models
3312,1195,646,FALSE,From model_part_matrix | Display shared across 6 models
3313,1193,646,FALSE,From model_part_matrix | Display shared across 6 models
3314,1196,646,FALSE,From model_part_matrix | Display shared across 6 models
3315,75,647,FALSE,From model_part_matrix | Display shared across 13 models
3316,1241,647,FALSE,From model_part_matrix | Display shared across 13 models
3317,1796,647,FALSE,From model_part_matrix | Display shared across 13 models
3318,1800,647,FALSE,From model_part_matrix | Display shared across 13 models
3319,1797,647,FALSE,From model_part_matrix | Display shared across 13 models
3320,1775,647,FALSE,From model_part_matrix | Display shared across 13 models
3321,1776,647,FALSE,From model_part_matrix | Display shared across 13 models
3322,1777,647,FALSE,From model_part_matrix | Display shared across 13 models
3323,1244,647,FALSE,From model_part_matrix | Display shared across 13 models
3324,1243,647,FALSE,From model_part_matrix | Display shared across 13 models
3325,1096,647,FALSE,From model_part_matrix | Display shared across 13 models
3326,1097,647,FALSE,From model_part_matrix | Display shared across 13 models
3327,77,647,FALSE,From model_part_matrix | Display shared across 13 models
3328,1095,648,FALSE,From model_part_matrix | Display shared across 2 models
3329,1242,648,FALSE,From model_part_matrix | Display shared across 2 models
3330,76,649,FALSE,From model_part_matrix | Display shared across 26 models
3331,2039,649,FALSE,From model_part_matrix | Display shared across 26 models
3332,2038,649,FALSE,From model_part_matrix | Display shared across 26 models
3333,2044,649,FALSE,From model_part_matrix | Display shared across 26 models
3334,2040,649,FALSE,From model_part_matrix | Display shared across 26 models
3335,2043,649,FALSE,From model_part_matrix | Display shared across 26 models
3336,2129,649,FALSE,From model_part_matrix | Display shared across 26 models
3337,2128,649,FALSE,From model_part_matrix | Display shared across 26 models
3338,2041,649,FALSE,From model_part_matrix | Display shared across 26 models
3339,2042,649,FALSE,From model_part_matrix | Display shared across 26 models
3340,2037,649,FALSE,From model_part_matrix | Display shared across 26 models
3341,2048,649,FALSE,From model_part_matrix | Display shared across 26 models
3342,2052,649,FALSE,From model_part_matrix | Display shared across 26 models
3343,2050,649,FALSE,From model_part_matrix | Display shared across 26 models
3344,2036,649,FALSE,From model_part_matrix | Display shared across 26 models
3345,2049,649,FALSE,From model_part_matrix | Display shared across 26 models
3346,1100,649,FALSE,From model_part_matrix | Display shared across 26 models
3347,1098,649,FALSE,From model_part_matrix | Display shared across 26 models
3348,1099,649,FALSE,From model_part_matrix | Display shared across 26 models
3349,1172,649,FALSE,From model_part_matrix | Display shared across 26 models
3350,1173,649,FALSE,From model_part_matrix | Display shared across 26 models
3351,1191,649,FALSE,From model_part_matrix | Display shared across 26 models
3352,1181,649,FALSE,From model_part_matrix | Display shared across 26 models
3353,1182,649,FALSE,From model_part_matrix | Display shared across 26 models
3354,1185,649,FALSE,From model_part_matrix | Display shared across 26 models
3355,1200,649,FALSE,From model_part_matrix | Display shared across 26 models
3356,1102,650,FALSE,From model_part_matrix | Display shared across 12 models
3357,1664,650,FALSE,From model_part_matrix | Display shared across 12 models
3358,1700,650,FALSE,From model_part_matrix | Display shared across 12 models
3359,1701,650,FALSE,From model_part_matrix | Display shared across 12 models
3360,1228,650,FALSE,From model_part_matrix | Display shared across 12 models
3361,1801,650,FALSE,From model_part_matrix | Display shared across 12 models
3362,1784,650,FALSE,From model_part_matrix | Display shared across 12 models
3363,1803,650,FALSE,From model_part_matrix | Display shared across 12 models
3364,1785,650,FALSE,From model_part_matrix | Display shared across 12 models
3365,169,650,FALSE,From model_part_matrix | Display shared across 12 models
3366,1698,650,FALSE,From model_part_matrix | Display shared across 12 models
3367,1699,650,FALSE,From model_part_matrix | Display shared across 12 models
3368,79,651,FALSE,From model_part_matrix | Display shared across 3 models
3369,1239,651,FALSE,From model_part_matrix | Display shared across 3 models
3370,1240,651,FALSE,From model_part_matrix | Display shared across 3 models
3371,1109,652,FALSE,From model_part_matrix | Display shared across 4 models
3372,1135,652,FALSE,From model_part_matrix | Display shared across 4 models
3373,1136,652,FALSE,From model_part_matrix | Display shared across 4 models
3374,1117,652,FALSE,From model_part_matrix | Display shared across 4 models
3375,1110,653,FALSE,From model_part_matrix | Display shared across 6 models
3376,1111,653,FALSE,From model_part_matrix | Display shared across 6 models
3377,1652,653,FALSE,From model_part_matrix | Display shared across 6 models
3378,1717,653,FALSE,From model_part_matrix | Display shared across 6 models
3379,1668,653,FALSE,From model_part_matrix | Display shared across 6 models
3380,1150,653,FALSE,From model_part_matrix | Display shared across 6 models
3381,1118,654,FALSE,From model_part_matrix | Display shared across 6 models
3382,1786,654,FALSE,From model_part_matrix | Display shared across 6 models
3383,1634,654,FALSE,From model_part_matrix | Display shared across 6 models
3384,1633,654,FALSE,From model_part_matrix | Display shared across 6 models
3385,1160,654,FALSE,From model_part_matrix | Display shared across 6 models
3386,1155,654,FALSE,From model_part_matrix | Display shared across 6 models
3387,82,655,FALSE,From model_part_matrix | Display shared across 11 models
3388,1745,655,FALSE,From model_part_matrix | Display shared across 11 models
3389,1275,655,FALSE,From model_part_matrix | Display shared across 11 models
3390,742,655,FALSE,From model_part_matrix | Display shared across 11 models
3391,1304,655,FALSE,From model_part_matrix | Display shared across 11 models
3392,1274,655,FALSE,From model_part_matrix | Display shared across 11 models
3393,1271,655,FALSE,From model_part_matrix | Display shared across 11 models
3394,1145,655,FALSE,From model_part_matrix | Display shared across 11 models
3395,2056,655,FALSE,From model_part_matrix | Display shared across 11 models
3396,2060,655,FALSE,From model_part_matrix | Display shared across 11 models
3397,2055,655,FALSE,From model_part_matrix | Display shared across 11 models
3398,1124,656,FALSE,From model_part_matrix | Display shared across 4 models
3399,1125,656,FALSE,From model_part_matrix | Display shared across 4 models
3400,1129,656,FALSE,From model_part_matrix | Display shared across 4 models
3401,1130,656,FALSE,From model_part_matrix | Display shared across 4 models
3402,1127,657,FALSE,From model_part_matrix | Display shared across 2 models
3403,1709,657,FALSE,From model_part_matrix | Display shared across 2 models
3404,1128,658,FALSE,From model_part_matrix | Display shared across 3 models
3405,1711,658,FALSE,From model_part_matrix | Display shared across 3 models
3406,1705,658,FALSE,From model_part_matrix | Display shared across 3 models
3407,1141,659,FALSE,From model_part_matrix | Display shared across 3 models
3408,1144,659,FALSE,From model_part_matrix | Display shared across 3 models
3409,1143,659,FALSE,From model_part_matrix | Display shared across 3 models
3410,1151,660,FALSE,From model_part_matrix | Display shared across 5 models
3411,1669,660,FALSE,From model_part_matrix | Display shared across 5 models
3412,1154,660,FALSE,From model_part_matrix | Display shared across 5 models
3413,1673,660,FALSE,From model_part_matrix | Display shared across 5 models
3414,1672,660,FALSE,From model_part_matrix | Display shared across 5 models
3415,1169,661,FALSE,From model_part_matrix | Display shared across 7 models
3416,1732,661,FALSE,From model_part_matrix | Display shared across 7 models
3417,1818,661,FALSE,From model_part_matrix | Display shared across 7 models
3418,1744,661,FALSE,From model_part_matrix | Display shared across 7 models
3419,1170,661,FALSE,From model_part_matrix | Display shared across 7 models
3420,2124,661,FALSE,From model_part_matrix | Display shared across 7 models
3421,2125,661,FALSE,From model_part_matrix | Display shared across 7 models
3422,1171,662,FALSE,From model_part_matrix | Display shared across 9 models
3423,1752,662,FALSE,From model_part_matrix | Display shared across 9 models
3424,1824,662,FALSE,From model_part_matrix | Display shared across 9 models
3425,1751,662,FALSE,From model_part_matrix | Display shared across 9 models
3426,1747,662,FALSE,From model_part_matrix | Display shared across 9 models
3427,1748,662,FALSE,From model_part_matrix | Display shared across 9 models
3428,1746,662,FALSE,From model_part_matrix | Display shared across 9 models
3429,1822,662,FALSE,From model_part_matrix | Display shared across 9 models
3430,1821,662,FALSE,From model_part_matrix | Display shared across 9 models
3431,1183,663,FALSE,From model_part_matrix | Display shared across 12 models
3432,1693,663,FALSE,From model_part_matrix | Display shared across 12 models
3433,1694,663,FALSE,From model_part_matrix | Display shared across 12 models
3434,1696,663,FALSE,From model_part_matrix | Display shared across 12 models
3435,1697,663,FALSE,From model_part_matrix | Display shared across 12 models
3436,1189,663,FALSE,From model_part_matrix | Display shared across 12 models
3437,1192,663,FALSE,From model_part_matrix | Display shared across 12 models
3438,1661,663,FALSE,From model_part_matrix | Display shared across 12 models
3439,1704,663,FALSE,From model_part_matrix | Display shared across 12 models
3440,1662,663,FALSE,From model_part_matrix | Display shared across 12 models
3441,1663,663,FALSE,From model_part_matrix | Display shared across 12 models
3442,1695,663,FALSE,From model_part_matrix | Display shared across 12 models
3443,1197,664,FALSE,From model_part_matrix | Display shared across 4 models
3444,1682,664,FALSE,From model_part_matrix | Display shared across 4 models
3445,1654,664,FALSE,From model_part_matrix | Display shared across 4 models
3446,1250,664,FALSE,From model_part_matrix | Display shared across 4 models
3447,1198,665,FALSE,From model_part_matrix | Display shared across 4 models
3448,1249,665,FALSE,From model_part_matrix | Display shared across 4 models
3449,1251,665,FALSE,From model_part_matrix | Display shared across 4 models
3450,1199,665,FALSE,From model_part_matrix | Display shared across 4 models
3451,1230,666,FALSE,From model_part_matrix | Display shared across 3 models
3452,1676,666,FALSE,From model_part_matrix | Display shared across 3 models
3453,1248,666,FALSE,From model_part_matrix | Display shared across 3 models
3454,1252,667,FALSE,From model_part_matrix | Display shared across 2 models
3455,1260,667,FALSE,From model_part_matrix | Display shared across 2 models
3456,1253,668,FALSE,From model_part_matrix | Display shared across 4 models
3457,1254,668,FALSE,From model_part_matrix | Display shared across 4 models
3458,285,668,FALSE,From model_part_matrix | Display shared across 4 models
3459,1834,668,FALSE,From model_part_matrix | Display shared across 4 models
3460,1255,669,FALSE,From model_part_matrix | Display shared across 59 models
3461,10,669,FALSE,From model_part_matrix | Display shared across 59 models
3462,204,669,FALSE,From model_part_matrix | Display shared across 59 models
3463,1900,669,FALSE,From model_part_matrix | Display shared across 59 models
3464,799,669,FALSE,From model_part_matrix | Display shared across 59 models
3465,800,669,FALSE,From model_part_matrix | Display shared across 59 models
3466,1901,669,FALSE,From model_part_matrix | Display shared across 59 models
3467,777,669,FALSE,From model_part_matrix | Display shared across 59 models
3468,36,669,FALSE,From model_part_matrix | Display shared across 59 models
3469,1911,669,FALSE,From model_part_matrix | Display shared across 59 models
3470,1889,669,FALSE,From model_part_matrix | Display shared across 59 models
3471,1890,669,FALSE,From model_part_matrix | Display shared across 59 models
3472,1918,669,FALSE,From model_part_matrix | Display shared across 59 models
3473,1919,669,FALSE,From model_part_matrix | Display shared across 59 models
3474,202,669,FALSE,From model_part_matrix | Display shared across 59 models
3475,795,669,FALSE,From model_part_matrix | Display shared across 59 models
3476,1888,669,FALSE,From model_part_matrix | Display shared across 59 models
3477,774,669,FALSE,From model_part_matrix | Display shared across 59 models
3478,35,669,FALSE,From model_part_matrix | Display shared across 59 models
3479,1891,669,FALSE,From model_part_matrix | Display shared across 59 models
3480,1903,669,FALSE,From model_part_matrix | Display shared across 59 models
3481,1902,669,FALSE,From model_part_matrix | Display shared across 59 models
3482,802,669,FALSE,From model_part_matrix | Display shared across 59 models
3483,810,669,FALSE,From model_part_matrix | Display shared across 59 models
3484,1926,669,FALSE,From model_part_matrix | Display shared across 59 models
3485,1922,669,FALSE,From model_part_matrix | Display shared across 59 models
3486,1885,669,FALSE,From model_part_matrix | Display shared across 59 models
3487,755,669,FALSE,From model_part_matrix | Display shared across 59 models
3488,207,669,FALSE,From model_part_matrix | Display shared across 59 models
3489,816,669,FALSE,From model_part_matrix | Display shared across 59 models
3490,806,669,FALSE,From model_part_matrix | Display shared across 59 models
3491,829,669,FALSE,From model_part_matrix | Display shared across 59 models
3492,1942,669,FALSE,From model_part_matrix | Display shared across 59 models
3493,209,669,FALSE,From model_part_matrix | Display shared across 59 models
3494,1259,669,FALSE,From model_part_matrix | Display shared across 59 models
3495,1256,669,FALSE,From model_part_matrix | Display shared across 59 models
3496,1257,669,FALSE,From model_part_matrix | Display shared across 59 models
3497,1916,669,FALSE,From model_part_matrix | Display shared across 59 models
3498,38,669,FALSE,From model_part_matrix | Display shared across 59 models
3499,1941,669,FALSE,From model_part_matrix | Display shared across 59 models
3500,1934,669,FALSE,From model_part_matrix | Display shared across 59 models
3501,1947,669,FALSE,From model_part_matrix | Display shared across 59 models
3502,1948,669,FALSE,From model_part_matrix | Display shared across 59 models
3503,1946,669,FALSE,From model_part_matrix | Display shared across 59 models
3504,1949,669,FALSE,From model_part_matrix | Display shared across 59 models
3505,823,669,FALSE,From model_part_matrix | Display shared across 59 models
3506,794,669,FALSE,From model_part_matrix | Display shared across 59 models
3507,797,669,FALSE,From model_part_matrix | Display shared across 59 models
3508,203,669,FALSE,From model_part_matrix | Display shared across 59 models
3509,796,669,FALSE,From model_part_matrix | Display shared across 59 models
3510,1899,669,FALSE,From model_part_matrix | Display shared across 59 models
3511,198,669,FALSE,From model_part_matrix | Display shared across 59 models
3512,1886,669,FALSE,From model_part_matrix | Display shared across 59 models
3513,1898,669,FALSE,From model_part_matrix | Display shared across 59 models
3514,1914,669,FALSE,From model_part_matrix | Display shared across 59 models
3515,1917,669,FALSE,From model_part_matrix | Display shared across 59 models
3516,1884,669,FALSE,From model_part_matrix | Display shared across 59 models
3517,1887,669,FALSE,From model_part_matrix | Display shared across 59 models
3518,786,669,FALSE,From model_part_matrix | Display shared across 59 models
3519,1258,670,FALSE,From model_part_matrix | Display shared across 13 models
3520,1849,670,FALSE,From model_part_matrix | Display shared across 13 models
3521,1848,670,FALSE,From model_part_matrix | Display shared across 13 models
3522,1935,670,FALSE,From model_part_matrix | Display shared across 13 models
3523,293,670,FALSE,From model_part_matrix | Display shared across 13 models
3524,1897,670,FALSE,From model_part_matrix | Display shared across 13 models
3525,2053,670,FALSE,From model_part_matrix | Display shared across 13 models
3526,2143,670,FALSE,From model_part_matrix | Display shared across 13 models
3527,2142,670,FALSE,From model_part_matrix | Display shared across 13 models
3528,813,670,FALSE,From model_part_matrix | Display shared across 13 models
3529,792,670,FALSE,From model_part_matrix | Display shared across 13 models
3530,2144,670,FALSE,From model_part_matrix | Display shared across 13 models
3531,2141,670,FALSE,From model_part_matrix | Display shared across 13 models
3532,1261,671,FALSE,From model_part_matrix | Display shared across 5 models
3533,201,671,FALSE,From model_part_matrix | Display shared across 5 models
3534,1850,671,FALSE,From model_part_matrix | Display shared across 5 models
3535,1936,671,FALSE,From model_part_matrix | Display shared across 5 models
3536,1851,671,FALSE,From model_part_matrix | Display shared across 5 models
3537,1262,672,FALSE,From model_part_matrix | Display shared across 9 models
3538,764,672,FALSE,From model_part_matrix | Display shared across 9 models
3539,1860,672,FALSE,From model_part_matrix | Display shared across 9 models
3540,767,672,FALSE,From model_part_matrix | Display shared across 9 models
3541,1855,672,FALSE,From model_part_matrix | Display shared across 9 models
3542,1858,672,FALSE,From model_part_matrix | Display shared across 9 models
3543,768,672,FALSE,From model_part_matrix | Display shared across 9 models
3544,1944,672,FALSE,From model_part_matrix | Display shared across 9 models
3545,1836,672,FALSE,From model_part_matrix | Display shared across 9 models
3546,1263,673,FALSE,From model_part_matrix | Display shared across 5 models
3547,1894,673,FALSE,From model_part_matrix | Display shared across 5 models
3548,1845,673,FALSE,From model_part_matrix | Display shared across 5 models
3549,1912,673,FALSE,From model_part_matrix | Display shared across 5 models
3550,1895,673,FALSE,From model_part_matrix | Display shared across 5 models
3551,1264,674,FALSE,From model_part_matrix | Display shared across 6 models
3552,1844,674,FALSE,From model_part_matrix | Display shared across 6 models
3553,2151,674,FALSE,From model_part_matrix | Display shared across 6 models
3554,821,674,FALSE,From model_part_matrix | Display shared across 6 models
3555,1943,674,FALSE,From model_part_matrix | Display shared across 6 models
3556,754,674,FALSE,From model_part_matrix | Display shared across 6 models
3557,937,675,FALSE,From model_part_matrix | Display shared across 4 models
3558,780,675,FALSE,From model_part_matrix | Display shared across 4 models
3559,1883,675,FALSE,From model_part_matrix | Display shared across 4 models
3560,756,675,FALSE,From model_part_matrix | Display shared across 4 models
3561,1265,676,FALSE,From model_part_matrix | Display shared across 15 models
3562,1864,676,FALSE,From model_part_matrix | Display shared across 15 models
3563,1025,676,FALSE,From model_part_matrix | Display shared across 15 models
3564,1074,676,FALSE,From model_part_matrix | Display shared across 15 models
3565,188,676,FALSE,From model_part_matrix | Display shared across 15 models
3566,1867,676,FALSE,From model_part_matrix | Display shared across 15 models
3567,1070,676,FALSE,From model_part_matrix | Display shared across 15 models
3568,1843,676,FALSE,From model_part_matrix | Display shared across 15 models
3569,1865,676,FALSE,From model_part_matrix | Display shared across 15 models
3570,1868,676,FALSE,From model_part_matrix | Display shared across 15 models
3571,1951,676,FALSE,From model_part_matrix | Display shared across 15 models
3572,1870,676,FALSE,From model_part_matrix | Display shared across 15 models
3573,1913,676,FALSE,From model_part_matrix | Display shared across 15 models
3574,1026,676,FALSE,From model_part_matrix | Display shared across 15 models
3575,1029,676,FALSE,From model_part_matrix | Display shared across 15 models
3576,290,677,FALSE,From model_part_matrix | Display shared across 8 models
3577,1952,677,FALSE,From model_part_matrix | Display shared across 8 models
3578,1950,677,FALSE,From model_part_matrix | Display shared across 8 models
3579,291,677,FALSE,From model_part_matrix | Display shared across 8 models
3580,292,677,FALSE,From model_part_matrix | Display shared across 8 models
3581,783,677,FALSE,From model_part_matrix | Display shared across 8 models
3582,1924,677,FALSE,From model_part_matrix | Display shared across 8 models
3583,1925,677,FALSE,From model_part_matrix | Display shared across 8 models
3584,1266,678,FALSE,From model_part_matrix | Display shared across 10 models
3585,778,678,FALSE,From model_part_matrix | Display shared across 10 models
3586,787,678,FALSE,From model_part_matrix | Display shared across 10 models
3587,1847,678,FALSE,From model_part_matrix | Display shared across 10 models
3588,1908,678,FALSE,From model_part_matrix | Display shared across 10 models
3589,788,678,FALSE,From model_part_matrix | Display shared across 10 models
3590,1892,678,FALSE,From model_part_matrix | Display shared across 10 models
3591,1893,678,FALSE,From model_part_matrix | Display shared across 10 models
3592,1907,678,FALSE,From model_part_matrix | Display shared across 10 models
3593,1882,678,FALSE,From model_part_matrix | Display shared across 10 models
3594,938,679,FALSE,From model_part_matrix | Display shared across 4 models
3595,1053,679,FALSE,From model_part_matrix | Display shared across 4 models
3596,1036,679,FALSE,From model_part_matrix | Display shared across 4 models
3597,939,679,FALSE,From model_part_matrix | Display shared across 4 models
3598,1268,680,FALSE,From model_part_matrix | Display shared across 4 models
3599,1273,680,FALSE,From model_part_matrix | Display shared across 4 models
3600,1280,680,FALSE,From model_part_matrix | Display shared across 4 models
3601,1279,680,FALSE,From model_part_matrix | Display shared across 4 models
3602,1269,681,FALSE,From model_part_matrix | Display shared across 2 models
3603,1270,681,FALSE,From model_part_matrix | Display shared across 2 models
3604,1284,682,FALSE,From model_part_matrix | Display shared across 3 models
3605,1303,682,FALSE,From model_part_matrix | Display shared across 3 models
3606,1313,682,FALSE,From model_part_matrix | Display shared across 3 models
3607,1286,683,FALSE,From model_part_matrix | Display shared across 2 models
3608,1310,683,FALSE,From model_part_matrix | Display shared across 2 models
3609,2061,684,FALSE,From model_part_matrix | Display shared across 4 models
3610,2064,684,FALSE,From model_part_matrix | Display shared across 4 models
3611,2063,684,FALSE,From model_part_matrix | Display shared across 4 models
3612,2062,684,FALSE,From model_part_matrix | Display shared across 4 models
3613,1318,685,FALSE,From model_part_matrix | Display shared across 7 models
3614,1327,685,FALSE,From model_part_matrix | Display shared across 7 models
3615,1337,685,FALSE,From model_part_matrix | Display shared across 7 models
3616,1346,685,FALSE,From model_part_matrix | Display shared across 7 models
3617,1338,685,FALSE,From model_part_matrix | Display shared across 7 models
3618,1345,685,FALSE,From model_part_matrix | Display shared across 7 models
3619,1320,685,FALSE,From model_part_matrix | Display shared across 7 models
3620,1319,686,FALSE,From model_part_matrix | Display shared across 3 models
3621,1354,686,FALSE,From model_part_matrix | Display shared across 3 models
3622,1355,686,FALSE,From model_part_matrix | Display shared across 3 models
3623,1321,687,FALSE,From model_part_matrix | Display shared across 10 models
3624,1322,687,FALSE,From model_part_matrix | Display shared across 10 models
3625,1323,687,FALSE,From model_part_matrix | Display shared across 10 models
3626,1343,687,FALSE,From model_part_matrix | Display shared across 10 models
3627,1344,687,FALSE,From model_part_matrix | Display shared across 10 models
3628,1334,687,FALSE,From model_part_matrix | Display shared across 10 models
3629,1336,687,FALSE,From model_part_matrix | Display shared across 10 models
3630,1335,687,FALSE,From model_part_matrix | Display shared across 10 models
3631,1331,687,FALSE,From model_part_matrix | Display shared across 10 models
3632,1332,687,FALSE,From model_part_matrix | Display shared across 10 models
3633,1325,688,FALSE,From model_part_matrix | Display shared across 6 models
3634,1340,688,FALSE,From model_part_matrix | Display shared across 6 models
3635,1329,688,FALSE,From model_part_matrix | Display shared across 6 models
3636,1330,688,FALSE,From model_part_matrix | Display shared across 6 models
3637,1333,688,FALSE,From model_part_matrix | Display shared across 6 models
3638,1347,688,FALSE,From model_part_matrix | Display shared across 6 models
3639,1341,689,FALSE,From model_part_matrix | Display shared across 9 models
3640,1356,689,FALSE,From model_part_matrix | Display shared across 9 models
3641,1348,689,FALSE,From model_part_matrix | Display shared across 9 models
3642,1351,689,FALSE,From model_part_matrix | Display shared across 9 models
3643,1353,689,FALSE,From model_part_matrix | Display shared across 9 models
3644,1350,689,FALSE,From model_part_matrix | Display shared across 9 models
3645,1352,689,FALSE,From model_part_matrix | Display shared across 9 models
3646,1349,689,FALSE,From model_part_matrix | Display shared across 9 models
3647,1342,689,FALSE,From model_part_matrix | Display shared across 9 models
3648,1357,690,FALSE,From model_part_matrix | Display shared across 2 models
3649,1358,690,FALSE,From model_part_matrix | Display shared across 2 models
3650,299,691,FALSE,From model_part_matrix | Display shared across 4 models
3651,300,691,FALSE,From model_part_matrix | Display shared across 4 models
3652,302,691,FALSE,From model_part_matrix | Display shared across 4 models
3653,303,691,FALSE,From model_part_matrix | Display shared across 4 models
3654,1359,692,FALSE,From model_part_matrix | Display shared across 2 models
3655,1361,692,FALSE,From model_part_matrix | Display shared across 2 models
3656,1360,693,FALSE,From model_part_matrix | Display shared across 3 models
3657,1372,693,FALSE,From model_part_matrix | Display shared across 3 models
3658,1376,693,FALSE,From model_part_matrix | Display shared across 3 models
3659,1362,694,FALSE,From model_part_matrix | Display shared across 3 models
3660,1364,694,FALSE,From model_part_matrix | Display shared across 3 models
3661,1365,694,FALSE,From model_part_matrix | Display shared across 3 models
3662,1363,695,FALSE,From model_part_matrix | Display shared across 3 models
3663,1396,695,FALSE,From model_part_matrix | Display shared across 3 models
3664,1395,695,FALSE,From model_part_matrix | Display shared across 3 models
3665,2065,696,FALSE,From model_part_matrix | Display shared across 4 models
3666,1382,696,FALSE,From model_part_matrix | Display shared across 4 models
3667,2066,696,FALSE,From model_part_matrix | Display shared across 4 models
3668,1393,696,FALSE,From model_part_matrix | Display shared across 4 models
3669,1366,697,FALSE,From model_part_matrix | Display shared across 2 models
3670,1397,697,FALSE,From model_part_matrix | Display shared across 2 models
3671,943,698,FALSE,From model_part_matrix | Display shared across 2 models
3672,948,698,FALSE,From model_part_matrix | Display shared across 2 models
3673,1367,699,FALSE,From model_part_matrix | Display shared across 4 models
3674,1371,699,FALSE,From model_part_matrix | Display shared across 4 models
3675,1374,699,FALSE,From model_part_matrix | Display shared across 4 models
3676,1368,699,FALSE,From model_part_matrix | Display shared across 4 models
3677,1369,700,FALSE,From model_part_matrix | Display shared across 2 models
3678,1373,700,FALSE,From model_part_matrix | Display shared across 2 models
3679,1370,701,FALSE,From model_part_matrix | Display shared across 5 models
3680,1384,701,FALSE,From model_part_matrix | Display shared across 5 models
3681,1389,701,FALSE,From model_part_matrix | Display shared across 5 models
3682,1386,701,FALSE,From model_part_matrix | Display shared across 5 models
3683,1385,701,FALSE,From model_part_matrix | Display shared across 5 models
3684,1375,702,FALSE,From model_part_matrix | Display shared across 3 models
3685,1379,702,FALSE,From model_part_matrix | Display shared across 3 models
3686,1392,702,FALSE,From model_part_matrix | Display shared across 3 models
3687,1377,703,FALSE,From model_part_matrix | Display shared across 3 models
3688,1380,703,FALSE,From model_part_matrix | Display shared across 3 models
3689,1383,703,FALSE,From model_part_matrix | Display shared across 3 models
3690,1378,704,FALSE,From model_part_matrix | Display shared across 4 models
3691,1387,704,FALSE,From model_part_matrix | Display shared across 4 models
3692,1388,704,FALSE,From model_part_matrix | Display shared across 4 models
3693,1381,704,FALSE,From model_part_matrix | Display shared across 4 models
3694,1390,705,FALSE,From model_part_matrix | Display shared across 2 models
3695,1391,705,FALSE,From model_part_matrix | Display shared across 2 models
3696,951,706,FALSE,From model_part_matrix | Display shared across 5 models
3697,952,706,FALSE,From model_part_matrix | Display shared across 5 models
3698,984,706,FALSE,From model_part_matrix | Display shared across 5 models
3699,956,706,FALSE,From model_part_matrix | Display shared across 5 models
3700,1008,706,FALSE,From model_part_matrix | Display shared across 5 models
3701,41,707,FALSE,From model_part_matrix | Display shared across 3 models
3702,967,707,FALSE,From model_part_matrix | Display shared across 3 models
3703,957,707,FALSE,From model_part_matrix | Display shared across 3 models
3704,306,708,FALSE,From model_part_matrix | Display shared across 8 models
3705,629,708,FALSE,From model_part_matrix | Display shared across 8 models
3706,1516,708,FALSE,From model_part_matrix | Display shared across 8 models
3707,422,708,FALSE,From model_part_matrix | Display shared across 8 models
3708,1475,708,FALSE,From model_part_matrix | Display shared across 8 models
3709,1458,708,FALSE,From model_part_matrix | Display shared across 8 models
3710,620,708,FALSE,From model_part_matrix | Display shared across 8 models
3711,307,708,FALSE,From model_part_matrix | Display shared across 8 models
3712,955,709,FALSE,From model_part_matrix | Display shared across 4 models
3713,980,709,FALSE,From model_part_matrix | Display shared across 4 models
3714,981,709,FALSE,From model_part_matrix | Display shared across 4 models
3715,966,709,FALSE,From model_part_matrix | Display shared across 4 models
3716,1398,710,FALSE,From model_part_matrix | Display shared across 2 models
3717,1399,710,FALSE,From model_part_matrix | Display shared across 2 models
3718,1400,711,FALSE,From model_part_matrix | Display shared across 6 models
3719,1473,711,FALSE,From model_part_matrix | Display shared across 6 models
3720,1453,711,FALSE,From model_part_matrix | Display shared across 6 models
3721,1511,711,FALSE,From model_part_matrix | Display shared across 6 models
3722,1513,711,FALSE,From model_part_matrix | Display shared across 6 models
3723,1515,711,FALSE,From model_part_matrix | Display shared across 6 models
3724,2067,712,FALSE,From model_part_matrix | Display shared across 7 models
3725,2092,712,FALSE,From model_part_matrix | Display shared across 7 models
3726,2068,712,FALSE,From model_part_matrix | Display shared across 7 models
3727,2069,712,FALSE,From model_part_matrix | Display shared across 7 models
3728,2091,712,FALSE,From model_part_matrix | Display shared across 7 models
3729,2094,712,FALSE,From model_part_matrix | Display shared across 7 models
3730,2090,712,FALSE,From model_part_matrix | Display shared across 7 models
3731,309,713,FALSE,From model_part_matrix | Display shared across 2 models
3732,1537,713,FALSE,From model_part_matrix | Display shared across 2 models
3733,1401,714,FALSE,From model_part_matrix | Display shared across 2 models
3734,450,714,FALSE,From model_part_matrix | Display shared across 2 models
3735,310,715,FALSE,From model_part_matrix | Display shared across 15 models
3736,451,715,FALSE,From model_part_matrix | Display shared across 15 models
3737,452,715,FALSE,From model_part_matrix | Display shared across 15 models
3738,1470,715,FALSE,From model_part_matrix | Display shared across 15 models
3739,1469,715,FALSE,From model_part_matrix | Display shared across 15 models
3740,312,715,FALSE,From model_part_matrix | Display shared across 15 models
3741,311,715,FALSE,From model_part_matrix | Display shared across 15 models
3742,1512,715,FALSE,From model_part_matrix | Display shared across 15 models
3743,627,715,FALSE,From model_part_matrix | Display shared across 15 models
3744,1514,715,FALSE,From model_part_matrix | Display shared across 15 models
3745,577,715,FALSE,From model_part_matrix | Display shared across 15 models
3746,1533,715,FALSE,From model_part_matrix | Display shared across 15 models
3747,1510,715,FALSE,From model_part_matrix | Display shared across 15 models
3748,574,715,FALSE,From model_part_matrix | Display shared across 15 models
3749,1451,715,FALSE,From model_part_matrix | Display shared across 15 models
3750,1402,716,FALSE,From model_part_matrix | Display shared across 12 models
3751,529,716,FALSE,From model_part_matrix | Display shared across 12 models
3752,539,716,FALSE,From model_part_matrix | Display shared across 12 models
3753,398,716,FALSE,From model_part_matrix | Display shared across 12 models
3754,27,716,FALSE,From model_part_matrix | Display shared across 12 models
3755,1452,716,FALSE,From model_part_matrix | Display shared across 12 models
3756,1501,716,FALSE,From model_part_matrix | Display shared across 12 models
3757,536,716,FALSE,From model_part_matrix | Display shared across 12 models
3758,2118,716,FALSE,From model_part_matrix | Display shared across 12 models
3759,2089,716,FALSE,From model_part_matrix | Display shared across 12 models
3760,379,716,FALSE,From model_part_matrix | Display shared across 12 models
3761,346,716,FALSE,From model_part_matrix | Display shared across 12 models
3762,1403,717,FALSE,From model_part_matrix | Display shared across 15 models
3763,460,717,FALSE,From model_part_matrix | Display shared across 15 models
3764,1490,717,FALSE,From model_part_matrix | Display shared across 15 models
3765,461,717,FALSE,From model_part_matrix | Display shared across 15 models
3766,1472,717,FALSE,From model_part_matrix | Display shared across 15 models
3767,465,717,FALSE,From model_part_matrix | Display shared across 15 models
3768,531,717,FALSE,From model_part_matrix | Display shared across 15 models
3769,1502,717,FALSE,From model_part_matrix | Display shared across 15 models
3770,495,717,FALSE,From model_part_matrix | Display shared across 15 models
3771,411,717,FALSE,From model_part_matrix | Display shared across 15 models
3772,1446,717,FALSE,From model_part_matrix | Display shared across 15 models
3773,421,717,FALSE,From model_part_matrix | Display shared across 15 models
3774,382,717,FALSE,From model_part_matrix | Display shared across 15 models
3775,128,717,FALSE,From model_part_matrix | Display shared across 15 models
3776,588,717,FALSE,From model_part_matrix | Display shared across 15 models
3777,315,718,FALSE,From model_part_matrix | Display shared across 61 models
3778,31,718,FALSE,From model_part_matrix | Display shared across 61 models
3779,597,718,FALSE,From model_part_matrix | Display shared across 61 models
3780,426,718,FALSE,From model_part_matrix | Display shared across 61 models
3781,500,718,FALSE,From model_part_matrix | Display shared across 61 models
3782,501,718,FALSE,From model_part_matrix | Display shared across 61 models
3783,369,718,FALSE,From model_part_matrix | Display shared across 61 models
3784,399,718,FALSE,From model_part_matrix | Display shared across 61 models
3785,383,718,FALSE,From model_part_matrix | Display shared across 61 models
3786,415,718,FALSE,From model_part_matrix | Display shared across 61 models
3787,2070,718,FALSE,From model_part_matrix | Display shared across 61 models
3788,2071,718,FALSE,From model_part_matrix | Display shared across 61 models
3789,566,718,FALSE,From model_part_matrix | Display shared across 61 models
3790,567,718,FALSE,From model_part_matrix | Display shared across 61 models
3791,600,718,FALSE,From model_part_matrix | Display shared across 61 models
3792,568,718,FALSE,From model_part_matrix | Display shared across 61 models
3793,1505,718,FALSE,From model_part_matrix | Display shared across 61 models
3794,564,718,FALSE,From model_part_matrix | Display shared across 61 models
3795,1506,718,FALSE,From model_part_matrix | Display shared across 61 models
3796,1507,718,FALSE,From model_part_matrix | Display shared across 61 models
3797,1508,718,FALSE,From model_part_matrix | Display shared across 61 models
3798,503,718,FALSE,From model_part_matrix | Display shared across 61 models
3799,1494,718,FALSE,From model_part_matrix | Display shared across 61 models
3800,2101,718,FALSE,From model_part_matrix | Display shared across 61 models
3801,506,718,FALSE,From model_part_matrix | Display shared across 61 models
3802,2102,718,FALSE,From model_part_matrix | Display shared across 61 models
3803,592,718,FALSE,From model_part_matrix | Display shared across 61 models
3804,593,718,FALSE,From model_part_matrix | Display shared across 61 models
3805,595,718,FALSE,From model_part_matrix | Display shared across 61 models
3806,2105,718,FALSE,From model_part_matrix | Display shared across 61 models
3807,372,718,FALSE,From model_part_matrix | Display shared across 61 models
3808,2083,718,FALSE,From model_part_matrix | Display shared across 61 models
3809,2086,718,FALSE,From model_part_matrix | Display shared across 61 models
3810,320,718,FALSE,From model_part_matrix | Display shared across 61 models
3811,2072,718,FALSE,From model_part_matrix | Display shared across 61 models
3812,2073,718,FALSE,From model_part_matrix | Display shared across 61 models
3813,2074,718,FALSE,From model_part_matrix | Display shared across 61 models
3814,339,718,FALSE,From model_part_matrix | Display shared across 61 models
3815,341,718,FALSE,From model_part_matrix | Display shared across 61 models
3816,2075,718,FALSE,From model_part_matrix | Display shared across 61 models
3817,338,718,FALSE,From model_part_matrix | Display shared across 61 models
3818,350,718,FALSE,From model_part_matrix | Display shared across 61 models
3819,351,718,FALSE,From model_part_matrix | Display shared across 61 models
3820,2076,718,FALSE,From model_part_matrix | Display shared across 61 models
3821,2077,718,FALSE,From model_part_matrix | Display shared across 61 models
3822,355,718,FALSE,From model_part_matrix | Display shared across 61 models
3823,354,718,FALSE,From model_part_matrix | Display shared across 61 models
3824,2080,718,FALSE,From model_part_matrix | Display shared across 61 models
3825,2079,718,FALSE,From model_part_matrix | Display shared across 61 models
3826,2078,718,FALSE,From model_part_matrix | Display shared across 61 models
3827,371,718,FALSE,From model_part_matrix | Display shared across 61 models
3828,2081,718,FALSE,From model_part_matrix | Display shared across 61 models
3829,427,718,FALSE,From model_part_matrix | Display shared across 61 models
3830,2093,718,FALSE,From model_part_matrix | Display shared across 61 models
3831,2109,718,FALSE,From model_part_matrix | Display shared across 61 models
3832,2110,718,FALSE,From model_part_matrix | Display shared across 61 models
3833,2095,718,FALSE,From model_part_matrix | Display shared across 61 models
3834,2096,718,FALSE,From model_part_matrix | Display shared across 61 models
3835,2097,718,FALSE,From model_part_matrix | Display shared across 61 models
3836,2098,718,FALSE,From model_part_matrix | Display shared across 61 models
3837,2099,718,FALSE,From model_part_matrix | Display shared across 61 models
3838,316,719,FALSE,From model_part_matrix | Display shared across 24 models
3839,1460,719,FALSE,From model_part_matrix | Display shared across 24 models
3840,1461,719,FALSE,From model_part_matrix | Display shared across 24 models
3841,1523,719,FALSE,From model_part_matrix | Display shared across 24 models
3842,1447,719,FALSE,From model_part_matrix | Display shared across 24 models
3843,1463,719,FALSE,From model_part_matrix | Display shared across 24 models
3844,1464,719,FALSE,From model_part_matrix | Display shared across 24 models
3845,1492,719,FALSE,From model_part_matrix | Display shared across 24 models
3846,1521,719,FALSE,From model_part_matrix | Display shared across 24 models
3847,1527,719,FALSE,From model_part_matrix | Display shared across 24 models
3848,1493,719,FALSE,From model_part_matrix | Display shared across 24 models
3849,1522,719,FALSE,From model_part_matrix | Display shared across 24 models
3850,1529,719,FALSE,From model_part_matrix | Display shared across 24 models
3851,1524,719,FALSE,From model_part_matrix | Display shared across 24 models
3852,1465,719,FALSE,From model_part_matrix | Display shared across 24 models
3853,1496,719,FALSE,From model_part_matrix | Display shared across 24 models
3854,1448,719,FALSE,From model_part_matrix | Display shared across 24 models
3855,1495,719,FALSE,From model_part_matrix | Display shared across 24 models
3856,502,719,FALSE,From model_part_matrix | Display shared across 24 models
3857,1525,719,FALSE,From model_part_matrix | Display shared across 24 models
3858,1528,719,FALSE,From model_part_matrix | Display shared across 24 models
3859,1497,719,FALSE,From model_part_matrix | Display shared across 24 models
3860,1526,719,FALSE,From model_part_matrix | Display shared across 24 models
3861,1454,719,FALSE,From model_part_matrix | Display shared across 24 models
3862,1404,720,FALSE,From model_part_matrix | Display shared across 6 models
3863,1459,720,FALSE,From model_part_matrix | Display shared across 6 models
3864,1462,720,FALSE,From model_part_matrix | Display shared across 6 models
3865,1491,720,FALSE,From model_part_matrix | Display shared across 6 models
3866,1000,720,FALSE,From model_part_matrix | Display shared across 6 models
3867,1466,720,FALSE,From model_part_matrix | Display shared across 6 models
3868,1405,721,FALSE,From model_part_matrix | Display shared across 13 models
3869,111,721,FALSE,From model_part_matrix | Display shared across 13 models
3870,113,721,FALSE,From model_part_matrix | Display shared across 13 models
3871,1419,721,FALSE,From model_part_matrix | Display shared across 13 models
3872,362,721,FALSE,From model_part_matrix | Display shared across 13 models
3873,364,721,FALSE,From model_part_matrix | Display shared across 13 models
3874,323,721,FALSE,From model_part_matrix | Display shared across 13 models
3875,580,721,FALSE,From model_part_matrix | Display shared across 13 models
3876,525,721,FALSE,From model_part_matrix | Display shared across 13 models
3877,1416,721,FALSE,From model_part_matrix | Display shared across 13 models
3878,1420,721,FALSE,From model_part_matrix | Display shared across 13 models
3879,343,721,FALSE,From model_part_matrix | Display shared across 13 models
3880,545,721,FALSE,From model_part_matrix | Display shared across 13 models
3881,317,722,FALSE,From model_part_matrix | Display shared across 26 models
3882,334,722,FALSE,From model_part_matrix | Display shared across 26 models
3883,347,722,FALSE,From model_part_matrix | Display shared across 26 models
3884,1428,722,FALSE,From model_part_matrix | Display shared across 26 models
3885,1423,722,FALSE,From model_part_matrix | Display shared across 26 models
3886,367,722,FALSE,From model_part_matrix | Display shared across 26 models
3887,1424,722,FALSE,From model_part_matrix | Display shared across 26 models
3888,380,722,FALSE,From model_part_matrix | Display shared across 26 models
3889,381,722,FALSE,From model_part_matrix | Display shared across 26 models
3890,424,722,FALSE,From model_part_matrix | Display shared across 26 models
3891,34,722,FALSE,From model_part_matrix | Display shared across 26 models
3892,332,722,FALSE,From model_part_matrix | Display shared across 26 models
3893,1422,722,FALSE,From model_part_matrix | Display shared across 26 models
3894,1426,722,FALSE,From model_part_matrix | Display shared across 26 models
3895,1439,722,FALSE,From model_part_matrix | Display shared across 26 models
3896,1427,722,FALSE,From model_part_matrix | Display shared across 26 models
3897,1421,722,FALSE,From model_part_matrix | Display shared across 26 models
3898,1425,722,FALSE,From model_part_matrix | Display shared across 26 models
3899,1414,722,FALSE,From model_part_matrix | Display shared across 26 models
3900,1417,722,FALSE,From model_part_matrix | Display shared across 26 models
3901,1408,722,FALSE,From model_part_matrix | Display shared across 26 models
3902,1413,722,FALSE,From model_part_matrix | Display shared across 26 models
3903,1407,722,FALSE,From model_part_matrix | Display shared across 26 models
3904,1438,722,FALSE,From model_part_matrix | Display shared across 26 models
3905,558,722,FALSE,From model_part_matrix | Display shared across 26 models
3906,590,722,FALSE,From model_part_matrix | Display shared across 26 models
3907,1406,723,FALSE,From model_part_matrix | Display shared across 5 models
3908,115,723,FALSE,From model_part_matrix | Display shared across 5 models
3909,121,723,FALSE,From model_part_matrix | Display shared across 5 models
3910,390,723,FALSE,From model_part_matrix | Display shared across 5 models
3911,1532,723,FALSE,From model_part_matrix | Display shared across 5 models
3912,962,724,FALSE,From model_part_matrix | Display shared across 16 models
3913,991,724,FALSE,From model_part_matrix | Display shared across 16 models
3914,993,724,FALSE,From model_part_matrix | Display shared across 16 models
3915,995,724,FALSE,From model_part_matrix | Display shared across 16 models
3916,997,724,FALSE,From model_part_matrix | Display shared across 16 models
3917,999,724,FALSE,From model_part_matrix | Display shared across 16 models
3918,1016,724,FALSE,From model_part_matrix | Display shared across 16 models
3919,965,724,FALSE,From model_part_matrix | Display shared across 16 models
3920,975,724,FALSE,From model_part_matrix | Display shared across 16 models
3921,970,724,FALSE,From model_part_matrix | Display shared across 16 models
3922,972,724,FALSE,From model_part_matrix | Display shared across 16 models
3923,977,724,FALSE,From model_part_matrix | Display shared across 16 models
3924,985,724,FALSE,From model_part_matrix | Display shared across 16 models
3925,1013,724,FALSE,From model_part_matrix | Display shared across 16 models
3926,987,724,FALSE,From model_part_matrix | Display shared across 16 models
3927,989,724,FALSE,From model_part_matrix | Display shared across 16 models
3928,322,725,FALSE,From model_part_matrix | Display shared across 14 models
3929,118,725,FALSE,From model_part_matrix | Display shared across 14 models
3930,373,725,FALSE,From model_part_matrix | Display shared across 14 models
3931,324,725,FALSE,From model_part_matrix | Display shared across 14 models
3932,511,725,FALSE,From model_part_matrix | Display shared across 14 models
3933,513,725,FALSE,From model_part_matrix | Display shared across 14 models
3934,1410,725,FALSE,From model_part_matrix | Display shared across 14 models
3935,1409,725,FALSE,From model_part_matrix | Display shared across 14 models
3936,1411,725,FALSE,From model_part_matrix | Display shared across 14 models
3937,1412,725,FALSE,From model_part_matrix | Display shared across 14 models
3938,2088,725,FALSE,From model_part_matrix | Display shared across 14 models
3939,2087,725,FALSE,From model_part_matrix | Display shared across 14 models
3940,2113,725,FALSE,From model_part_matrix | Display shared across 14 models
3941,2114,725,FALSE,From model_part_matrix | Display shared across 14 models
3942,325,726,FALSE,From model_part_matrix | Display shared across 6 models
3943,348,726,FALSE,From model_part_matrix | Display shared across 6 models
3944,352,726,FALSE,From model_part_matrix | Display shared across 6 models
3945,509,726,FALSE,From model_part_matrix | Display shared across 6 models
3946,541,726,FALSE,From model_part_matrix | Display shared across 6 models
3947,400,726,FALSE,From model_part_matrix | Display shared across 6 models
3948,327,727,FALSE,From model_part_matrix | Display shared across 18 models
3949,550,727,FALSE,From model_part_matrix | Display shared across 18 models
3950,551,727,FALSE,From model_part_matrix | Display shared across 18 models
3951,589,727,FALSE,From model_part_matrix | Display shared across 18 models
3952,329,727,FALSE,From model_part_matrix | Display shared across 18 models
3953,110,727,FALSE,From model_part_matrix | Display shared across 18 models
3954,363,727,FALSE,From model_part_matrix | Display shared across 18 models
3955,361,727,FALSE,From model_part_matrix | Display shared across 18 models
3956,365,727,FALSE,From model_part_matrix | Display shared across 18 models
3957,366,727,FALSE,From model_part_matrix | Display shared across 18 models
3958,542,727,FALSE,From model_part_matrix | Display shared across 18 models
3959,544,727,FALSE,From model_part_matrix | Display shared across 18 models
3960,143,727,FALSE,From model_part_matrix | Display shared across 18 models
3961,146,727,FALSE,From model_part_matrix | Display shared across 18 models
3962,328,727,FALSE,From model_part_matrix | Display shared across 18 models
3963,330,727,FALSE,From model_part_matrix | Display shared across 18 models
3964,331,727,FALSE,From model_part_matrix | Display shared across 18 models
3965,1531,727,FALSE,From model_part_matrix | Display shared across 18 models
3966,335,728,FALSE,From model_part_matrix | Display shared across 2 models
3967,144,728,FALSE,From model_part_matrix | Display shared across 2 models
3968,1415,729,FALSE,From model_part_matrix | Display shared across 9 models
3969,145,729,FALSE,From model_part_matrix | Display shared across 9 models
3970,353,729,FALSE,From model_part_matrix | Display shared across 9 models
3971,385,729,FALSE,From model_part_matrix | Display shared across 9 models
3972,514,729,FALSE,From model_part_matrix | Display shared across 9 models
3973,517,729,FALSE,From model_part_matrix | Display shared across 9 models
3974,516,729,FALSE,From model_part_matrix | Display shared across 9 models
3975,579,729,FALSE,From model_part_matrix | Display shared across 9 models
3976,582,729,FALSE,From model_part_matrix | Display shared across 9 models
3977,357,730,FALSE,From model_part_matrix | Display shared across 6 models
3978,374,730,FALSE,From model_part_matrix | Display shared across 6 models
3979,387,730,FALSE,From model_part_matrix | Display shared across 6 models
3980,1418,730,FALSE,From model_part_matrix | Display shared across 6 models
3981,1442,730,FALSE,From model_part_matrix | Display shared across 6 models
3982,1437,730,FALSE,From model_part_matrix | Display shared across 6 models
3983,359,731,FALSE,From model_part_matrix | Display shared across 5 models
3984,1518,731,FALSE,From model_part_matrix | Display shared across 5 models
3985,119,731,FALSE,From model_part_matrix | Display shared across 5 models
3986,120,731,FALSE,From model_part_matrix | Display shared across 5 models
3987,1443,731,FALSE,From model_part_matrix | Display shared across 5 models
3988,116,732,FALSE,From model_part_matrix | Display shared across 2 models
3989,124,732,FALSE,From model_part_matrix | Display shared across 2 models
3990,2082,733,FALSE,From model_part_matrix | Display shared across 8 models
3991,2106,733,FALSE,From model_part_matrix | Display shared across 8 models
3992,2085,733,FALSE,From model_part_matrix | Display shared across 8 models
3993,1429,733,FALSE,From model_part_matrix | Display shared across 8 models
3994,1499,733,FALSE,From model_part_matrix | Display shared across 8 models
3995,1509,733,FALSE,From model_part_matrix | Display shared across 8 models
3996,2104,733,FALSE,From model_part_matrix | Display shared across 8 models
3997,2084,733,FALSE,From model_part_matrix | Display shared across 8 models
3998,1430,734,FALSE,From model_part_matrix | Display shared across 9 models
3999,1432,734,FALSE,From model_part_matrix | Display shared across 9 models
4000,1436,734,FALSE,From model_part_matrix | Display shared across 9 models
4001,1455,734,FALSE,From model_part_matrix | Display shared across 9 models
4002,1433,734,FALSE,From model_part_matrix | Display shared across 9 models
4003,1434,734,FALSE,From model_part_matrix | Display shared across 9 models
4004,1441,734,FALSE,From model_part_matrix | Display shared across 9 models
4005,1431,734,FALSE,From model_part_matrix | Display shared across 9 models
4006,1435,734,FALSE,From model_part_matrix | Display shared across 9 models
4007,376,735,FALSE,From model_part_matrix | Display shared across 8 models
4008,402,735,FALSE,From model_part_matrix | Display shared across 8 models
4009,403,735,FALSE,From model_part_matrix | Display shared across 8 models
4010,441,735,FALSE,From model_part_matrix | Display shared across 8 models
4011,386,735,FALSE,From model_part_matrix | Display shared across 8 models
4012,1456,735,FALSE,From model_part_matrix | Display shared across 8 models
4013,1467,735,FALSE,From model_part_matrix | Display shared across 8 models
4014,1450,735,FALSE,From model_part_matrix | Display shared across 8 models
4015,378,736,FALSE,From model_part_matrix | Display shared across 27 models
4016,405,736,FALSE,From model_part_matrix | Display shared across 27 models
4017,406,736,FALSE,From model_part_matrix | Display shared across 27 models
4018,409,736,FALSE,From model_part_matrix | Display shared across 27 models
4019,396,736,FALSE,From model_part_matrix | Display shared across 27 models
4020,397,736,FALSE,From model_part_matrix | Display shared across 27 models
4021,394,736,FALSE,From model_part_matrix | Display shared across 27 models
4022,1444,736,FALSE,From model_part_matrix | Display shared across 27 models
4023,456,736,FALSE,From model_part_matrix | Display shared across 27 models
4024,1471,736,FALSE,From model_part_matrix | Display shared across 27 models
4025,459,736,FALSE,From model_part_matrix | Display shared across 27 models
4026,1474,736,FALSE,From model_part_matrix | Display shared across 27 models
4027,454,736,FALSE,From model_part_matrix | Display shared across 27 models
4028,453,736,FALSE,From model_part_matrix | Display shared across 27 models
4029,458,736,FALSE,From model_part_matrix | Display shared across 27 models
4030,462,736,FALSE,From model_part_matrix | Display shared across 27 models
4031,466,736,FALSE,From model_part_matrix | Display shared across 27 models
4032,393,736,FALSE,From model_part_matrix | Display shared across 27 models
4033,625,736,FALSE,From model_part_matrix | Display shared across 27 models
4034,626,736,FALSE,From model_part_matrix | Display shared across 27 models
4035,524,736,FALSE,From model_part_matrix | Display shared across 27 models
4036,1530,736,FALSE,From model_part_matrix | Display shared across 27 models
4037,614,736,FALSE,From model_part_matrix | Display shared across 27 models
4038,1468,736,FALSE,From model_part_matrix | Display shared across 27 models
4039,526,736,FALSE,From model_part_matrix | Display shared across 27 models
4040,528,736,FALSE,From model_part_matrix | Display shared across 27 models
4041,412,736,FALSE,From model_part_matrix | Display shared across 27 models
4042,1440,737,FALSE,From model_part_matrix | Display shared across 3 models
4043,401,737,FALSE,From model_part_matrix | Display shared across 3 models
4044,1445,737,FALSE,From model_part_matrix | Display shared across 3 models
4045,388,738,FALSE,From model_part_matrix | Display shared across 3 models
4046,519,738,FALSE,From model_part_matrix | Display shared across 3 models
4047,449,738,FALSE,From model_part_matrix | Display shared across 3 models
4048,389,739,FALSE,From model_part_matrix | Display shared across 18 models
4049,518,739,FALSE,From model_part_matrix | Display shared across 18 models
4050,520,739,FALSE,From model_part_matrix | Display shared across 18 models
4051,1500,739,FALSE,From model_part_matrix | Display shared across 18 models
4052,521,739,FALSE,From model_part_matrix | Display shared across 18 models
4053,581,739,FALSE,From model_part_matrix | Display shared across 18 models
4054,1517,739,FALSE,From model_part_matrix | Display shared across 18 models
4055,527,739,FALSE,From model_part_matrix | Display shared across 18 models
4056,530,739,FALSE,From model_part_matrix | Display shared across 18 models
4057,585,739,FALSE,From model_part_matrix | Display shared across 18 models
4058,1534,739,FALSE,From model_part_matrix | Display shared across 18 models
4059,391,739,FALSE,From model_part_matrix | Display shared across 18 models
4060,613,739,FALSE,From model_part_matrix | Display shared across 18 models
4061,1457,739,FALSE,From model_part_matrix | Display shared across 18 models
4062,532,739,FALSE,From model_part_matrix | Display shared across 18 models
4063,2116,739,FALSE,From model_part_matrix | Display shared across 18 models
4064,2117,739,FALSE,From model_part_matrix | Display shared across 18 models
4065,2115,739,FALSE,From model_part_matrix | Display shared across 18 models
4066,1449,740,FALSE,From model_part_matrix | Display shared across 2 models
4067,494,740,FALSE,From model_part_matrix | Display shared across 2 models
4068,125,741,FALSE,From model_part_matrix | Display shared across 4 models
4069,510,741,FALSE,From model_part_matrix | Display shared across 4 models
4070,1535,741,FALSE,From model_part_matrix | Display shared across 4 models
4071,419,741,FALSE,From model_part_matrix | Display shared across 4 models
4072,429,742,FALSE,From model_part_matrix | Display shared across 4 models
4073,440,742,FALSE,From model_part_matrix | Display shared across 4 models
4074,439,742,FALSE,From model_part_matrix | Display shared across 4 models
4075,619,742,FALSE,From model_part_matrix | Display shared across 4 models
4076,982,743,FALSE,From model_part_matrix | Display shared across 2 models
4077,983,743,FALSE,From model_part_matrix | Display shared across 2 models
4078,470,744,FALSE,From model_part_matrix | Display shared across 10 models
4079,224,744,FALSE,From model_part_matrix | Display shared across 10 models
4080,225,744,FALSE,From model_part_matrix | Display shared across 10 models
4081,1986,744,FALSE,From model_part_matrix | Display shared across 10 models
4082,1987,744,FALSE,From model_part_matrix | Display shared across 10 models
4083,1959,744,FALSE,From model_part_matrix | Display shared across 10 models
4084,884,744,FALSE,From model_part_matrix | Display shared across 10 models
4085,135,744,FALSE,From model_part_matrix | Display shared across 10 models
4086,228,744,FALSE,From model_part_matrix | Display shared across 10 models
4087,217,744,FALSE,From model_part_matrix | Display shared across 10 models
4088,471,745,FALSE,From model_part_matrix | Display shared across 7 models
4089,136,745,FALSE,From model_part_matrix | Display shared across 7 models
4090,223,745,FALSE,From model_part_matrix | Display shared across 7 models
4091,1967,745,FALSE,From model_part_matrix | Display shared across 7 models
4092,853,745,FALSE,From model_part_matrix | Display shared across 7 models
4093,852,745,FALSE,From model_part_matrix | Display shared across 7 models
4094,221,745,FALSE,From model_part_matrix | Display shared across 7 models
4095,472,746,FALSE,From model_part_matrix | Display shared across 7 models
4096,1988,746,FALSE,From model_part_matrix | Display shared across 7 models
4097,229,746,FALSE,From model_part_matrix | Display shared across 7 models
4098,885,746,FALSE,From model_part_matrix | Display shared across 7 models
4099,231,746,FALSE,From model_part_matrix | Display shared across 7 models
4100,1989,746,FALSE,From model_part_matrix | Display shared across 7 models
4101,887,746,FALSE,From model_part_matrix | Display shared across 7 models
4102,474,747,FALSE,From model_part_matrix | Display shared across 3 models
4103,1990,747,FALSE,From model_part_matrix | Display shared across 3 models
4104,1991,747,FALSE,From model_part_matrix | Display shared across 3 models
4105,475,748,FALSE,From model_part_matrix | Display shared across 5 models
4106,865,748,FALSE,From model_part_matrix | Display shared across 5 models
4107,866,748,FALSE,From model_part_matrix | Display shared across 5 models
4108,26,748,FALSE,From model_part_matrix | Display shared across 5 models
4109,487,748,FALSE,From model_part_matrix | Display shared across 5 models
4110,476,749,FALSE,From model_part_matrix | Display shared across 2 models
4111,2156,749,FALSE,From model_part_matrix | Display shared across 2 models
4112,477,750,FALSE,From model_part_matrix | Display shared across 6 models
4113,869,750,FALSE,From model_part_matrix | Display shared across 6 models
4114,870,750,FALSE,From model_part_matrix | Display shared across 6 models
4115,893,750,FALSE,From model_part_matrix | Display shared across 6 models
4116,890,750,FALSE,From model_part_matrix | Display shared across 6 models
4117,1980,750,FALSE,From model_part_matrix | Display shared across 6 models
4118,2100,751,FALSE,From model_part_matrix | Display shared across 2 models
4119,2155,751,FALSE,From model_part_matrix | Display shared across 2 models
4120,1476,752,FALSE,From model_part_matrix | Display shared across 5 models
4121,491,752,FALSE,From model_part_matrix | Display shared across 5 models
4122,1485,752,FALSE,From model_part_matrix | Display shared across 5 models
4123,233,752,FALSE,From model_part_matrix | Display shared across 5 models
4124,1994,752,FALSE,From model_part_matrix | Display shared across 5 models
4125,1477,753,FALSE,From model_part_matrix | Display shared across 10 models
4126,1976,753,FALSE,From model_part_matrix | Display shared across 10 models
4127,1974,753,FALSE,From model_part_matrix | Display shared across 10 models
4128,1479,753,FALSE,From model_part_matrix | Display shared across 10 models
4129,1478,753,FALSE,From model_part_matrix | Display shared across 10 models
4130,1995,753,FALSE,From model_part_matrix | Display shared across 10 models
4131,1996,753,FALSE,From model_part_matrix | Display shared across 10 models
4132,1997,753,FALSE,From model_part_matrix | Display shared across 10 models
4133,1998,753,FALSE,From model_part_matrix | Display shared across 10 models
4134,1964,753,FALSE,From model_part_matrix | Display shared across 10 models
4135,1480,754,FALSE,From model_part_matrix | Display shared across 3 models
4136,2022,754,FALSE,From model_part_matrix | Display shared across 3 models
4137,2025,754,FALSE,From model_part_matrix | Display shared across 3 models
4138,1481,755,FALSE,From model_part_matrix | Display shared across 3 models
4139,2001,755,FALSE,From model_part_matrix | Display shared across 3 models
4140,2002,755,FALSE,From model_part_matrix | Display shared across 3 models
4141,478,756,FALSE,From model_part_matrix | Display shared across 3 models
4142,879,756,FALSE,From model_part_matrix | Display shared across 3 models
4143,881,756,FALSE,From model_part_matrix | Display shared across 3 models
4144,479,757,FALSE,From model_part_matrix | Display shared across 4 models
4145,916,757,FALSE,From model_part_matrix | Display shared across 4 models
4146,917,757,FALSE,From model_part_matrix | Display shared across 4 models
4147,901,757,FALSE,From model_part_matrix | Display shared across 4 models
4148,138,758,FALSE,From model_part_matrix | Display shared across 4 models
4149,1985,758,FALSE,From model_part_matrix | Display shared across 4 models
4150,238,758,FALSE,From model_part_matrix | Display shared across 4 models
4151,227,758,FALSE,From model_part_matrix | Display shared across 4 models
4152,481,759,FALSE,From model_part_matrix | Display shared across 4 models
4153,2008,759,FALSE,From model_part_matrix | Display shared across 4 models
4154,900,759,FALSE,From model_part_matrix | Display shared across 4 models
4155,2015,759,FALSE,From model_part_matrix | Display shared across 4 models
4156,482,760,FALSE,From model_part_matrix | Display shared across 9 models
4157,903,760,FALSE,From model_part_matrix | Display shared across 9 models
4158,1975,760,FALSE,From model_part_matrix | Display shared across 9 models
4159,1958,760,FALSE,From model_part_matrix | Display shared across 9 models
4160,858,760,FALSE,From model_part_matrix | Display shared across 9 models
4161,485,760,FALSE,From model_part_matrix | Display shared across 9 models
4162,851,760,FALSE,From model_part_matrix | Display shared across 9 models
4163,904,760,FALSE,From model_part_matrix | Display shared across 9 models
4164,2011,760,FALSE,From model_part_matrix | Display shared across 9 models
4165,139,761,FALSE,From model_part_matrix | Display shared across 9 models
4166,2009,761,FALSE,From model_part_matrix | Display shared across 9 models
4167,20,761,FALSE,From model_part_matrix | Display shared across 9 models
4168,235,761,FALSE,From model_part_matrix | Display shared across 9 models
4169,906,761,FALSE,From model_part_matrix | Display shared across 9 models
4170,1482,761,FALSE,From model_part_matrix | Display shared across 9 models
4171,7,761,FALSE,From model_part_matrix | Display shared across 9 models
4172,2007,761,FALSE,From model_part_matrix | Display shared across 9 models
4173,2016,761,FALSE,From model_part_matrix | Display shared across 9 models
4174,486,762,FALSE,From model_part_matrix | Display shared across 11 models
4175,222,762,FALSE,From model_part_matrix | Display shared across 11 models
4176,25,762,FALSE,From model_part_matrix | Display shared across 11 models
4177,863,762,FALSE,From model_part_matrix | Display shared across 11 models
4178,864,762,FALSE,From model_part_matrix | Display shared across 11 models
4179,868,762,FALSE,From model_part_matrix | Display shared across 11 models
4180,489,762,FALSE,From model_part_matrix | Display shared across 11 models
4181,1483,762,FALSE,From model_part_matrix | Display shared across 11 models
4182,2023,762,FALSE,From model_part_matrix | Display shared across 11 models
4183,2027,762,FALSE,From model_part_matrix | Display shared across 11 models
4184,1977,762,FALSE,From model_part_matrix | Display shared across 11 models
4185,1484,763,FALSE,From model_part_matrix | Display shared across 4 models
4186,2024,763,FALSE,From model_part_matrix | Display shared across 4 models
4187,2030,763,FALSE,From model_part_matrix | Display shared across 4 models
4188,2029,763,FALSE,From model_part_matrix | Display shared across 4 models
4189,140,764,FALSE,From model_part_matrix | Display shared across 4 models
4190,1960,764,FALSE,From model_part_matrix | Display shared across 4 models
4191,2031,764,FALSE,From model_part_matrix | Display shared across 4 models
4192,493,764,FALSE,From model_part_matrix | Display shared across 4 models
4193,1486,765,FALSE,From model_part_matrix | Display shared across 7 models
4194,8,765,FALSE,From model_part_matrix | Display shared across 7 models
4195,2006,765,FALSE,From model_part_matrix | Display shared across 7 models
4196,2012,765,FALSE,From model_part_matrix | Display shared across 7 models
4197,2013,765,FALSE,From model_part_matrix | Display shared across 7 models
4198,1963,765,FALSE,From model_part_matrix | Display shared across 7 models
4199,2014,765,FALSE,From model_part_matrix | Display shared across 7 models
4200,1487,766,FALSE,From model_part_matrix | Display shared across 4 models
4201,2019,766,FALSE,From model_part_matrix | Display shared across 4 models
4202,2020,766,FALSE,From model_part_matrix | Display shared across 4 models
4203,22,766,FALSE,From model_part_matrix | Display shared across 4 models
4204,142,767,FALSE,From model_part_matrix | Display shared across 3 models
4205,23,767,FALSE,From model_part_matrix | Display shared across 3 models
4206,2021,767,FALSE,From model_part_matrix | Display shared across 3 models
4207,1488,768,FALSE,From model_part_matrix | Display shared across 4 models
4208,2026,768,FALSE,From model_part_matrix | Display shared across 4 models
4209,2005,768,FALSE,From model_part_matrix | Display shared across 4 models
4210,1489,768,FALSE,From model_part_matrix | Display shared across 4 models
4211,496,769,FALSE,From model_part_matrix | Display shared across 3 models
4212,1503,769,FALSE,From model_part_matrix | Display shared across 3 models
4213,497,769,FALSE,From model_part_matrix | Display shared across 3 models
4214,543,770,FALSE,From model_part_matrix | Display shared across 4 models
4215,546,770,FALSE,From model_part_matrix | Display shared across 4 models
4216,1519,770,FALSE,From model_part_matrix | Display shared across 4 models
4217,548,770,FALSE,From model_part_matrix | Display shared across 4 models
4218,549,771,FALSE,From model_part_matrix | Display shared across 2 models
4219,552,771,FALSE,From model_part_matrix | Display shared across 2 models
4220,554,772,FALSE,From model_part_matrix | Display shared across 5 models
4221,555,772,FALSE,From model_part_matrix | Display shared across 5 models
4222,557,772,FALSE,From model_part_matrix | Display shared across 5 models
4223,1520,772,FALSE,From model_part_matrix | Display shared across 5 models
4224,1504,772,FALSE,From model_part_matrix | Display shared across 5 models
4225,559,773,FALSE,From model_part_matrix | Display shared across 4 models
4226,596,773,FALSE,From model_part_matrix | Display shared across 4 models
4227,561,773,FALSE,From model_part_matrix | Display shared across 4 models
4228,601,773,FALSE,From model_part_matrix | Display shared across 4 models
4229,562,774,FALSE,From model_part_matrix | Display shared across 3 models
4230,563,774,FALSE,From model_part_matrix | Display shared across 3 models
4231,599,774,FALSE,From model_part_matrix | Display shared across 3 models
4232,2103,775,FALSE,From model_part_matrix | Display shared across 3 models
4233,2107,775,FALSE,From model_part_matrix | Display shared across 3 models
4234,2108,775,FALSE,From model_part_matrix | Display shared across 3 models
4235,2111,776,FALSE,From model_part_matrix | Display shared across 2 models
4236,2112,776,FALSE,From model_part_matrix | Display shared across 2 models
4237,1536,777,FALSE,From model_part_matrix | Display shared across 3 models
4238,624,777,FALSE,From model_part_matrix | Display shared across 3 models
4239,622,777,FALSE,From model_part_matrix | Display shared across 3 models
4240,149,778,FALSE,From model_part_matrix | Display shared across 4 models
4241,693,778,FALSE,From model_part_matrix | Display shared across 4 models
4242,1598,778,FALSE,From model_part_matrix | Display shared across 4 models
4243,1539,778,FALSE,From model_part_matrix | Display shared across 4 models
4244,630,779,FALSE,From model_part_matrix | Display shared across 4 models
4245,694,779,FALSE,From model_part_matrix | Display shared across 4 models
4246,1538,779,FALSE,From model_part_matrix | Display shared across 4 models
4247,1597,779,FALSE,From model_part_matrix | Display shared across 4 models
4248,150,780,FALSE,From model_part_matrix | Display shared across 13 models
4249,636,780,FALSE,From model_part_matrix | Display shared across 13 models
4250,701,780,FALSE,From model_part_matrix | Display shared across 13 models
4251,665,780,FALSE,From model_part_matrix | Display shared across 13 models
4252,696,780,FALSE,From model_part_matrix | Display shared across 13 models
4253,647,780,FALSE,From model_part_matrix | Display shared across 13 models
4254,1610,780,FALSE,From model_part_matrix | Display shared across 13 models
4255,1548,780,FALSE,From model_part_matrix | Display shared across 13 models
4256,1602,780,FALSE,From model_part_matrix | Display shared across 13 models
4257,1540,780,FALSE,From model_part_matrix | Display shared across 13 models
4258,1599,780,FALSE,From model_part_matrix | Display shared across 13 models
4259,1568,780,FALSE,From model_part_matrix | Display shared across 13 models
4260,1617,780,FALSE,From model_part_matrix | Display shared across 13 models
4261,151,781,FALSE,From model_part_matrix | Display shared across 8 models
4262,1543,781,FALSE,From model_part_matrix | Display shared across 8 models
4263,154,781,FALSE,From model_part_matrix | Display shared across 8 models
4264,697,781,FALSE,From model_part_matrix | Display shared across 8 models
4265,152,781,FALSE,From model_part_matrix | Display shared across 8 models
4266,2121,781,FALSE,From model_part_matrix | Display shared across 8 models
4267,1585,781,FALSE,From model_part_matrix | Display shared across 8 models
4268,663,781,FALSE,From model_part_matrix | Display shared across 8 models
4269,1541,782,FALSE,From model_part_matrix | Display shared across 6 models
4270,632,782,FALSE,From model_part_matrix | Display shared across 6 models
4271,162,782,FALSE,From model_part_matrix | Display shared across 6 models
4272,158,782,FALSE,From model_part_matrix | Display shared across 6 models
4273,1552,782,FALSE,From model_part_matrix | Display shared across 6 models
4274,1542,782,FALSE,From model_part_matrix | Display shared across 6 models
4275,1544,783,FALSE,From model_part_matrix | Display shared across 3 models
4276,1545,783,FALSE,From model_part_matrix | Display shared across 3 models
4277,1603,783,FALSE,From model_part_matrix | Display shared across 3 models
4278,1546,784,FALSE,From model_part_matrix | Display shared across 6 models
4279,1586,784,FALSE,From model_part_matrix | Display shared across 6 models
4280,1600,784,FALSE,From model_part_matrix | Display shared across 6 models
4281,1547,784,FALSE,From model_part_matrix | Display shared across 6 models
4282,1583,784,FALSE,From model_part_matrix | Display shared across 6 models
4283,1601,784,FALSE,From model_part_matrix | Display shared across 6 models
4284,634,785,FALSE,From model_part_matrix | Display shared across 2 models
4285,699,785,FALSE,From model_part_matrix | Display shared across 2 models
4286,156,786,FALSE,From model_part_matrix | Display shared across 2 models
4287,700,786,FALSE,From model_part_matrix | Display shared across 2 models
4288,157,787,FALSE,From model_part_matrix | Display shared across 7 models
4289,1549,787,FALSE,From model_part_matrix | Display shared across 7 models
4290,1550,787,FALSE,From model_part_matrix | Display shared across 7 models
4291,666,787,FALSE,From model_part_matrix | Display shared across 7 models
4292,702,787,FALSE,From model_part_matrix | Display shared across 7 models
4293,1551,787,FALSE,From model_part_matrix | Display shared across 7 models
4294,1553,787,FALSE,From model_part_matrix | Display shared across 7 models
4295,1554,788,FALSE,From model_part_matrix | Display shared across 5 models
4296,637,788,FALSE,From model_part_matrix | Display shared across 5 models
4297,1556,788,FALSE,From model_part_matrix | Display shared across 5 models
4298,1557,788,FALSE,From model_part_matrix | Display shared across 5 models
4299,1555,788,FALSE,From model_part_matrix | Display shared across 5 models
4300,14,789,FALSE,From model_part_matrix | Display shared across 4 models
4301,1559,789,FALSE,From model_part_matrix | Display shared across 4 models
4302,1588,789,FALSE,From model_part_matrix | Display shared across 4 models
4303,1606,789,FALSE,From model_part_matrix | Display shared across 4 models
4304,1558,790,FALSE,From model_part_matrix | Display shared across 3 models
4305,1589,790,FALSE,From model_part_matrix | Display shared across 3 models
4306,1607,790,FALSE,From model_part_matrix | Display shared across 3 models
4307,1560,791,FALSE,From model_part_matrix | Display shared across 4 models
4308,1561,791,FALSE,From model_part_matrix | Display shared across 4 models
4309,1567,791,FALSE,From model_part_matrix | Display shared across 4 models
4310,1562,791,FALSE,From model_part_matrix | Display shared across 4 models
4311,159,792,FALSE,From model_part_matrix | Display shared across 2 models
4312,161,792,FALSE,From model_part_matrix | Display shared across 2 models
4313,639,793,FALSE,From model_part_matrix | Display shared across 3 models
4314,668,793,FALSE,From model_part_matrix | Display shared across 3 models
4315,704,793,FALSE,From model_part_matrix | Display shared across 3 models
4316,1563,794,FALSE,From model_part_matrix | Display shared across 3 models
4317,1593,794,FALSE,From model_part_matrix | Display shared across 3 models
4318,1564,794,FALSE,From model_part_matrix | Display shared across 3 models
4319,1565,795,FALSE,From model_part_matrix | Display shared across 4 models
4320,640,795,FALSE,From model_part_matrix | Display shared across 4 models
4321,670,795,FALSE,From model_part_matrix | Display shared across 4 models
4322,1618,795,FALSE,From model_part_matrix | Display shared across 4 models
4323,641,796,FALSE,From model_part_matrix | Display shared across 4 models
4324,1566,796,FALSE,From model_part_matrix | Display shared across 4 models
4325,1590,796,FALSE,From model_part_matrix | Display shared across 4 models
4326,16,796,FALSE,From model_part_matrix | Display shared across 4 models
4327,642,797,FALSE,From model_part_matrix | Display shared across 2 models
4328,711,797,FALSE,From model_part_matrix | Display shared across 2 models
4329,163,798,FALSE,From model_part_matrix | Display shared across 4 models
4330,1,798,FALSE,From model_part_matrix | Display shared across 4 models
4331,164,798,FALSE,From model_part_matrix | Display shared across 4 models
4332,2,798,FALSE,From model_part_matrix | Display shared across 4 models
4333,646,799,FALSE,From model_part_matrix | Display shared across 2 models
4334,708,799,FALSE,From model_part_matrix | Display shared across 2 models
4335,1569,800,FALSE,From model_part_matrix | Display shared across 3 models
4336,1574,800,FALSE,From model_part_matrix | Display shared across 3 models
4337,1619,800,FALSE,From model_part_matrix | Display shared across 3 models
4338,2119,801,FALSE,From model_part_matrix | Display shared across 3 models
4339,2120,801,FALSE,From model_part_matrix | Display shared across 3 models
4340,2122,801,FALSE,From model_part_matrix | Display shared across 3 models
4341,3,802,FALSE,From model_part_matrix | Display shared across 3 models
4342,1570,802,FALSE,From model_part_matrix | Display shared across 3 models
4343,707,802,FALSE,From model_part_matrix | Display shared across 3 models
4344,1571,803,FALSE,From model_part_matrix | Display shared across 3 models
4345,648,803,FALSE,From model_part_matrix | Display shared across 3 models
4346,1572,803,FALSE,From model_part_matrix | Display shared across 3 models
4347,1573,804,FALSE,From model_part_matrix | Display shared across 2 models
4348,12,804,FALSE,From model_part_matrix | Display shared across 2 models
4349,1575,805,FALSE,From model_part_matrix | Display shared across 2 models
4350,1620,805,FALSE,From model_part_matrix | Display shared across 2 models
4351,1576,806,FALSE,From model_part_matrix | Display shared across 4 models
4352,1579,806,FALSE,From model_part_matrix | Display shared across 4 models
4353,1578,806,FALSE,From model_part_matrix | Display shared across 4 models
4354,1577,806,FALSE,From model_part_matrix | Display shared across 4 models
4355,1580,807,FALSE,From model_part_matrix | Display shared across 5 models
4356,1596,807,FALSE,From model_part_matrix | Display shared across 5 models
4357,1630,807,FALSE,From model_part_matrix | Display shared across 5 models
4358,1581,807,FALSE,From model_part_matrix | Display shared across 5 models
4359,1621,807,FALSE,From model_part_matrix | Display shared across 5 models
4360,1582,808,FALSE,From model_part_matrix | Display shared across 4 models
4361,1628,808,FALSE,From model_part_matrix | Display shared across 4 models
4362,1595,808,FALSE,From model_part_matrix | Display shared across 4 models
4363,1629,808,FALSE,From model_part_matrix | Display shared across 4 models
4364,1584,809,FALSE,From model_part_matrix | Display shared across 4 models
4365,1604,809,FALSE,From model_part_matrix | Display shared across 4 models
4366,1587,809,FALSE,From model_part_matrix | Display shared across 4 models
4367,1605,809,FALSE,From model_part_matrix | Display shared across 4 models
4368,1591,810,FALSE,From model_part_matrix | Display shared across 10 models
4369,1608,810,FALSE,From model_part_matrix | Display shared across 10 models
4370,1609,810,FALSE,From model_part_matrix | Display shared across 10 models
4371,1611,810,FALSE,From model_part_matrix | Display shared across 10 models
4372,1614,810,FALSE,From model_part_matrix | Display shared across 10 models
4373,1615,810,FALSE,From model_part_matrix | Display shared across 10 models
4374,1612,810,FALSE,From model_part_matrix | Display shared across 10 models
4375,1616,810,FALSE,From model_part_matrix | Display shared across 10 models
4376,1613,810,FALSE,From model_part_matrix | Display shared across 10 models
4377,1592,810,FALSE,From model_part_matrix | Display shared across 10 models
4378,1594,811,FALSE,From model_part_matrix | Display shared across 7 models
4379,1623,811,FALSE,From model_part_matrix | Display shared across 7 models
4380,1625,811,FALSE,From model_part_matrix | Display shared across 7 models
4381,1627,811,FALSE,From model_part_matrix | Display shared across 7 models
4382,1622,811,FALSE,From model_part_matrix | Display shared across 7 models
4383,1626,811,FALSE,From model_part_matrix | Display shared across 7 models
4384,1624,811,FALSE,From model_part_matrix | Display shared across 7 models
4385,675,812,FALSE,From model_part_matrix | Display shared across 2 models
4386,679,812,FALSE,From model_part_matrix | Display shared across 2 models
4387,1631,813,FALSE,From model_part_matrix | Display shared across 2 models
4388,1632,813,FALSE,From model_part_matrix | Display shared across 2 models
4389,1635,814,FALSE,From model_part_matrix | Display shared across 11 models
4390,1736,814,FALSE,From model_part_matrix | Display shared across 11 models
4391,1787,814,FALSE,From model_part_matrix | Display shared across 11 models
4392,1639,814,FALSE,From model_part_matrix | Display shared across 11 models
4393,1737,814,FALSE,From model_part_matrix | Display shared across 11 models
4394,1741,814,FALSE,From model_part_matrix | Display shared across 11 models
4395,1788,814,FALSE,From model_part_matrix | Display shared across 11 models
4396,1636,814,FALSE,From model_part_matrix | Display shared across 11 models
4397,1637,814,FALSE,From model_part_matrix | Display shared across 11 models
4398,1638,814,FALSE,From model_part_matrix | Display shared across 11 models
4399,744,814,FALSE,From model_part_matrix | Display shared across 11 models
4400,167,815,FALSE,From model_part_matrix | Display shared across 5 models
4401,1679,815,FALSE,From model_part_matrix | Display shared across 5 models
4402,1680,815,FALSE,From model_part_matrix | Display shared across 5 models
4403,1735,815,FALSE,From model_part_matrix | Display shared across 5 models
4404,177,815,FALSE,From model_part_matrix | Display shared across 5 models
4405,721,816,FALSE,From model_part_matrix | Display shared across 2 models
4406,1686,816,FALSE,From model_part_matrix | Display shared across 2 models
4407,1658,817,FALSE,From model_part_matrix | Display shared across 9 models
4408,1660,817,FALSE,From model_part_matrix | Display shared across 9 models
4409,1689,817,FALSE,From model_part_matrix | Display shared across 9 models
4410,1690,817,FALSE,From model_part_matrix | Display shared across 9 models
4411,168,817,FALSE,From model_part_matrix | Display shared across 9 models
4412,1691,817,FALSE,From model_part_matrix | Display shared across 9 models
4413,1692,817,FALSE,From model_part_matrix | Display shared across 9 models
4414,1687,817,FALSE,From model_part_matrix | Display shared across 9 models
4415,1688,817,FALSE,From model_part_matrix | Display shared across 9 models
4416,1665,818,FALSE,From model_part_matrix | Display shared across 8 models
4417,1706,818,FALSE,From model_part_matrix | Display shared across 8 models
4418,1707,818,FALSE,From model_part_matrix | Display shared across 8 models
4419,1708,818,FALSE,From model_part_matrix | Display shared across 8 models
4420,1677,818,FALSE,From model_part_matrix | Display shared across 8 models
4421,1678,818,FALSE,From model_part_matrix | Display shared across 8 models
4422,1666,818,FALSE,From model_part_matrix | Display shared across 8 models
4423,1667,818,FALSE,From model_part_matrix | Display shared across 8 models
4424,1710,819,FALSE,From model_part_matrix | Display shared across 4 models
4425,1712,819,FALSE,From model_part_matrix | Display shared across 4 models
4426,1713,819,FALSE,From model_part_matrix | Display shared across 4 models
4427,1810,819,FALSE,From model_part_matrix | Display shared across 4 models
4428,1714,820,FALSE,From model_part_matrix | Display shared across 4 models
4429,1718,820,FALSE,From model_part_matrix | Display shared across 4 models
4430,178,820,FALSE,From model_part_matrix | Display shared across 4 models
4431,1815,820,FALSE,From model_part_matrix | Display shared across 4 models
4432,1720,821,FALSE,From model_part_matrix | Display shared across 12 models
4433,736,821,FALSE,From model_part_matrix | Display shared across 12 models
4434,1721,821,FALSE,From model_part_matrix | Display shared across 12 models
4435,739,821,FALSE,From model_part_matrix | Display shared across 12 models
4436,1729,821,FALSE,From model_part_matrix | Display shared across 12 models
4437,1730,821,FALSE,From model_part_matrix | Display shared across 12 models
4438,727,821,FALSE,From model_part_matrix | Display shared across 12 models
4439,722,821,FALSE,From model_part_matrix | Display shared across 12 models
4440,1725,821,FALSE,From model_part_matrix | Display shared across 12 models
4441,728,821,FALSE,From model_part_matrix | Display shared across 12 models
4442,1769,821,FALSE,From model_part_matrix | Display shared across 12 models
4443,747,821,FALSE,From model_part_matrix | Display shared across 12 models
4444,1726,822,FALSE,From model_part_matrix | Display shared across 6 models
4445,1728,822,FALSE,From model_part_matrix | Display shared across 6 models
4446,1727,822,FALSE,From model_part_matrix | Display shared across 6 models
4447,740,822,FALSE,From model_part_matrix | Display shared across 6 models
4448,743,822,FALSE,From model_part_matrix | Display shared across 6 models
4449,1829,822,FALSE,From model_part_matrix | Display shared across 6 models
4450,1830,823,FALSE,From model_part_matrix | Display shared across 7 models
4451,751,823,FALSE,From model_part_matrix | Display shared across 7 models
4452,1838,823,FALSE,From model_part_matrix | Display shared across 7 models
4453,830,823,FALSE,From model_part_matrix | Display shared across 7 models
4454,828,823,FALSE,From model_part_matrix | Display shared across 7 models
4455,1933,823,FALSE,From model_part_matrix | Display shared across 7 models
4456,1877,823,FALSE,From model_part_matrix | Display shared across 7 models
4457,181,824,FALSE,From model_part_matrix | Display shared across 4 models
4458,182,824,FALSE,From model_part_matrix | Display shared across 4 models
4459,844,824,FALSE,From model_part_matrix | Display shared across 4 models
4460,834,824,FALSE,From model_part_matrix | Display shared across 4 models
4461,1831,825,FALSE,From model_part_matrix | Display shared across 5 models
4462,1861,825,FALSE,From model_part_matrix | Display shared across 5 models
4463,1840,825,FALSE,From model_part_matrix | Display shared across 5 models
4464,1832,825,FALSE,From model_part_matrix | Display shared across 5 models
4465,1833,825,FALSE,From model_part_matrix | Display shared across 5 models
4466,1835,826,FALSE,From model_part_matrix | Display shared across 6 models
4467,1842,826,FALSE,From model_part_matrix | Display shared across 6 models
4468,1863,826,FALSE,From model_part_matrix | Display shared across 6 models
4469,1862,826,FALSE,From model_part_matrix | Display shared across 6 models
4470,1859,826,FALSE,From model_part_matrix | Display shared across 6 models
4471,1841,826,FALSE,From model_part_matrix | Display shared across 6 models
4472,1031,827,FALSE,From model_part_matrix | Display shared across 6 models
4473,1047,827,FALSE,From model_part_matrix | Display shared across 6 models
4474,1048,827,FALSE,From model_part_matrix | Display shared across 6 models
4475,1032,827,FALSE,From model_part_matrix | Display shared across 6 models
4476,1050,827,FALSE,From model_part_matrix | Display shared across 6 models
4477,1052,827,FALSE,From model_part_matrix | Display shared across 6 models
4478,1837,828,FALSE,From model_part_matrix | Display shared across 3 models
4479,1856,828,FALSE,From model_part_matrix | Display shared across 3 models
4480,1839,828,FALSE,From model_part_matrix | Display shared across 3 models
4481,1846,829,FALSE,From model_part_matrix | Display shared across 4 models
4482,1896,829,FALSE,From model_part_matrix | Display shared across 4 models
4483,1869,829,FALSE,From model_part_matrix | Display shared across 4 models
4484,1051,829,FALSE,From model_part_matrix | Display shared across 4 models
4485,2132,830,FALSE,From model_part_matrix | Display shared across 8 models
4486,836,830,FALSE,From model_part_matrix | Display shared across 8 models
4487,838,830,FALSE,From model_part_matrix | Display shared across 8 models
4488,835,830,FALSE,From model_part_matrix | Display shared across 8 models
4489,837,830,FALSE,From model_part_matrix | Display shared across 8 models
4490,839,830,FALSE,From model_part_matrix | Display shared across 8 models
4491,841,830,FALSE,From model_part_matrix | Display shared across 8 models
4492,793,830,FALSE,From model_part_matrix | Display shared across 8 models
4493,761,831,FALSE,From model_part_matrix | Display shared across 6 models
4494,196,831,FALSE,From model_part_matrix | Display shared across 6 models
4495,197,831,FALSE,From model_part_matrix | Display shared across 6 models
4496,199,831,FALSE,From model_part_matrix | Display shared across 6 models
4497,200,831,FALSE,From model_part_matrix | Display shared across 6 models
4498,206,831,FALSE,From model_part_matrix | Display shared across 6 models
4499,183,832,FALSE,From model_part_matrix | Display shared across 5 models
4500,763,832,FALSE,From model_part_matrix | Display shared across 5 models
4501,846,832,FALSE,From model_part_matrix | Display shared across 5 models
4502,842,832,FALSE,From model_part_matrix | Display shared across 5 models
4503,845,832,FALSE,From model_part_matrix | Display shared across 5 models
4504,762,833,FALSE,From model_part_matrix | Display shared across 2 models
4505,773,833,FALSE,From model_part_matrix | Display shared across 2 models
4506,1852,834,FALSE,From model_part_matrix | Display shared across 2 models
4507,193,834,FALSE,From model_part_matrix | Display shared across 2 models
4508,1853,835,FALSE,From model_part_matrix | Display shared across 2 models
4509,1854,835,FALSE,From model_part_matrix | Display shared across 2 models
4510,2133,836,FALSE,From model_part_matrix | Display shared across 8 models
4511,2135,836,FALSE,From model_part_matrix | Display shared across 8 models
4512,2153,836,FALSE,From model_part_matrix | Display shared across 8 models
4513,2134,836,FALSE,From model_part_matrix | Display shared across 8 models
4514,2152,836,FALSE,From model_part_matrix | Display shared across 8 models
4515,2136,836,FALSE,From model_part_matrix | Display shared across 8 models
4516,2150,836,FALSE,From model_part_matrix | Display shared across 8 models
4517,1930,836,FALSE,From model_part_matrix | Display shared across 8 models
4518,1857,837,FALSE,From model_part_matrix | Display shared across 3 models
4519,1878,837,FALSE,From model_part_matrix | Display shared across 3 models
4520,1879,837,FALSE,From model_part_matrix | Display shared across 3 models
4521,769,838,FALSE,From model_part_matrix | Display shared across 3 models
4522,1866,838,FALSE,From model_part_matrix | Display shared across 3 models
4523,831,838,FALSE,From model_part_matrix | Display shared across 3 models
4524,189,839,FALSE,From model_part_matrix | Display shared across 2 models
4525,1937,839,FALSE,From model_part_matrix | Display shared across 2 models
4526,771,840,FALSE,From model_part_matrix | Display shared across 3 models
4527,832,840,FALSE,From model_part_matrix | Display shared across 3 models
4528,1953,840,FALSE,From model_part_matrix | Display shared across 3 models
4529,1872,841,FALSE,From model_part_matrix | Display shared across 5 models
4530,1874,841,FALSE,From model_part_matrix | Display shared across 5 models
4531,1873,841,FALSE,From model_part_matrix | Display shared across 5 models
4532,1957,841,FALSE,From model_part_matrix | Display shared across 5 models
4533,2154,841,FALSE,From model_part_matrix | Display shared across 5 models
4534,1875,842,FALSE,From model_part_matrix | Display shared across 2 models
4535,1876,842,FALSE,From model_part_matrix | Display shared across 2 models
4536,775,843,FALSE,From model_part_matrix | Display shared across 4 models
4537,1881,843,FALSE,From model_part_matrix | Display shared across 4 models
4538,1880,843,FALSE,From model_part_matrix | Display shared across 4 models
4539,776,843,FALSE,From model_part_matrix | Display shared across 4 models
4540,779,844,FALSE,From model_part_matrix | Display shared across 4 models
4541,790,844,FALSE,From model_part_matrix | Display shared across 4 models
4542,789,844,FALSE,From model_part_matrix | Display shared across 4 models
4543,1909,844,FALSE,From model_part_matrix | Display shared across 4 models
4544,2137,845,FALSE,From model_part_matrix | Display shared across 4 models
4545,2138,845,FALSE,From model_part_matrix | Display shared across 4 models
4546,2140,845,FALSE,From model_part_matrix | Display shared across 4 models
4547,2139,845,FALSE,From model_part_matrix | Display shared across 4 models
4548,791,846,FALSE,From model_part_matrix | Display shared across 3 models
4549,1906,846,FALSE,From model_part_matrix | Display shared across 3 models
4550,1927,846,FALSE,From model_part_matrix | Display shared across 3 models
4551,1904,847,FALSE,From model_part_matrix | Display shared across 6 models
4552,1905,847,FALSE,From model_part_matrix | Display shared across 6 models
4553,205,847,FALSE,From model_part_matrix | Display shared across 6 models
4554,1921,847,FALSE,From model_part_matrix | Display shared across 6 models
4555,1923,847,FALSE,From model_part_matrix | Display shared across 6 models
4556,2147,847,FALSE,From model_part_matrix | Display shared across 6 models
4557,1910,848,FALSE,From model_part_matrix | Display shared across 5 models
4558,814,848,FALSE,From model_part_matrix | Display shared across 5 models
4559,1915,848,FALSE,From model_part_matrix | Display shared across 5 models
4560,1928,848,FALSE,From model_part_matrix | Display shared across 5 models
4561,826,848,FALSE,From model_part_matrix | Display shared across 5 models
4562,2145,849,FALSE,From model_part_matrix | Display shared across 4 models
4563,2149,849,FALSE,From model_part_matrix | Display shared across 4 models
4564,2146,849,FALSE,From model_part_matrix | Display shared across 4 models
4565,2148,849,FALSE,From model_part_matrix | Display shared across 4 models
4566,208,850,FALSE,From model_part_matrix | Display shared across 2 models
4567,1920,850,FALSE,From model_part_matrix | Display shared across 2 models
4568,1929,851,FALSE,From model_part_matrix | Display shared across 3 models
4569,1931,851,FALSE,From model_part_matrix | Display shared across 3 models
4570,1940,851,FALSE,From model_part_matrix | Display shared across 3 models
4571,827,852,FALSE,From model_part_matrix | Display shared across 2 models
4572,1939,852,FALSE,From model_part_matrix | Display shared across 2 models
4573,211,853,FALSE,From model_part_matrix | Display shared across 5 models
4574,1954,853,FALSE,From model_part_matrix | Display shared across 5 models
4575,212,853,FALSE,From model_part_matrix | Display shared across 5 models
4576,1956,853,FALSE,From model_part_matrix | Display shared across 5 models
4577,1955,853,FALSE,From model_part_matrix | Display shared across 5 models
4578,843,854,FALSE,From model_part_matrix | Display shared across 2 models
4579,847,854,FALSE,From model_part_matrix | Display shared across 2 models
4580,1961,855,FALSE,From model_part_matrix | Display shared across 3 models
4581,899,855,FALSE,From model_part_matrix | Display shared across 3 models
4582,1962,855,FALSE,From model_part_matrix | Display shared across 3 models
4583,1965,856,FALSE,From model_part_matrix | Display shared across 4 models
4584,1992,856,FALSE,From model_part_matrix | Display shared across 4 models
4585,1993,856,FALSE,From model_part_matrix | Display shared across 4 models
4586,1966,856,FALSE,From model_part_matrix | Display shared across 4 models
4587,1968,857,FALSE,From model_part_matrix | Display shared across 2 models
4588,1969,857,FALSE,From model_part_matrix | Display shared across 2 models
4589,1970,858,FALSE,From model_part_matrix | Display shared across 4 models
4590,1972,858,FALSE,From model_part_matrix | Display shared across 4 models
4591,1971,858,FALSE,From model_part_matrix | Display shared across 4 models
4592,1973,858,FALSE,From model_part_matrix | Display shared across 4 models
4593,859,859,FALSE,From model_part_matrix | Display shared across 2 models
4594,860,859,FALSE,From model_part_matrix | Display shared across 2 models
4595,1978,860,FALSE,From model_part_matrix | Display shared across 3 models
4596,1979,860,FALSE,From model_part_matrix | Display shared across 3 models
4597,2003,860,FALSE,From model_part_matrix | Display shared across 3 models
4598,873,861,FALSE,From model_part_matrix | Display shared across 2 models
4599,895,861,FALSE,From model_part_matrix | Display shared across 2 models
4600,874,862,FALSE,From model_part_matrix | Display shared across 2 models
4601,876,862,FALSE,From model_part_matrix | Display shared across 2 models
4602,875,863,FALSE,From model_part_matrix | Display shared across 2 models
4603,886,863,FALSE,From model_part_matrix | Display shared across 2 models
4604,1981,864,FALSE,From model_part_matrix | Display shared across 2 models
4605,2032,864,FALSE,From model_part_matrix | Display shared across 2 models
4606,1982,865,FALSE,From model_part_matrix | Display shared across 3 models
4607,1983,865,FALSE,From model_part_matrix | Display shared across 3 models
4608,1984,865,FALSE,From model_part_matrix | Display shared across 3 models
4609,1999,866,FALSE,From model_part_matrix | Display shared across 3 models
4610,2000,866,FALSE,From model_part_matrix | Display shared across 3 models
4611,2004,866,FALSE,From model_part_matrix | Display shared across 3 models
4612,24,867,FALSE,From model_part_matrix | Display shared across 2 models
4613,2028,867,FALSE,From model_part_matrix | Display shared across 2 models
4614,910,868,FALSE,From model_part_matrix | Display shared across 3 models
4615,911,868,FALSE,From model_part_matrix | Display shared across 3 models
4616,912,868,FALSE,From model_part_matrix | Display shared across 3 models
4617,920,869,FALSE,From model_part_matrix | Display shared across 2 models
4618,921,869,FALSE,From model_part_matrix | Display shared across 2 models
4619,66,870,FALSE,From model_part_matrix | Display Connector shared across 17 models
4620,1795,870,FALSE,From model_part_matrix | Display Connector shared across 17 models
4621,175,870,FALSE,From model_part_matrix | Display Connector shared across 17 models
4622,718,870,FALSE,From model_part_matrix | Display Connector shared across 17 models
4623,67,870,FALSE,From model_part_matrix | Display Connector shared across 17 models
4624,738,870,FALSE,From model_part_matrix | Display Connector shared across 17 models
4625,272,870,FALSE,From model_part_matrix | Display Connector shared across 17 models
4626,283,870,FALSE,From model_part_matrix | Display Connector shared across 17 models
4627,1215,870,FALSE,From model_part_matrix | Display Connector shared across 17 models
4628,1674,870,FALSE,From model_part_matrix | Display Connector shared across 17 models
4629,1675,870,FALSE,From model_part_matrix | Display Connector shared across 17 models
4630,1216,870,FALSE,From model_part_matrix | Display Connector shared across 17 models
4631,1209,870,FALSE,From model_part_matrix | Display Connector shared across 17 models
4632,1770,870,FALSE,From model_part_matrix | Display Connector shared across 17 models
4633,1771,870,FALSE,From model_part_matrix | Display Connector shared across 17 models
4634,1223,870,FALSE,From model_part_matrix | Display Connector shared across 17 models
4635,1731,870,FALSE,From model_part_matrix | Display Connector shared across 17 models
4636,1075,871,FALSE,From model_part_matrix | Display Connector shared across 12 models
4637,1166,871,FALSE,From model_part_matrix | Display Connector shared across 12 models
4638,1168,871,FALSE,From model_part_matrix | Display Connector shared across 12 models
4639,1167,871,FALSE,From model_part_matrix | Display Connector shared across 12 models
4640,1311,871,FALSE,From model_part_matrix | Display Connector shared across 12 models
4641,1312,871,FALSE,From model_part_matrix | Display Connector shared across 12 models
4642,1314,871,FALSE,From model_part_matrix | Display Connector shared across 12 models
4643,1285,871,FALSE,From model_part_matrix | Display Connector shared across 12 models
4644,1287,871,FALSE,From model_part_matrix | Display Connector shared across 12 models
4645,1302,871,FALSE,From model_part_matrix | Display Connector shared across 12 models
4646,1119,871,FALSE,From model_part_matrix | Display Connector shared across 12 models
4647,274,871,FALSE,From model_part_matrix | Display Connector shared across 12 models
4648,256,872,FALSE,From model_part_matrix | Display Connector shared across 14 models
4649,260,872,FALSE,From model_part_matrix | Display Connector shared across 14 models
4650,730,872,FALSE,From model_part_matrix | Display Connector shared across 14 models
4651,1772,872,FALSE,From model_part_matrix | Display Connector shared across 14 models
4652,741,872,FALSE,From model_part_matrix | Display Connector shared across 14 models
4653,1288,872,FALSE,From model_part_matrix | Display Connector shared across 14 models
4654,297,872,FALSE,From model_part_matrix | Display Connector shared across 14 models
4655,1300,872,FALSE,From model_part_matrix | Display Connector shared across 14 models
4656,1301,872,FALSE,From model_part_matrix | Display Connector shared across 14 models
4657,284,872,FALSE,From model_part_matrix | Display Connector shared across 14 models
4658,1232,872,FALSE,From model_part_matrix | Display Connector shared across 14 models
4659,1233,872,FALSE,From model_part_matrix | Display Connector shared across 14 models
4660,1773,872,FALSE,From model_part_matrix | Display Connector shared across 14 models
4661,1733,872,FALSE,From model_part_matrix | Display Connector shared across 14 models
4662,257,873,FALSE,From model_part_matrix | Display Connector shared across 14 models
4663,259,873,FALSE,From model_part_matrix | Display Connector shared across 14 models
4664,1817,873,FALSE,From model_part_matrix | Display Connector shared across 14 models
4665,1290,873,FALSE,From model_part_matrix | Display Connector shared across 14 models
4666,1316,873,FALSE,From model_part_matrix | Display Connector shared across 14 models
4667,68,873,FALSE,From model_part_matrix | Display Connector shared across 14 models
4668,1210,873,FALSE,From model_part_matrix | Display Connector shared across 14 models
4669,1234,873,FALSE,From model_part_matrix | Display Connector shared across 14 models
4670,1211,873,FALSE,From model_part_matrix | Display Connector shared across 14 models
4671,1235,873,FALSE,From model_part_matrix | Display Connector shared across 14 models
4672,1237,873,FALSE,From model_part_matrix | Display Connector shared across 14 models
4673,1236,873,FALSE,From model_part_matrix | Display Connector shared across 14 models
4674,1238,873,FALSE,From model_part_matrix | Display Connector shared across 14 models
4675,1734,873,FALSE,From model_part_matrix | Display Connector shared across 14 models
4676,1076,874,FALSE,From model_part_matrix | Display Connector shared across 2 models
4677,1190,874,FALSE,From model_part_matrix | Display Connector shared across 2 models
4678,69,875,FALSE,From model_part_matrix | Display Connector shared across 20 models
4679,1214,875,FALSE,From model_part_matrix | Display Connector shared across 20 models
4680,1079,875,FALSE,From model_part_matrix | Display Connector shared across 20 models
4681,1819,875,FALSE,From model_part_matrix | Display Connector shared across 20 models
4682,1749,875,FALSE,From model_part_matrix | Display Connector shared across 20 models
4683,1201,875,FALSE,From model_part_matrix | Display Connector shared across 20 models
4684,1655,875,FALSE,From model_part_matrix | Display Connector shared across 20 models
4685,1681,875,FALSE,From model_part_matrix | Display Connector shared across 20 models
4686,1774,875,FALSE,From model_part_matrix | Display Connector shared across 20 models
4687,1804,875,FALSE,From model_part_matrix | Display Connector shared across 20 models
4688,1246,875,FALSE,From model_part_matrix | Display Connector shared across 20 models
4689,1202,875,FALSE,From model_part_matrix | Display Connector shared across 20 models
4690,1656,875,FALSE,From model_part_matrix | Display Connector shared across 20 models
4691,1683,875,FALSE,From model_part_matrix | Display Connector shared across 20 models
4692,1659,875,FALSE,From model_part_matrix | Display Connector shared across 20 models
4693,1684,875,FALSE,From model_part_matrix | Display Connector shared across 20 models
4694,1247,875,FALSE,From model_part_matrix | Display Connector shared across 20 models
4695,1203,875,FALSE,From model_part_matrix | Display Connector shared across 20 models
4696,1657,875,FALSE,From model_part_matrix | Display Connector shared across 20 models
4697,1685,875,FALSE,From model_part_matrix | Display Connector shared across 20 models
4698,261,876,FALSE,From model_part_matrix | Display Connector shared across 22 models
4699,1315,876,FALSE,From model_part_matrix | Display Connector shared across 22 models
4700,1309,876,FALSE,From model_part_matrix | Display Connector shared across 22 models
4701,1823,876,FALSE,From model_part_matrix | Display Connector shared across 22 models
4702,1305,876,FALSE,From model_part_matrix | Display Connector shared across 22 models
4703,1820,876,FALSE,From model_part_matrix | Display Connector shared across 22 models
4704,1825,876,FALSE,From model_part_matrix | Display Connector shared across 22 models
4705,1317,876,FALSE,From model_part_matrix | Display Connector shared across 22 models
4706,1289,876,FALSE,From model_part_matrix | Display Connector shared across 22 models
4707,1742,876,FALSE,From model_part_matrix | Display Connector shared across 22 models
4708,1738,876,FALSE,From model_part_matrix | Display Connector shared across 22 models
4709,1739,876,FALSE,From model_part_matrix | Display Connector shared across 22 models
4710,1750,876,FALSE,From model_part_matrix | Display Connector shared across 22 models
4711,1740,876,FALSE,From model_part_matrix | Display Connector shared across 22 models
4712,1743,876,FALSE,From model_part_matrix | Display Connector shared across 22 models
4713,1177,876,FALSE,From model_part_matrix | Display Connector shared across 22 models
4714,1178,876,FALSE,From model_part_matrix | Display Connector shared across 22 models
4715,1641,876,FALSE,From model_part_matrix | Display Connector shared across 22 models
4716,2123,876,FALSE,From model_part_matrix | Display Connector shared across 22 models
4717,1077,876,FALSE,From model_part_matrix | Display Connector shared across 22 models
4718,1789,876,FALSE,From model_part_matrix | Display Connector shared across 22 models
4719,1640,876,FALSE,From model_part_matrix | Display Connector shared across 22 models
4720,70,877,FALSE,From model_part_matrix | Display Connector shared across 17 models
4721,271,877,FALSE,From model_part_matrix | Display Connector shared across 17 models
4722,264,877,FALSE,From model_part_matrix | Display Connector shared across 17 models
4723,265,877,FALSE,From model_part_matrix | Display Connector shared across 17 models
4724,731,877,FALSE,From model_part_matrix | Display Connector shared across 17 models
4725,1292,877,FALSE,From model_part_matrix | Display Connector shared across 17 models
4726,1205,877,FALSE,From model_part_matrix | Display Connector shared across 17 models
4727,1206,877,FALSE,From model_part_matrix | Display Connector shared across 17 models
4728,1204,877,FALSE,From model_part_matrix | Display Connector shared across 17 models
4729,1207,877,FALSE,From model_part_matrix | Display Connector shared across 17 models
4730,1208,877,FALSE,From model_part_matrix | Display Connector shared across 17 models
4731,1212,877,FALSE,From model_part_matrix | Display Connector shared across 17 models
4732,1213,877,FALSE,From model_part_matrix | Display Connector shared across 17 models
4733,1778,877,FALSE,From model_part_matrix | Display Connector shared across 17 models
4734,1779,877,FALSE,From model_part_matrix | Display Connector shared across 17 models
4735,729,877,FALSE,From model_part_matrix | Display Connector shared across 17 models
4736,1780,877,FALSE,From model_part_matrix | Display Connector shared across 17 models
4737,263,878,FALSE,From model_part_matrix | Display Connector shared across 7 models
4738,1120,878,FALSE,From model_part_matrix | Display Connector shared across 7 models
4739,1126,878,FALSE,From model_part_matrix | Display Connector shared across 7 models
4740,1080,878,FALSE,From model_part_matrix | Display Connector shared across 7 models
4741,1142,878,FALSE,From model_part_matrix | Display Connector shared across 7 models
4742,1146,878,FALSE,From model_part_matrix | Display Connector shared across 7 models
4743,1174,878,FALSE,From model_part_matrix | Display Connector shared across 7 models
4744,1078,879,FALSE,From model_part_matrix | Display Connector shared across 3 models
4745,1175,879,FALSE,From model_part_matrix | Display Connector shared across 3 models
4746,1176,879,FALSE,From model_part_matrix | Display Connector shared across 3 models
4747,1081,880,FALSE,From model_part_matrix | Display Connector shared across 27 models
4748,1217,880,FALSE,From model_part_matrix | Display Connector shared across 27 models
4749,1219,880,FALSE,From model_part_matrix | Display Connector shared across 27 models
4750,1222,880,FALSE,From model_part_matrix | Display Connector shared across 27 models
4751,1184,880,FALSE,From model_part_matrix | Display Connector shared across 27 models
4752,1221,880,FALSE,From model_part_matrix | Display Connector shared across 27 models
4753,1218,880,FALSE,From model_part_matrix | Display Connector shared across 27 models
4754,1220,880,FALSE,From model_part_matrix | Display Connector shared across 27 models
4755,1783,880,FALSE,From model_part_matrix | Display Connector shared across 27 models
4756,1782,880,FALSE,From model_part_matrix | Display Connector shared across 27 models
4757,1799,880,FALSE,From model_part_matrix | Display Connector shared across 27 models
4758,1339,880,FALSE,From model_part_matrix | Display Connector shared across 27 models
4759,1328,880,FALSE,From model_part_matrix | Display Connector shared across 27 models
4760,1324,880,FALSE,From model_part_matrix | Display Connector shared across 27 models
4761,1326,880,FALSE,From model_part_matrix | Display Connector shared across 27 models
4762,1082,880,FALSE,From model_part_matrix | Display Connector shared across 27 models
4763,1759,880,FALSE,From model_part_matrix | Display Connector shared across 27 models
4764,1756,880,FALSE,From model_part_matrix | Display Connector shared across 27 models
4765,1761,880,FALSE,From model_part_matrix | Display Connector shared across 27 models
4766,1809,880,FALSE,From model_part_matrix | Display Connector shared across 27 models
4767,1768,880,FALSE,From model_part_matrix | Display Connector shared across 27 models
4768,1798,880,FALSE,From model_part_matrix | Display Connector shared across 27 models
4769,1808,880,FALSE,From model_part_matrix | Display Connector shared across 27 models
4770,1101,880,FALSE,From model_part_matrix | Display Connector shared across 27 models
4771,1083,880,FALSE,From model_part_matrix | Display Connector shared across 27 models
4772,1781,880,FALSE,From model_part_matrix | Display Connector shared across 27 models
4773,1107,880,FALSE,From model_part_matrix | Display Connector shared across 27 models
4774,266,881,FALSE,From model_part_matrix | Display Connector shared across 34 models
4775,1276,881,FALSE,From model_part_matrix | Display Connector shared across 34 models
4776,1277,881,FALSE,From model_part_matrix | Display Connector shared across 34 models
4777,1121,881,FALSE,From model_part_matrix | Display Connector shared across 34 models
4778,1806,881,FALSE,From model_part_matrix | Display Connector shared across 34 models
4779,1791,881,FALSE,From model_part_matrix | Display Connector shared across 34 models
4780,1790,881,FALSE,From model_part_matrix | Display Connector shared across 34 models
4781,732,881,FALSE,From model_part_matrix | Display Connector shared across 34 models
4782,1291,881,FALSE,From model_part_matrix | Display Connector shared across 34 models
4783,745,881,FALSE,From model_part_matrix | Display Connector shared across 34 models
4784,1807,881,FALSE,From model_part_matrix | Display Connector shared across 34 models
4785,1122,881,FALSE,From model_part_matrix | Display Connector shared across 34 models
4786,1149,881,FALSE,From model_part_matrix | Display Connector shared across 34 models
4787,1179,881,FALSE,From model_part_matrix | Display Connector shared across 34 models
4788,1642,881,FALSE,From model_part_matrix | Display Connector shared across 34 models
4789,1148,881,FALSE,From model_part_matrix | Display Connector shared across 34 models
4790,1147,881,FALSE,From model_part_matrix | Display Connector shared across 34 models
4791,1755,881,FALSE,From model_part_matrix | Display Connector shared across 34 models
4792,1754,881,FALSE,From model_part_matrix | Display Connector shared across 34 models
4793,1753,881,FALSE,From model_part_matrix | Display Connector shared across 34 models
4794,1643,881,FALSE,From model_part_matrix | Display Connector shared across 34 models
4795,1644,881,FALSE,From model_part_matrix | Display Connector shared across 34 models
4796,1645,881,FALSE,From model_part_matrix | Display Connector shared across 34 models
4797,1646,881,FALSE,From model_part_matrix | Display Connector shared across 34 models
4798,1298,881,FALSE,From model_part_matrix | Display Connector shared across 34 models
4799,1757,881,FALSE,From model_part_matrix | Display Connector shared across 34 models
4800,1180,881,FALSE,From model_part_matrix | Display Connector shared across 34 models
4801,1282,881,FALSE,From model_part_matrix | Display Connector shared across 34 models
4802,1272,881,FALSE,From model_part_matrix | Display Connector shared across 34 models
4803,1307,881,FALSE,From model_part_matrix | Display Connector shared across 34 models
4804,1267,881,FALSE,From model_part_matrix | Display Connector shared across 34 models
4805,1294,881,FALSE,From model_part_matrix | Display Connector shared across 34 models
4806,2033,881,FALSE,From model_part_matrix | Display Connector shared across 34 models
4807,2034,881,FALSE,From model_part_matrix | Display Connector shared across 34 models
4808,267,882,FALSE,From model_part_matrix | Display Connector shared across 23 models
4809,282,882,FALSE,From model_part_matrix | Display Connector shared across 23 models
4810,1152,882,FALSE,From model_part_matrix | Display Connector shared across 23 models
4811,1153,882,FALSE,From model_part_matrix | Display Connector shared across 23 models
4812,276,882,FALSE,From model_part_matrix | Display Connector shared across 23 models
4813,746,882,FALSE,From model_part_matrix | Display Connector shared across 23 models
4814,277,882,FALSE,From model_part_matrix | Display Connector shared across 23 models
4815,733,882,FALSE,From model_part_matrix | Display Connector shared across 23 models
4816,734,882,FALSE,From model_part_matrix | Display Connector shared across 23 models
4817,726,882,FALSE,From model_part_matrix | Display Connector shared across 23 models
4818,1293,882,FALSE,From model_part_matrix | Display Connector shared across 23 models
4819,1295,882,FALSE,From model_part_matrix | Display Connector shared across 23 models
4820,1296,882,FALSE,From model_part_matrix | Display Connector shared across 23 models
4821,1278,882,FALSE,From model_part_matrix | Display Connector shared across 23 models
4822,1308,882,FALSE,From model_part_matrix | Display Connector shared across 23 models
4823,1306,882,FALSE,From model_part_matrix | Display Connector shared across 23 models
4824,296,882,FALSE,From model_part_matrix | Display Connector shared across 23 models
4825,295,882,FALSE,From model_part_matrix | Display Connector shared across 23 models
4826,1650,882,FALSE,From model_part_matrix | Display Connector shared across 23 models
4827,1758,882,FALSE,From model_part_matrix | Display Connector shared across 23 models
4828,1647,882,FALSE,From model_part_matrix | Display Connector shared across 23 models
4829,1648,882,FALSE,From model_part_matrix | Display Connector shared across 23 models
4830,1649,882,FALSE,From model_part_matrix | Display Connector shared across 23 models
4831,1084,883,FALSE,From model_part_matrix | Display Connector shared across 35 models
4832,1186,883,FALSE,From model_part_matrix | Display Connector shared across 35 models
4833,1085,883,FALSE,From model_part_matrix | Display Connector shared across 35 models
4834,1156,883,FALSE,From model_part_matrix | Display Connector shared across 35 models
4835,1123,883,FALSE,From model_part_matrix | Display Connector shared across 35 models
4836,1158,883,FALSE,From model_part_matrix | Display Connector shared across 35 models
4837,1826,883,FALSE,From model_part_matrix | Display Connector shared across 35 models
4838,1762,883,FALSE,From model_part_matrix | Display Connector shared across 35 models
4839,1811,883,FALSE,From model_part_matrix | Display Connector shared across 35 models
4840,1765,883,FALSE,From model_part_matrix | Display Connector shared across 35 models
4841,1297,883,FALSE,From model_part_matrix | Display Connector shared across 35 models
4842,1299,883,FALSE,From model_part_matrix | Display Connector shared across 35 models
4843,1812,883,FALSE,From model_part_matrix | Display Connector shared across 35 models
4844,1764,883,FALSE,From model_part_matrix | Display Connector shared across 35 models
4845,1283,883,FALSE,From model_part_matrix | Display Connector shared across 35 models
4846,1281,883,FALSE,From model_part_matrix | Display Connector shared across 35 models
4847,1802,883,FALSE,From model_part_matrix | Display Connector shared across 35 models
4848,1792,883,FALSE,From model_part_matrix | Display Connector shared across 35 models
4849,1794,883,FALSE,From model_part_matrix | Display Connector shared across 35 models
4850,1766,883,FALSE,From model_part_matrix | Display Connector shared across 35 models
4851,1813,883,FALSE,From model_part_matrix | Display Connector shared across 35 models
4852,1157,883,FALSE,From model_part_matrix | Display Connector shared across 35 models
4853,1187,883,FALSE,From model_part_matrix | Display Connector shared across 35 models
4854,1159,883,FALSE,From model_part_matrix | Display Connector shared across 35 models
4855,1805,883,FALSE,From model_part_matrix | Display Connector shared across 35 models
4856,1763,883,FALSE,From model_part_matrix | Display Connector shared across 35 models
4857,1793,883,FALSE,From model_part_matrix | Display Connector shared across 35 models
4858,1827,883,FALSE,From model_part_matrix | Display Connector shared across 35 models
4859,1087,883,FALSE,From model_part_matrix | Display Connector shared across 35 models
4860,1188,883,FALSE,From model_part_matrix | Display Connector shared across 35 models
4861,1828,883,FALSE,From model_part_matrix | Display Connector shared across 35 models
4862,1767,883,FALSE,From model_part_matrix | Display Connector shared across 35 models
4863,1816,883,FALSE,From model_part_matrix | Display Connector shared across 35 models
4864,2045,883,FALSE,From model_part_matrix | Display Connector shared across 35 models
4865,2046,883,FALSE,From model_part_matrix | Display Connector shared across 35 models
4866,925,884,FALSE,From model_part_matrix | Display Connector shared across 14 models
4867,1103,884,FALSE,From model_part_matrix | Display Connector shared across 14 models
4868,1224,884,FALSE,From model_part_matrix | Display Connector shared across 14 models
4869,1104,884,FALSE,From model_part_matrix | Display Connector shared across 14 models
4870,1226,884,FALSE,From model_part_matrix | Display Connector shared across 14 models
4871,1105,884,FALSE,From model_part_matrix | Display Connector shared across 14 models
4872,1227,884,FALSE,From model_part_matrix | Display Connector shared across 14 models
4873,1106,884,FALSE,From model_part_matrix | Display Connector shared across 14 models
4874,1225,884,FALSE,From model_part_matrix | Display Connector shared across 14 models
4875,1024,884,FALSE,From model_part_matrix | Display Connector shared across 14 models
4876,1760,884,FALSE,From model_part_matrix | Display Connector shared across 14 models
4877,1245,884,FALSE,From model_part_matrix | Display Connector shared across 14 models
4878,1229,884,FALSE,From model_part_matrix | Display Connector shared across 14 models
4879,1231,884,FALSE,From model_part_matrix | Display Connector shared across 14 models
4880,1086,885,FALSE,From model_part_matrix | Display Connector shared across 6 models
4881,1112,885,FALSE,From model_part_matrix | Display Connector shared across 6 models
4882,1113,885,FALSE,From model_part_matrix | Display Connector shared across 6 models
4883,1115,885,FALSE,From model_part_matrix | Display Connector shared across 6 models
4884,1114,885,FALSE,From model_part_matrix | Display Connector shared across 6 models
4885,1116,885,FALSE,From model_part_matrix | Display Connector shared across 6 models
4886,2035,886,FALSE,From model_part_matrix | Display Connector shared across 11 models
4887,2051,886,FALSE,From model_part_matrix | Display Connector shared across 11 models
4888,2047,886,FALSE,From model_part_matrix | Display Connector shared across 11 models
4889,2126,886,FALSE,From model_part_matrix | Display Connector shared across 11 models
4890,2131,886,FALSE,From model_part_matrix | Display Connector shared across 11 models
4891,2059,886,FALSE,From model_part_matrix | Display Connector shared across 11 models
4892,2058,886,FALSE,From model_part_matrix | Display Connector shared across 11 models
4893,2054,886,FALSE,From model_part_matrix | Display Connector shared across 11 models
4894,2057,886,FALSE,From model_part_matrix | Display Connector shared across 11 models
4895,2127,886,FALSE,From model_part_matrix | Display Connector shared across 11 models
4896,2130,886,FALSE,From model_part_matrix | Display Connector shared across 11 models
4897,1088,887,FALSE,From model_part_matrix | Display Connector shared across 4 models
4898,1131,887,FALSE,From model_part_matrix | Display Connector shared across 4 models
4899,1132,887,FALSE,From model_part_matrix | Display Connector shared across 4 models
4900,1094,887,FALSE,From model_part_matrix | Display Connector shared across 4 models
4901,1089,888,FALSE,From model_part_matrix | Display Connector shared across 4 models
4902,1133,888,FALSE,From model_part_matrix | Display Connector shared across 4 models
4903,1134,888,FALSE,From model_part_matrix | Display Connector shared across 4 models
4904,1090,888,FALSE,From model_part_matrix | Display Connector shared across 4 models
4905,74,889,FALSE,From model_part_matrix | Display Connector shared across 14 models
4906,1137,889,FALSE,From model_part_matrix | Display Connector shared across 14 models
4907,1138,889,FALSE,From model_part_matrix | Display Connector shared across 14 models
4908,1139,889,FALSE,From model_part_matrix | Display Connector shared across 14 models
4909,1140,889,FALSE,From model_part_matrix | Display Connector shared across 14 models
4910,1716,889,FALSE,From model_part_matrix | Display Connector shared across 14 models
4911,1715,889,FALSE,From model_part_matrix | Display Connector shared across 14 models
4912,1719,889,FALSE,From model_part_matrix | Display Connector shared across 14 models
4913,1670,889,FALSE,From model_part_matrix | Display Connector shared across 14 models
4914,1091,889,FALSE,From model_part_matrix | Display Connector shared across 14 models
4915,1651,889,FALSE,From model_part_matrix | Display Connector shared across 14 models
4916,1671,889,FALSE,From model_part_matrix | Display Connector shared across 14 models
4917,1092,889,FALSE,From model_part_matrix | Display Connector shared across 14 models
4918,1814,889,FALSE,From model_part_matrix | Display Connector shared across 14 models
4919,269,890,FALSE,From model_part_matrix | Display Connector shared across 17 models
4920,1093,890,FALSE,From model_part_matrix | Display Connector shared across 17 models
4921,1108,890,FALSE,From model_part_matrix | Display Connector shared across 17 models
4922,1653,890,FALSE,From model_part_matrix | Display Connector shared across 17 models
4923,717,890,FALSE,From model_part_matrix | Display Connector shared across 17 models
4924,737,890,FALSE,From model_part_matrix | Display Connector shared across 17 models
4925,735,890,FALSE,From model_part_matrix | Display Connector shared across 17 models
4926,1162,890,FALSE,From model_part_matrix | Display Connector shared across 17 models
4927,1161,890,FALSE,From model_part_matrix | Display Connector shared across 17 models
4928,1163,890,FALSE,From model_part_matrix | Display Connector shared across 17 models
4929,1164,890,FALSE,From model_part_matrix | Display Connector shared across 17 models
4930,1165,890,FALSE,From model_part_matrix | Display Connector shared across 17 models
4931,1702,890,FALSE,From model_part_matrix | Display Connector shared across 17 models
4932,1703,890,FALSE,From model_part_matrix | Display Connector shared across 17 models
4933,1722,890,FALSE,From model_part_matrix | Display Connector shared across 17 models
4934,1724,890,FALSE,From model_part_matrix | Display Connector shared across 17 models
4935,1723,890,FALSE,From model_part_matrix | Display Connector shared across 17 models
4936,270,891,FALSE,From model_part_matrix | Display Connector shared across 6 models
4937,273,891,FALSE,From model_part_matrix | Display Connector shared across 6 models
4938,1194,891,FALSE,From model_part_matrix | Display Connector shared across 6 models
4939,1195,891,FALSE,From model_part_matrix | Display Connector shared across 6 models
4940,1193,891,FALSE,From model_part_matrix | Display Connector shared across 6 models
4941,1196,891,FALSE,From model_part_matrix | Display Connector shared across 6 models
4942,75,892,FALSE,From model_part_matrix | Display Connector shared across 13 models
4943,1241,892,FALSE,From model_part_matrix | Display Connector shared across 13 models
4944,1796,892,FALSE,From model_part_matrix | Display Connector shared across 13 models
4945,1800,892,FALSE,From model_part_matrix | Display Connector shared across 13 models
4946,1797,892,FALSE,From model_part_matrix | Display Connector shared across 13 models
4947,1775,892,FALSE,From model_part_matrix | Display Connector shared across 13 models
4948,1776,892,FALSE,From model_part_matrix | Display Connector shared across 13 models
4949,1777,892,FALSE,From model_part_matrix | Display Connector shared across 13 models
4950,1244,892,FALSE,From model_part_matrix | Display Connector shared across 13 models
4951,1243,892,FALSE,From model_part_matrix | Display Connector shared across 13 models
4952,1096,892,FALSE,From model_part_matrix | Display Connector shared across 13 models
4953,1097,892,FALSE,From model_part_matrix | Display Connector shared across 13 models
4954,77,892,FALSE,From model_part_matrix | Display Connector shared across 13 models
4955,1095,893,FALSE,From model_part_matrix | Display Connector shared across 2 models
4956,1242,893,FALSE,From model_part_matrix | Display Connector shared across 2 models
4957,76,894,FALSE,From model_part_matrix | Display Connector shared across 26 models
4958,2039,894,FALSE,From model_part_matrix | Display Connector shared across 26 models
4959,2038,894,FALSE,From model_part_matrix | Display Connector shared across 26 models
4960,2044,894,FALSE,From model_part_matrix | Display Connector shared across 26 models
4961,2040,894,FALSE,From model_part_matrix | Display Connector shared across 26 models
4962,2043,894,FALSE,From model_part_matrix | Display Connector shared across 26 models
4963,2129,894,FALSE,From model_part_matrix | Display Connector shared across 26 models
4964,2128,894,FALSE,From model_part_matrix | Display Connector shared across 26 models
4965,2041,894,FALSE,From model_part_matrix | Display Connector shared across 26 models
4966,2042,894,FALSE,From model_part_matrix | Display Connector shared across 26 models
4967,2037,894,FALSE,From model_part_matrix | Display Connector shared across 26 models
4968,2048,894,FALSE,From model_part_matrix | Display Connector shared across 26 models
4969,2052,894,FALSE,From model_part_matrix | Display Connector shared across 26 models
4970,2050,894,FALSE,From model_part_matrix | Display Connector shared across 26 models
4971,2036,894,FALSE,From model_part_matrix | Display Connector shared across 26 models
4972,2049,894,FALSE,From model_part_matrix | Display Connector shared across 26 models
4973,1100,894,FALSE,From model_part_matrix | Display Connector shared across 26 models
4974,1098,894,FALSE,From model_part_matrix | Display Connector shared across 26 models
4975,1099,894,FALSE,From model_part_matrix | Display Connector shared across 26 models
4976,1172,894,FALSE,From model_part_matrix | Display Connector shared across 26 models
4977,1173,894,FALSE,From model_part_matrix | Display Connector shared across 26 models
4978,1191,894,FALSE,From model_part_matrix | Display Connector shared across 26 models
4979,1181,894,FALSE,From model_part_matrix | Display Connector shared across 26 models
4980,1182,894,FALSE,From model_part_matrix | Display Connector shared across 26 models
4981,1185,894,FALSE,From model_part_matrix | Display Connector shared across 26 models
4982,1200,894,FALSE,From model_part_matrix | Display Connector shared across 26 models
4983,1102,895,FALSE,From model_part_matrix | Display Connector shared across 12 models
4984,1664,895,FALSE,From model_part_matrix | Display Connector shared across 12 models
4985,1700,895,FALSE,From model_part_matrix | Display Connector shared across 12 models
4986,1701,895,FALSE,From model_part_matrix | Display Connector shared across 12 models
4987,1228,895,FALSE,From model_part_matrix | Display Connector shared across 12 models
4988,1801,895,FALSE,From model_part_matrix | Display Connector shared across 12 models
4989,1784,895,FALSE,From model_part_matrix | Display Connector shared across 12 models
4990,1803,895,FALSE,From model_part_matrix | Display Connector shared across 12 models
4991,1785,895,FALSE,From model_part_matrix | Display Connector shared across 12 models
4992,169,895,FALSE,From model_part_matrix | Display Connector shared across 12 models
4993,1698,895,FALSE,From model_part_matrix | Display Connector shared across 12 models
4994,1699,895,FALSE,From model_part_matrix | Display Connector shared across 12 models
4995,79,896,FALSE,From model_part_matrix | Display Connector shared across 3 models
4996,1239,896,FALSE,From model_part_matrix | Display Connector shared across 3 models
4997,1240,896,FALSE,From model_part_matrix | Display Connector shared across 3 models
4998,1109,897,FALSE,From model_part_matrix | Display Connector shared across 4 models
4999,1135,897,FALSE,From model_part_matrix | Display Connector shared across 4 models
5000,1136,897,FALSE,From model_part_matrix | Display Connector shared across 4 models
5001,1117,897,FALSE,From model_part_matrix | Display Connector shared across 4 models
5002,1110,898,FALSE,From model_part_matrix | Display Connector shared across 6 models
5003,1111,898,FALSE,From model_part_matrix | Display Connector shared across 6 models
5004,1652,898,FALSE,From model_part_matrix | Display Connector shared across 6 models
5005,1717,898,FALSE,From model_part_matrix | Display Connector shared across 6 models
5006,1668,898,FALSE,From model_part_matrix | Display Connector shared across 6 models
5007,1150,898,FALSE,From model_part_matrix | Display Connector shared across 6 models
5008,1118,899,FALSE,From model_part_matrix | Display Connector shared across 6 models
5009,1786,899,FALSE,From model_part_matrix | Display Connector shared across 6 models
5010,1634,899,FALSE,From model_part_matrix | Display Connector shared across 6 models
5011,1633,899,FALSE,From model_part_matrix | Display Connector shared across 6 models
5012,1160,899,FALSE,From model_part_matrix | Display Connector shared across 6 models
5013,1155,899,FALSE,From model_part_matrix | Display Connector shared across 6 models
5014,82,900,FALSE,From model_part_matrix | Display Connector shared across 11 models
5015,1745,900,FALSE,From model_part_matrix | Display Connector shared across 11 models
5016,1275,900,FALSE,From model_part_matrix | Display Connector shared across 11 models
5017,742,900,FALSE,From model_part_matrix | Display Connector shared across 11 models
5018,1304,900,FALSE,From model_part_matrix | Display Connector shared across 11 models
5019,1274,900,FALSE,From model_part_matrix | Display Connector shared across 11 models
5020,1271,900,FALSE,From model_part_matrix | Display Connector shared across 11 models
5021,1145,900,FALSE,From model_part_matrix | Display Connector shared across 11 models
5022,2056,900,FALSE,From model_part_matrix | Display Connector shared across 11 models
5023,2060,900,FALSE,From model_part_matrix | Display Connector shared across 11 models
5024,2055,900,FALSE,From model_part_matrix | Display Connector shared across 11 models
5025,1124,901,FALSE,From model_part_matrix | Display Connector shared across 4 models
5026,1125,901,FALSE,From model_part_matrix | Display Connector shared across 4 models
5027,1129,901,FALSE,From model_part_matrix | Display Connector shared across 4 models
5028,1130,901,FALSE,From model_part_matrix | Display Connector shared across 4 models
5029,1127,902,FALSE,From model_part_matrix | Display Connector shared across 2 models
5030,1709,902,FALSE,From model_part_matrix | Display Connector shared across 2 models
5031,1128,903,FALSE,From model_part_matrix | Display Connector shared across 3 models
5032,1711,903,FALSE,From model_part_matrix | Display Connector shared across 3 models
5033,1705,903,FALSE,From model_part_matrix | Display Connector shared across 3 models
5034,1141,904,FALSE,From model_part_matrix | Display Connector shared across 3 models
5035,1144,904,FALSE,From model_part_matrix | Display Connector shared across 3 models
5036,1143,904,FALSE,From model_part_matrix | Display Connector shared across 3 models
5037,1151,905,FALSE,From model_part_matrix | Display Connector shared across 5 models
5038,1669,905,FALSE,From model_part_matrix | Display Connector shared across 5 models
5039,1154,905,FALSE,From model_part_matrix | Display Connector shared across 5 models
5040,1673,905,FALSE,From model_part_matrix | Display Connector shared across 5 models
5041,1672,905,FALSE,From model_part_matrix | Display Connector shared across 5 models
5042,1169,906,FALSE,From model_part_matrix | Display Connector shared across 7 models
5043,1732,906,FALSE,From model_part_matrix | Display Connector shared across 7 models
5044,1818,906,FALSE,From model_part_matrix | Display Connector shared across 7 models
5045,1744,906,FALSE,From model_part_matrix | Display Connector shared across 7 models
5046,1170,906,FALSE,From model_part_matrix | Display Connector shared across 7 models
5047,2124,906,FALSE,From model_part_matrix | Display Connector shared across 7 models
5048,2125,906,FALSE,From model_part_matrix | Display Connector shared across 7 models
5049,1171,907,FALSE,From model_part_matrix | Display Connector shared across 9 models
5050,1752,907,FALSE,From model_part_matrix | Display Connector shared across 9 models
5051,1824,907,FALSE,From model_part_matrix | Display Connector shared across 9 models
5052,1751,907,FALSE,From model_part_matrix | Display Connector shared across 9 models
5053,1747,907,FALSE,From model_part_matrix | Display Connector shared across 9 models
5054,1748,907,FALSE,From model_part_matrix | Display Connector shared across 9 models
5055,1746,907,FALSE,From model_part_matrix | Display Connector shared across 9 models
5056,1822,907,FALSE,From model_part_matrix | Display Connector shared across 9 models
5057,1821,907,FALSE,From model_part_matrix | Display Connector shared across 9 models
5058,1183,908,FALSE,From model_part_matrix | Display Connector shared across 12 models
5059,1693,908,FALSE,From model_part_matrix | Display Connector shared across 12 models
5060,1694,908,FALSE,From model_part_matrix | Display Connector shared across 12 models
5061,1696,908,FALSE,From model_part_matrix | Display Connector shared across 12 models
5062,1697,908,FALSE,From model_part_matrix | Display Connector shared across 12 models
5063,1189,908,FALSE,From model_part_matrix | Display Connector shared across 12 models
5064,1192,908,FALSE,From model_part_matrix | Display Connector shared across 12 models
5065,1661,908,FALSE,From model_part_matrix | Display Connector shared across 12 models
5066,1704,908,FALSE,From model_part_matrix | Display Connector shared across 12 models
5067,1662,908,FALSE,From model_part_matrix | Display Connector shared across 12 models
5068,1663,908,FALSE,From model_part_matrix | Display Connector shared across 12 models
5069,1695,908,FALSE,From model_part_matrix | Display Connector shared across 12 models
5070,1197,909,FALSE,From model_part_matrix | Display Connector shared across 4 models
5071,1682,909,FALSE,From model_part_matrix | Display Connector shared across 4 models
5072,1654,909,FALSE,From model_part_matrix | Display Connector shared across 4 models
5073,1250,909,FALSE,From model_part_matrix | Display Connector shared across 4 models
5074,1198,910,FALSE,From model_part_matrix | Display Connector shared across 4 models
5075,1249,910,FALSE,From model_part_matrix | Display Connector shared across 4 models
5076,1251,910,FALSE,From model_part_matrix | Display Connector shared across 4 models
5077,1199,910,FALSE,From model_part_matrix | Display Connector shared across 4 models
5078,1230,911,FALSE,From model_part_matrix | Display Connector shared across 3 models
5079,1676,911,FALSE,From model_part_matrix | Display Connector shared across 3 models
5080,1248,911,FALSE,From model_part_matrix | Display Connector shared across 3 models
5081,1252,912,FALSE,From model_part_matrix | Display Connector shared across 2 models
5082,1260,912,FALSE,From model_part_matrix | Display Connector shared across 2 models
5083,1253,913,FALSE,From model_part_matrix | Display Connector shared across 4 models
5084,1254,913,FALSE,From model_part_matrix | Display Connector shared across 4 models
5085,285,913,FALSE,From model_part_matrix | Display Connector shared across 4 models
5086,1834,913,FALSE,From model_part_matrix | Display Connector shared across 4 models
5087,1255,914,FALSE,From model_part_matrix | Display Connector shared across 59 models
5088,10,914,FALSE,From model_part_matrix | Display Connector shared across 59 models
5089,204,914,FALSE,From model_part_matrix | Display Connector shared across 59 models
5090,1900,914,FALSE,From model_part_matrix | Display Connector shared across 59 models
5091,799,914,FALSE,From model_part_matrix | Display Connector shared across 59 models
5092,800,914,FALSE,From model_part_matrix | Display Connector shared across 59 models
5093,1901,914,FALSE,From model_part_matrix | Display Connector shared across 59 models
5094,777,914,FALSE,From model_part_matrix | Display Connector shared across 59 models
5095,36,914,FALSE,From model_part_matrix | Display Connector shared across 59 models
5096,1911,914,FALSE,From model_part_matrix | Display Connector shared across 59 models
5097,1889,914,FALSE,From model_part_matrix | Display Connector shared across 59 models
5098,1890,914,FALSE,From model_part_matrix | Display Connector shared across 59 models
5099,1918,914,FALSE,From model_part_matrix | Display Connector shared across 59 models
5100,1919,914,FALSE,From model_part_matrix | Display Connector shared across 59 models
5101,202,914,FALSE,From model_part_matrix | Display Connector shared across 59 models
5102,795,914,FALSE,From model_part_matrix | Display Connector shared across 59 models
5103,1888,914,FALSE,From model_part_matrix | Display Connector shared across 59 models
5104,774,914,FALSE,From model_part_matrix | Display Connector shared across 59 models
5105,35,914,FALSE,From model_part_matrix | Display Connector shared across 59 models
5106,1891,914,FALSE,From model_part_matrix | Display Connector shared across 59 models
5107,1903,914,FALSE,From model_part_matrix | Display Connector shared across 59 models
5108,1902,914,FALSE,From model_part_matrix | Display Connector shared across 59 models
5109,802,914,FALSE,From model_part_matrix | Display Connector shared across 59 models
5110,810,914,FALSE,From model_part_matrix | Display Connector shared across 59 models
5111,1926,914,FALSE,From model_part_matrix | Display Connector shared across 59 models
5112,1922,914,FALSE,From model_part_matrix | Display Connector shared across 59 models
5113,1885,914,FALSE,From model_part_matrix | Display Connector shared across 59 models
5114,755,914,FALSE,From model_part_matrix | Display Connector shared across 59 models
5115,207,914,FALSE,From model_part_matrix | Display Connector shared across 59 models
5116,816,914,FALSE,From model_part_matrix | Display Connector shared across 59 models
5117,806,914,FALSE,From model_part_matrix | Display Connector shared across 59 models
5118,829,914,FALSE,From model_part_matrix | Display Connector shared across 59 models
5119,1942,914,FALSE,From model_part_matrix | Display Connector shared across 59 models
5120,209,914,FALSE,From model_part_matrix | Display Connector shared across 59 models
5121,1259,914,FALSE,From model_part_matrix | Display Connector shared across 59 models
5122,1256,914,FALSE,From model_part_matrix | Display Connector shared across 59 models
5123,1257,914,FALSE,From model_part_matrix | Display Connector shared across 59 models
5124,1916,914,FALSE,From model_part_matrix | Display Connector shared across 59 models
5125,38,914,FALSE,From model_part_matrix | Display Connector shared across 59 models
5126,1941,914,FALSE,From model_part_matrix | Display Connector shared across 59 models
5127,1934,914,FALSE,From model_part_matrix | Display Connector shared across 59 models
5128,1947,914,FALSE,From model_part_matrix | Display Connector shared across 59 models
5129,1948,914,FALSE,From model_part_matrix | Display Connector shared across 59 models
5130,1946,914,FALSE,From model_part_matrix | Display Connector shared across 59 models
5131,1949,914,FALSE,From model_part_matrix | Display Connector shared across 59 models
5132,823,914,FALSE,From model_part_matrix | Display Connector shared across 59 models
5133,794,914,FALSE,From model_part_matrix | Display Connector shared across 59 models
5134,797,914,FALSE,From model_part_matrix | Display Connector shared across 59 models
5135,203,914,FALSE,From model_part_matrix | Display Connector shared across 59 models
5136,796,914,FALSE,From model_part_matrix | Display Connector shared across 59 models
5137,1899,914,FALSE,From model_part_matrix | Display Connector shared across 59 models
5138,198,914,FALSE,From model_part_matrix | Display Connector shared across 59 models
5139,1886,914,FALSE,From model_part_matrix | Display Connector shared across 59 models
5140,1898,914,FALSE,From model_part_matrix | Display Connector shared across 59 models
5141,1914,914,FALSE,From model_part_matrix | Display Connector shared across 59 models
5142,1917,914,FALSE,From model_part_matrix | Display Connector shared across 59 models
5143,1884,914,FALSE,From model_part_matrix | Display Connector shared across 59 models
5144,1887,914,FALSE,From model_part_matrix | Display Connector shared across 59 models
5145,786,914,FALSE,From model_part_matrix | Display Connector shared across 59 models
5146,1258,915,FALSE,From model_part_matrix | Display Connector shared across 13 models
5147,1849,915,FALSE,From model_part_matrix | Display Connector shared across 13 models
5148,1848,915,FALSE,From model_part_matrix | Display Connector shared across 13 models
5149,1935,915,FALSE,From model_part_matrix | Display Connector shared across 13 models
5150,293,915,FALSE,From model_part_matrix | Display Connector shared across 13 models
5151,1897,915,FALSE,From model_part_matrix | Display Connector shared across 13 models
5152,2053,915,FALSE,From model_part_matrix | Display Connector shared across 13 models
5153,2143,915,FALSE,From model_part_matrix | Display Connector shared across 13 models
5154,2142,915,FALSE,From model_part_matrix | Display Connector shared across 13 models
5155,813,915,FALSE,From model_part_matrix | Display Connector shared across 13 models
5156,792,915,FALSE,From model_part_matrix | Display Connector shared across 13 models
5157,2144,915,FALSE,From model_part_matrix | Display Connector shared across 13 models
5158,2141,915,FALSE,From model_part_matrix | Display Connector shared across 13 models
5159,1261,916,FALSE,From model_part_matrix | Display Connector shared across 5 models
5160,201,916,FALSE,From model_part_matrix | Display Connector shared across 5 models
5161,1850,916,FALSE,From model_part_matrix | Display Connector shared across 5 models
5162,1936,916,FALSE,From model_part_matrix | Display Connector shared across 5 models
5163,1851,916,FALSE,From model_part_matrix | Display Connector shared across 5 models
5164,1262,917,FALSE,From model_part_matrix | Display Connector shared across 9 models
5165,764,917,FALSE,From model_part_matrix | Display Connector shared across 9 models
5166,1860,917,FALSE,From model_part_matrix | Display Connector shared across 9 models
5167,767,917,FALSE,From model_part_matrix | Display Connector shared across 9 models
5168,1855,917,FALSE,From model_part_matrix | Display Connector shared across 9 models
5169,1858,917,FALSE,From model_part_matrix | Display Connector shared across 9 models
5170,768,917,FALSE,From model_part_matrix | Display Connector shared across 9 models
5171,1944,917,FALSE,From model_part_matrix | Display Connector shared across 9 models
5172,1836,917,FALSE,From model_part_matrix | Display Connector shared across 9 models
5173,1263,918,FALSE,From model_part_matrix | Display Connector shared across 5 models
5174,1894,918,FALSE,From model_part_matrix | Display Connector shared across 5 models
5175,1845,918,FALSE,From model_part_matrix | Display Connector shared across 5 models
5176,1912,918,FALSE,From model_part_matrix | Display Connector shared across 5 models
5177,1895,918,FALSE,From model_part_matrix | Display Connector shared across 5 models
5178,1264,919,FALSE,From model_part_matrix | Display Connector shared across 6 models
5179,1844,919,FALSE,From model_part_matrix | Display Connector shared across 6 models
5180,2151,919,FALSE,From model_part_matrix | Display Connector shared across 6 models
5181,821,919,FALSE,From model_part_matrix | Display Connector shared across 6 models
5182,1943,919,FALSE,From model_part_matrix | Display Connector shared across 6 models
5183,754,919,FALSE,From model_part_matrix | Display Connector shared across 6 models
5184,937,920,FALSE,From model_part_matrix | Display Connector shared across 4 models
5185,780,920,FALSE,From model_part_matrix | Display Connector shared across 4 models
5186,1883,920,FALSE,From model_part_matrix | Display Connector shared across 4 models
5187,756,920,FALSE,From model_part_matrix | Display Connector shared across 4 models
5188,1265,921,FALSE,From model_part_matrix | Display Connector shared across 15 models
5189,1864,921,FALSE,From model_part_matrix | Display Connector shared across 15 models
5190,1025,921,FALSE,From model_part_matrix | Display Connector shared across 15 models
5191,1074,921,FALSE,From model_part_matrix | Display Connector shared across 15 models
5192,188,921,FALSE,From model_part_matrix | Display Connector shared across 15 models
5193,1867,921,FALSE,From model_part_matrix | Display Connector shared across 15 models
5194,1070,921,FALSE,From model_part_matrix | Display Connector shared across 15 models
5195,1843,921,FALSE,From model_part_matrix | Display Connector shared across 15 models
5196,1865,921,FALSE,From model_part_matrix | Display Connector shared across 15 models
5197,1868,921,FALSE,From model_part_matrix | Display Connector shared across 15 models
5198,1951,921,FALSE,From model_part_matrix | Display Connector shared across 15 models
5199,1870,921,FALSE,From model_part_matrix | Display Connector shared across 15 models
5200,1913,921,FALSE,From model_part_matrix | Display Connector shared across 15 models
5201,1026,921,FALSE,From model_part_matrix | Display Connector shared across 15 models
5202,1029,921,FALSE,From model_part_matrix | Display Connector shared across 15 models
5203,290,922,FALSE,From model_part_matrix | Display Connector shared across 8 models
5204,1952,922,FALSE,From model_part_matrix | Display Connector shared across 8 models
5205,1950,922,FALSE,From model_part_matrix | Display Connector shared across 8 models
5206,291,922,FALSE,From model_part_matrix | Display Connector shared across 8 models
5207,292,922,FALSE,From model_part_matrix | Display Connector shared across 8 models
5208,783,922,FALSE,From model_part_matrix | Display Connector shared across 8 models
5209,1924,922,FALSE,From model_part_matrix | Display Connector shared across 8 models
5210,1925,922,FALSE,From model_part_matrix | Display Connector shared across 8 models
5211,1266,923,FALSE,From model_part_matrix | Display Connector shared across 10 models
5212,778,923,FALSE,From model_part_matrix | Display Connector shared across 10 models
5213,787,923,FALSE,From model_part_matrix | Display Connector shared across 10 models
5214,1847,923,FALSE,From model_part_matrix | Display Connector shared across 10 models
5215,1908,923,FALSE,From model_part_matrix | Display Connector shared across 10 models
5216,788,923,FALSE,From model_part_matrix | Display Connector shared across 10 models
5217,1892,923,FALSE,From model_part_matrix | Display Connector shared across 10 models
5218,1893,923,FALSE,From model_part_matrix | Display Connector shared across 10 models
5219,1907,923,FALSE,From model_part_matrix | Display Connector shared across 10 models
5220,1882,923,FALSE,From model_part_matrix | Display Connector shared across 10 models
5221,938,924,FALSE,From model_part_matrix | Display Connector shared across 4 models
5222,1053,924,FALSE,From model_part_matrix | Display Connector shared across 4 models
5223,1036,924,FALSE,From model_part_matrix | Display Connector shared across 4 models
5224,939,924,FALSE,From model_part_matrix | Display Connector shared across 4 models
5225,1268,925,FALSE,From model_part_matrix | Display Connector shared across 4 models
5226,1273,925,FALSE,From model_part_matrix | Display Connector shared across 4 models
5227,1280,925,FALSE,From model_part_matrix | Display Connector shared across 4 models
5228,1279,925,FALSE,From model_part_matrix | Display Connector shared across 4 models
5229,1269,926,FALSE,From model_part_matrix | Display Connector shared across 2 models
5230,1270,926,FALSE,From model_part_matrix | Display Connector shared across 2 models
5231,1284,927,FALSE,From model_part_matrix | Display Connector shared across 3 models
5232,1303,927,FALSE,From model_part_matrix | Display Connector shared across 3 models
5233,1313,927,FALSE,From model_part_matrix | Display Connector shared across 3 models
5234,1286,928,FALSE,From model_part_matrix | Display Connector shared across 2 models
5235,1310,928,FALSE,From model_part_matrix | Display Connector shared across 2 models
5236,2061,929,FALSE,From model_part_matrix | Display Connector shared across 4 models
5237,2064,929,FALSE,From model_part_matrix | Display Connector shared across 4 models
5238,2063,929,FALSE,From model_part_matrix | Display Connector shared across 4 models
5239,2062,929,FALSE,From model_part_matrix | Display Connector shared across 4 models
5240,1318,930,FALSE,From model_part_matrix | Display Connector shared across 7 models
5241,1327,930,FALSE,From model_part_matrix | Display Connector shared across 7 models
5242,1337,930,FALSE,From model_part_matrix | Display Connector shared across 7 models
5243,1346,930,FALSE,From model_part_matrix | Display Connector shared across 7 models
5244,1338,930,FALSE,From model_part_matrix | Display Connector shared across 7 models
5245,1345,930,FALSE,From model_part_matrix | Display Connector shared across 7 models
5246,1320,930,FALSE,From model_part_matrix | Display Connector shared across 7 models
5247,1319,931,FALSE,From model_part_matrix | Display Connector shared across 3 models
5248,1354,931,FALSE,From model_part_matrix | Display Connector shared across 3 models
5249,1355,931,FALSE,From model_part_matrix | Display Connector shared across 3 models
5250,1321,932,FALSE,From model_part_matrix | Display Connector shared across 10 models
5251,1322,932,FALSE,From model_part_matrix | Display Connector shared across 10 models
5252,1323,932,FALSE,From model_part_matrix | Display Connector shared across 10 models
5253,1343,932,FALSE,From model_part_matrix | Display Connector shared across 10 models
5254,1344,932,FALSE,From model_part_matrix | Display Connector shared across 10 models
5255,1334,932,FALSE,From model_part_matrix | Display Connector shared across 10 models
5256,1336,932,FALSE,From model_part_matrix | Display Connector shared across 10 models
5257,1335,932,FALSE,From model_part_matrix | Display Connector shared across 10 models
5258,1331,932,FALSE,From model_part_matrix | Display Connector shared across 10 models
5259,1332,932,FALSE,From model_part_matrix | Display Connector shared across 10 models
5260,1325,933,FALSE,From model_part_matrix | Display Connector shared across 6 models
5261,1340,933,FALSE,From model_part_matrix | Display Connector shared across 6 models
5262,1329,933,FALSE,From model_part_matrix | Display Connector shared across 6 models
5263,1330,933,FALSE,From model_part_matrix | Display Connector shared across 6 models
5264,1333,933,FALSE,From model_part_matrix | Display Connector shared across 6 models
5265,1347,933,FALSE,From model_part_matrix | Display Connector shared across 6 models
5266,1341,934,FALSE,From model_part_matrix | Display Connector shared across 9 models
5267,1356,934,FALSE,From model_part_matrix | Display Connector shared across 9 models
5268,1348,934,FALSE,From model_part_matrix | Display Connector shared across 9 models
5269,1351,934,FALSE,From model_part_matrix | Display Connector shared across 9 models
5270,1353,934,FALSE,From model_part_matrix | Display Connector shared across 9 models
5271,1350,934,FALSE,From model_part_matrix | Display Connector shared across 9 models
5272,1352,934,FALSE,From model_part_matrix | Display Connector shared across 9 models
5273,1349,934,FALSE,From model_part_matrix | Display Connector shared across 9 models
5274,1342,934,FALSE,From model_part_matrix | Display Connector shared across 9 models
5275,1357,935,FALSE,From model_part_matrix | Display Connector shared across 2 models
5276,1358,935,FALSE,From model_part_matrix | Display Connector shared across 2 models
5277,299,936,FALSE,From model_part_matrix | Display Connector shared across 4 models
5278,300,936,FALSE,From model_part_matrix | Display Connector shared across 4 models
5279,302,936,FALSE,From model_part_matrix | Display Connector shared across 4 models
5280,303,936,FALSE,From model_part_matrix | Display Connector shared across 4 models
5281,1359,937,FALSE,From model_part_matrix | Display Connector shared across 2 models
5282,1361,937,FALSE,From model_part_matrix | Display Connector shared across 2 models
5283,1360,938,FALSE,From model_part_matrix | Display Connector shared across 3 models
5284,1372,938,FALSE,From model_part_matrix | Display Connector shared across 3 models
5285,1376,938,FALSE,From model_part_matrix | Display Connector shared across 3 models
5286,1362,939,FALSE,From model_part_matrix | Display Connector shared across 3 models
5287,1364,939,FALSE,From model_part_matrix | Display Connector shared across 3 models
5288,1365,939,FALSE,From model_part_matrix | Display Connector shared across 3 models
5289,1363,940,FALSE,From model_part_matrix | Display Connector shared across 3 models
5290,1396,940,FALSE,From model_part_matrix | Display Connector shared across 3 models
5291,1395,940,FALSE,From model_part_matrix | Display Connector shared across 3 models
5292,2065,941,FALSE,From model_part_matrix | Display Connector shared across 4 models
5293,1382,941,FALSE,From model_part_matrix | Display Connector shared across 4 models
5294,2066,941,FALSE,From model_part_matrix | Display Connector shared across 4 models
5295,1393,941,FALSE,From model_part_matrix | Display Connector shared across 4 models
5296,1366,942,FALSE,From model_part_matrix | Display Connector shared across 2 models
5297,1397,942,FALSE,From model_part_matrix | Display Connector shared across 2 models
5298,943,943,FALSE,From model_part_matrix | Display Connector shared across 2 models
5299,948,943,FALSE,From model_part_matrix | Display Connector shared across 2 models
5300,1367,944,FALSE,From model_part_matrix | Display Connector shared across 4 models
5301,1371,944,FALSE,From model_part_matrix | Display Connector shared across 4 models
5302,1374,944,FALSE,From model_part_matrix | Display Connector shared across 4 models
5303,1368,944,FALSE,From model_part_matrix | Display Connector shared across 4 models
5304,1369,945,FALSE,From model_part_matrix | Display Connector shared across 2 models
5305,1373,945,FALSE,From model_part_matrix | Display Connector shared across 2 models
5306,1370,946,FALSE,From model_part_matrix | Display Connector shared across 5 models
5307,1384,946,FALSE,From model_part_matrix | Display Connector shared across 5 models
5308,1389,946,FALSE,From model_part_matrix | Display Connector shared across 5 models
5309,1386,946,FALSE,From model_part_matrix | Display Connector shared across 5 models
5310,1385,946,FALSE,From model_part_matrix | Display Connector shared across 5 models
5311,1375,947,FALSE,From model_part_matrix | Display Connector shared across 3 models
5312,1379,947,FALSE,From model_part_matrix | Display Connector shared across 3 models
5313,1392,947,FALSE,From model_part_matrix | Display Connector shared across 3 models
5314,1377,948,FALSE,From model_part_matrix | Display Connector shared across 3 models
5315,1380,948,FALSE,From model_part_matrix | Display Connector shared across 3 models
5316,1383,948,FALSE,From model_part_matrix | Display Connector shared across 3 models
5317,1378,949,FALSE,From model_part_matrix | Display Connector shared across 4 models
5318,1387,949,FALSE,From model_part_matrix | Display Connector shared across 4 models
5319,1388,949,FALSE,From model_part_matrix | Display Connector shared across 4 models
5320,1381,949,FALSE,From model_part_matrix | Display Connector shared across 4 models
5321,1390,950,FALSE,From model_part_matrix | Display Connector shared across 2 models
5322,1391,950,FALSE,From model_part_matrix | Display Connector shared across 2 models
5323,951,951,FALSE,From model_part_matrix | Display Connector shared across 5 models
5324,952,951,FALSE,From model_part_matrix | Display Connector shared across 5 models
5325,984,951,FALSE,From model_part_matrix | Display Connector shared across 5 models
5326,956,951,FALSE,From model_part_matrix | Display Connector shared across 5 models
5327,1008,951,FALSE,From model_part_matrix | Display Connector shared across 5 models
5328,41,952,FALSE,From model_part_matrix | Display Connector shared across 3 models
5329,967,952,FALSE,From model_part_matrix | Display Connector shared across 3 models
5330,957,952,FALSE,From model_part_matrix | Display Connector shared across 3 models
5331,306,953,FALSE,From model_part_matrix | Display Connector shared across 8 models
5332,629,953,FALSE,From model_part_matrix | Display Connector shared across 8 models
5333,1516,953,FALSE,From model_part_matrix | Display Connector shared across 8 models
5334,422,953,FALSE,From model_part_matrix | Display Connector shared across 8 models
5335,1475,953,FALSE,From model_part_matrix | Display Connector shared across 8 models
5336,1458,953,FALSE,From model_part_matrix | Display Connector shared across 8 models
5337,620,953,FALSE,From model_part_matrix | Display Connector shared across 8 models
5338,307,953,FALSE,From model_part_matrix | Display Connector shared across 8 models
5339,955,954,FALSE,From model_part_matrix | Display Connector shared across 4 models
5340,980,954,FALSE,From model_part_matrix | Display Connector shared across 4 models
5341,981,954,FALSE,From model_part_matrix | Display Connector shared across 4 models
5342,966,954,FALSE,From model_part_matrix | Display Connector shared across 4 models
5343,1398,955,FALSE,From model_part_matrix | Display Connector shared across 2 models
5344,1399,955,FALSE,From model_part_matrix | Display Connector shared across 2 models
5345,1400,956,FALSE,From model_part_matrix | Display Connector shared across 6 models
5346,1473,956,FALSE,From model_part_matrix | Display Connector shared across 6 models
5347,1453,956,FALSE,From model_part_matrix | Display Connector shared across 6 models
5348,1511,956,FALSE,From model_part_matrix | Display Connector shared across 6 models
5349,1513,956,FALSE,From model_part_matrix | Display Connector shared across 6 models
5350,1515,956,FALSE,From model_part_matrix | Display Connector shared across 6 models
5351,2067,957,FALSE,From model_part_matrix | Display Connector shared across 7 models
5352,2092,957,FALSE,From model_part_matrix | Display Connector shared across 7 models
5353,2068,957,FALSE,From model_part_matrix | Display Connector shared across 7 models
5354,2069,957,FALSE,From model_part_matrix | Display Connector shared across 7 models
5355,2091,957,FALSE,From model_part_matrix | Display Connector shared across 7 models
5356,2094,957,FALSE,From model_part_matrix | Display Connector shared across 7 models
5357,2090,957,FALSE,From model_part_matrix | Display Connector shared across 7 models
5358,309,958,FALSE,From model_part_matrix | Display Connector shared across 2 models
5359,1537,958,FALSE,From model_part_matrix | Display Connector shared across 2 models
5360,1401,959,FALSE,From model_part_matrix | Display Connector shared across 2 models
5361,450,959,FALSE,From model_part_matrix | Display Connector shared across 2 models
5362,310,960,FALSE,From model_part_matrix | Display Connector shared across 15 models
5363,451,960,FALSE,From model_part_matrix | Display Connector shared across 15 models
5364,452,960,FALSE,From model_part_matrix | Display Connector shared across 15 models
5365,1470,960,FALSE,From model_part_matrix | Display Connector shared across 15 models
5366,1469,960,FALSE,From model_part_matrix | Display Connector shared across 15 models
5367,312,960,FALSE,From model_part_matrix | Display Connector shared across 15 models
5368,311,960,FALSE,From model_part_matrix | Display Connector shared across 15 models
5369,1512,960,FALSE,From model_part_matrix | Display Connector shared across 15 models
5370,627,960,FALSE,From model_part_matrix | Display Connector shared across 15 models
5371,1514,960,FALSE,From model_part_matrix | Display Connector shared across 15 models
5372,577,960,FALSE,From model_part_matrix | Display Connector shared across 15 models
5373,1533,960,FALSE,From model_part_matrix | Display Connector shared across 15 models
5374,1510,960,FALSE,From model_part_matrix | Display Connector shared across 15 models
5375,574,960,FALSE,From model_part_matrix | Display Connector shared across 15 models
5376,1451,960,FALSE,From model_part_matrix | Display Connector shared across 15 models
5377,1402,961,FALSE,From model_part_matrix | Display Connector shared across 12 models
5378,529,961,FALSE,From model_part_matrix | Display Connector shared across 12 models
5379,539,961,FALSE,From model_part_matrix | Display Connector shared across 12 models
5380,398,961,FALSE,From model_part_matrix | Display Connector shared across 12 models
5381,27,961,FALSE,From model_part_matrix | Display Connector shared across 12 models
5382,1452,961,FALSE,From model_part_matrix | Display Connector shared across 12 models
5383,1501,961,FALSE,From model_part_matrix | Display Connector shared across 12 models
5384,536,961,FALSE,From model_part_matrix | Display Connector shared across 12 models
5385,2118,961,FALSE,From model_part_matrix | Display Connector shared across 12 models
5386,2089,961,FALSE,From model_part_matrix | Display Connector shared across 12 models
5387,379,961,FALSE,From model_part_matrix | Display Connector shared across 12 models
5388,346,961,FALSE,From model_part_matrix | Display Connector shared across 12 models
5389,1403,962,FALSE,From model_part_matrix | Display Connector shared across 15 models
5390,460,962,FALSE,From model_part_matrix | Display Connector shared across 15 models
5391,1490,962,FALSE,From model_part_matrix | Display Connector shared across 15 models
5392,461,962,FALSE,From model_part_matrix | Display Connector shared across 15 models
5393,1472,962,FALSE,From model_part_matrix | Display Connector shared across 15 models
5394,465,962,FALSE,From model_part_matrix | Display Connector shared across 15 models
5395,531,962,FALSE,From model_part_matrix | Display Connector shared across 15 models
5396,1502,962,FALSE,From model_part_matrix | Display Connector shared across 15 models
5397,495,962,FALSE,From model_part_matrix | Display Connector shared across 15 models
5398,411,962,FALSE,From model_part_matrix | Display Connector shared across 15 models
5399,1446,962,FALSE,From model_part_matrix | Display Connector shared across 15 models
5400,421,962,FALSE,From model_part_matrix | Display Connector shared across 15 models
5401,382,962,FALSE,From model_part_matrix | Display Connector shared across 15 models
5402,128,962,FALSE,From model_part_matrix | Display Connector shared across 15 models
5403,588,962,FALSE,From model_part_matrix | Display Connector shared across 15 models
5404,315,963,FALSE,From model_part_matrix | Display Connector shared across 61 models
5405,31,963,FALSE,From model_part_matrix | Display Connector shared across 61 models
5406,597,963,FALSE,From model_part_matrix | Display Connector shared across 61 models
5407,426,963,FALSE,From model_part_matrix | Display Connector shared across 61 models
5408,500,963,FALSE,From model_part_matrix | Display Connector shared across 61 models
5409,501,963,FALSE,From model_part_matrix | Display Connector shared across 61 models
5410,369,963,FALSE,From model_part_matrix | Display Connector shared across 61 models
5411,399,963,FALSE,From model_part_matrix | Display Connector shared across 61 models
5412,383,963,FALSE,From model_part_matrix | Display Connector shared across 61 models
5413,415,963,FALSE,From model_part_matrix | Display Connector shared across 61 models
5414,2070,963,FALSE,From model_part_matrix | Display Connector shared across 61 models
5415,2071,963,FALSE,From model_part_matrix | Display Connector shared across 61 models
5416,566,963,FALSE,From model_part_matrix | Display Connector shared across 61 models
5417,567,963,FALSE,From model_part_matrix | Display Connector shared across 61 models
5418,600,963,FALSE,From model_part_matrix | Display Connector shared across 61 models
5419,568,963,FALSE,From model_part_matrix | Display Connector shared across 61 models
5420,1505,963,FALSE,From model_part_matrix | Display Connector shared across 61 models
5421,564,963,FALSE,From model_part_matrix | Display Connector shared across 61 models
5422,1506,963,FALSE,From model_part_matrix | Display Connector shared across 61 models
5423,1507,963,FALSE,From model_part_matrix | Display Connector shared across 61 models
5424,1508,963,FALSE,From model_part_matrix | Display Connector shared across 61 models
5425,503,963,FALSE,From model_part_matrix | Display Connector shared across 61 models
5426,1494,963,FALSE,From model_part_matrix | Display Connector shared across 61 models
5427,2101,963,FALSE,From model_part_matrix | Display Connector shared across 61 models
5428,506,963,FALSE,From model_part_matrix | Display Connector shared across 61 models
5429,2102,963,FALSE,From model_part_matrix | Display Connector shared across 61 models
5430,592,963,FALSE,From model_part_matrix | Display Connector shared across 61 models
5431,593,963,FALSE,From model_part_matrix | Display Connector shared across 61 models
5432,595,963,FALSE,From model_part_matrix | Display Connector shared across 61 models
5433,2105,963,FALSE,From model_part_matrix | Display Connector shared across 61 models
5434,372,963,FALSE,From model_part_matrix | Display Connector shared across 61 models
5435,2083,963,FALSE,From model_part_matrix | Display Connector shared across 61 models
5436,2086,963,FALSE,From model_part_matrix | Display Connector shared across 61 models
5437,320,963,FALSE,From model_part_matrix | Display Connector shared across 61 models
5438,2072,963,FALSE,From model_part_matrix | Display Connector shared across 61 models
5439,2073,963,FALSE,From model_part_matrix | Display Connector shared across 61 models
5440,2074,963,FALSE,From model_part_matrix | Display Connector shared across 61 models
5441,339,963,FALSE,From model_part_matrix | Display Connector shared across 61 models
5442,341,963,FALSE,From model_part_matrix | Display Connector shared across 61 models
5443,2075,963,FALSE,From model_part_matrix | Display Connector shared across 61 models
5444,338,963,FALSE,From model_part_matrix | Display Connector shared across 61 models
5445,350,963,FALSE,From model_part_matrix | Display Connector shared across 61 models
5446,351,963,FALSE,From model_part_matrix | Display Connector shared across 61 models
5447,2076,963,FALSE,From model_part_matrix | Display Connector shared across 61 models
5448,2077,963,FALSE,From model_part_matrix | Display Connector shared across 61 models
5449,355,963,FALSE,From model_part_matrix | Display Connector shared across 61 models
5450,354,963,FALSE,From model_part_matrix | Display Connector shared across 61 models
5451,2080,963,FALSE,From model_part_matrix | Display Connector shared across 61 models
5452,2079,963,FALSE,From model_part_matrix | Display Connector shared across 61 models
5453,2078,963,FALSE,From model_part_matrix | Display Connector shared across 61 models
5454,371,963,FALSE,From model_part_matrix | Display Connector shared across 61 models
5455,2081,963,FALSE,From model_part_matrix | Display Connector shared across 61 models
5456,427,963,FALSE,From model_part_matrix | Display Connector shared across 61 models
5457,2093,963,FALSE,From model_part_matrix | Display Connector shared across 61 models
5458,2109,963,FALSE,From model_part_matrix | Display Connector shared across 61 models
5459,2110,963,FALSE,From model_part_matrix | Display Connector shared across 61 models
5460,2095,963,FALSE,From model_part_matrix | Display Connector shared across 61 models
5461,2096,963,FALSE,From model_part_matrix | Display Connector shared across 61 models
5462,2097,963,FALSE,From model_part_matrix | Display Connector shared across 61 models
5463,2098,963,FALSE,From model_part_matrix | Display Connector shared across 61 models
5464,2099,963,FALSE,From model_part_matrix | Display Connector shared across 61 models
5465,316,964,FALSE,From model_part_matrix | Display Connector shared across 7 models
5466,507,964,FALSE,From model_part_matrix | Display Connector shared across 7 models
5467,502,964,FALSE,From model_part_matrix | Display Connector shared across 7 models
5468,384,964,FALSE,From model_part_matrix | Display Connector shared across 7 models
5469,349,964,FALSE,From model_part_matrix | Display Connector shared across 7 models
5470,436,964,FALSE,From model_part_matrix | Display Connector shared across 7 models
5471,437,964,FALSE,From model_part_matrix | Display Connector shared across 7 models
5472,1404,965,FALSE,From model_part_matrix | Display Connector shared across 6 models
5473,1459,965,FALSE,From model_part_matrix | Display Connector shared across 6 models
5474,1462,965,FALSE,From model_part_matrix | Display Connector shared across 6 models
5475,1491,965,FALSE,From model_part_matrix | Display Connector shared across 6 models
5476,1000,965,FALSE,From model_part_matrix | Display Connector shared across 6 models
5477,1466,965,FALSE,From model_part_matrix | Display Connector shared across 6 models
5478,1405,966,FALSE,From model_part_matrix | Display Connector shared across 13 models
5479,111,966,FALSE,From model_part_matrix | Display Connector shared across 13 models
5480,113,966,FALSE,From model_part_matrix | Display Connector shared across 13 models
5481,1419,966,FALSE,From model_part_matrix | Display Connector shared across 13 models
5482,362,966,FALSE,From model_part_matrix | Display Connector shared across 13 models
5483,364,966,FALSE,From model_part_matrix | Display Connector shared across 13 models
5484,323,966,FALSE,From model_part_matrix | Display Connector shared across 13 models
5485,580,966,FALSE,From model_part_matrix | Display Connector shared across 13 models
5486,525,966,FALSE,From model_part_matrix | Display Connector shared across 13 models
5487,1416,966,FALSE,From model_part_matrix | Display Connector shared across 13 models
5488,1420,966,FALSE,From model_part_matrix | Display Connector shared across 13 models
5489,343,966,FALSE,From model_part_matrix | Display Connector shared across 13 models
5490,545,966,FALSE,From model_part_matrix | Display Connector shared across 13 models
5491,317,967,FALSE,From model_part_matrix | Display Connector shared across 26 models
5492,334,967,FALSE,From model_part_matrix | Display Connector shared across 26 models
5493,347,967,FALSE,From model_part_matrix | Display Connector shared across 26 models
5494,1428,967,FALSE,From model_part_matrix | Display Connector shared across 26 models
5495,1423,967,FALSE,From model_part_matrix | Display Connector shared across 26 models
5496,367,967,FALSE,From model_part_matrix | Display Connector shared across 26 models
5497,1424,967,FALSE,From model_part_matrix | Display Connector shared across 26 models
5498,380,967,FALSE,From model_part_matrix | Display Connector shared across 26 models
5499,381,967,FALSE,From model_part_matrix | Display Connector shared across 26 models
5500,424,967,FALSE,From model_part_matrix | Display Connector shared across 26 models
5501,34,967,FALSE,From model_part_matrix | Display Connector shared across 26 models
5502,332,967,FALSE,From model_part_matrix | Display Connector shared across 26 models
5503,1422,967,FALSE,From model_part_matrix | Display Connector shared across 26 models
5504,1426,967,FALSE,From model_part_matrix | Display Connector shared across 26 models
5505,1439,967,FALSE,From model_part_matrix | Display Connector shared across 26 models
5506,1427,967,FALSE,From model_part_matrix | Display Connector shared across 26 models
5507,1421,967,FALSE,From model_part_matrix | Display Connector shared across 26 models
5508,1425,967,FALSE,From model_part_matrix | Display Connector shared across 26 models
5509,1414,967,FALSE,From model_part_matrix | Display Connector shared across 26 models
5510,1417,967,FALSE,From model_part_matrix | Display Connector shared across 26 models
5511,1408,967,FALSE,From model_part_matrix | Display Connector shared across 26 models
5512,1413,967,FALSE,From model_part_matrix | Display Connector shared across 26 models
5513,1407,967,FALSE,From model_part_matrix | Display Connector shared across 26 models
5514,1438,967,FALSE,From model_part_matrix | Display Connector shared across 26 models
5515,558,967,FALSE,From model_part_matrix | Display Connector shared across 26 models
5516,590,967,FALSE,From model_part_matrix | Display Connector shared across 26 models
5517,1406,968,FALSE,From model_part_matrix | Display Connector shared across 5 models
5518,115,968,FALSE,From model_part_matrix | Display Connector shared across 5 models
5519,121,968,FALSE,From model_part_matrix | Display Connector shared across 5 models
5520,390,968,FALSE,From model_part_matrix | Display Connector shared across 5 models
5521,1532,968,FALSE,From model_part_matrix | Display Connector shared across 5 models
5522,962,969,FALSE,From model_part_matrix | Display Connector shared across 16 models
5523,991,969,FALSE,From model_part_matrix | Display Connector shared across 16 models
5524,993,969,FALSE,From model_part_matrix | Display Connector shared across 16 models
5525,995,969,FALSE,From model_part_matrix | Display Connector shared across 16 models
5526,997,969,FALSE,From model_part_matrix | Display Connector shared across 16 models
5527,999,969,FALSE,From model_part_matrix | Display Connector shared across 16 models
5528,1016,969,FALSE,From model_part_matrix | Display Connector shared across 16 models
5529,965,969,FALSE,From model_part_matrix | Display Connector shared across 16 models
5530,975,969,FALSE,From model_part_matrix | Display Connector shared across 16 models
5531,970,969,FALSE,From model_part_matrix | Display Connector shared across 16 models
5532,972,969,FALSE,From model_part_matrix | Display Connector shared across 16 models
5533,977,969,FALSE,From model_part_matrix | Display Connector shared across 16 models
5534,985,969,FALSE,From model_part_matrix | Display Connector shared across 16 models
5535,1013,969,FALSE,From model_part_matrix | Display Connector shared across 16 models
5536,987,969,FALSE,From model_part_matrix | Display Connector shared across 16 models
5537,989,969,FALSE,From model_part_matrix | Display Connector shared across 16 models
5538,322,970,FALSE,From model_part_matrix | Display Connector shared across 14 models
5539,118,970,FALSE,From model_part_matrix | Display Connector shared across 14 models
5540,373,970,FALSE,From model_part_matrix | Display Connector shared across 14 models
5541,324,970,FALSE,From model_part_matrix | Display Connector shared across 14 models
5542,511,970,FALSE,From model_part_matrix | Display Connector shared across 14 models
5543,513,970,FALSE,From model_part_matrix | Display Connector shared across 14 models
5544,1410,970,FALSE,From model_part_matrix | Display Connector shared across 14 models
5545,1409,970,FALSE,From model_part_matrix | Display Connector shared across 14 models
5546,1411,970,FALSE,From model_part_matrix | Display Connector shared across 14 models
5547,1412,970,FALSE,From model_part_matrix | Display Connector shared across 14 models
5548,2088,970,FALSE,From model_part_matrix | Display Connector shared across 14 models
5549,2087,970,FALSE,From model_part_matrix | Display Connector shared across 14 models
5550,2113,970,FALSE,From model_part_matrix | Display Connector shared across 14 models
5551,2114,970,FALSE,From model_part_matrix | Display Connector shared across 14 models
5552,325,971,FALSE,From model_part_matrix | Display Connector shared across 6 models
5553,348,971,FALSE,From model_part_matrix | Display Connector shared across 6 models
5554,352,971,FALSE,From model_part_matrix | Display Connector shared across 6 models
5555,509,971,FALSE,From model_part_matrix | Display Connector shared across 6 models
5556,541,971,FALSE,From model_part_matrix | Display Connector shared across 6 models
5557,400,971,FALSE,From model_part_matrix | Display Connector shared across 6 models
5558,327,972,FALSE,From model_part_matrix | Display Connector shared across 18 models
5559,550,972,FALSE,From model_part_matrix | Display Connector shared across 18 models
5560,551,972,FALSE,From model_part_matrix | Display Connector shared across 18 models
5561,589,972,FALSE,From model_part_matrix | Display Connector shared across 18 models
5562,329,972,FALSE,From model_part_matrix | Display Connector shared across 18 models
5563,110,972,FALSE,From model_part_matrix | Display Connector shared across 18 models
5564,363,972,FALSE,From model_part_matrix | Display Connector shared across 18 models
5565,361,972,FALSE,From model_part_matrix | Display Connector shared across 18 models
5566,365,972,FALSE,From model_part_matrix | Display Connector shared across 18 models
5567,366,972,FALSE,From model_part_matrix | Display Connector shared across 18 models
5568,542,972,FALSE,From model_part_matrix | Display Connector shared across 18 models
5569,544,972,FALSE,From model_part_matrix | Display Connector shared across 18 models
5570,143,972,FALSE,From model_part_matrix | Display Connector shared across 18 models
5571,146,972,FALSE,From model_part_matrix | Display Connector shared across 18 models
5572,328,972,FALSE,From model_part_matrix | Display Connector shared across 18 models
5573,330,972,FALSE,From model_part_matrix | Display Connector shared across 18 models
5574,331,972,FALSE,From model_part_matrix | Display Connector shared across 18 models
5575,1531,972,FALSE,From model_part_matrix | Display Connector shared across 18 models
5576,335,973,FALSE,From model_part_matrix | Display Connector shared across 2 models
5577,144,973,FALSE,From model_part_matrix | Display Connector shared across 2 models
5578,1415,974,FALSE,From model_part_matrix | Display Connector shared across 9 models
5579,145,974,FALSE,From model_part_matrix | Display Connector shared across 9 models
5580,353,974,FALSE,From model_part_matrix | Display Connector shared across 9 models
5581,385,974,FALSE,From model_part_matrix | Display Connector shared across 9 models
5582,514,974,FALSE,From model_part_matrix | Display Connector shared across 9 models
5583,517,974,FALSE,From model_part_matrix | Display Connector shared across 9 models
5584,516,974,FALSE,From model_part_matrix | Display Connector shared across 9 models
5585,579,974,FALSE,From model_part_matrix | Display Connector shared across 9 models
5586,582,974,FALSE,From model_part_matrix | Display Connector shared across 9 models
5587,357,975,FALSE,From model_part_matrix | Display Connector shared across 6 models
5588,374,975,FALSE,From model_part_matrix | Display Connector shared across 6 models
5589,387,975,FALSE,From model_part_matrix | Display Connector shared across 6 models
5590,1418,975,FALSE,From model_part_matrix | Display Connector shared across 6 models
5591,1442,975,FALSE,From model_part_matrix | Display Connector shared across 6 models
5592,1437,975,FALSE,From model_part_matrix | Display Connector shared across 6 models
5593,359,976,FALSE,From model_part_matrix | Display Connector shared across 5 models
5594,1518,976,FALSE,From model_part_matrix | Display Connector shared across 5 models
5595,119,976,FALSE,From model_part_matrix | Display Connector shared across 5 models
5596,120,976,FALSE,From model_part_matrix | Display Connector shared across 5 models
5597,1443,976,FALSE,From model_part_matrix | Display Connector shared across 5 models
5598,116,977,FALSE,From model_part_matrix | Display Connector shared across 2 models
5599,124,977,FALSE,From model_part_matrix | Display Connector shared across 2 models
5600,2082,978,FALSE,From model_part_matrix | Display Connector shared across 8 models
5601,2106,978,FALSE,From model_part_matrix | Display Connector shared across 8 models
5602,2085,978,FALSE,From model_part_matrix | Display Connector shared across 8 models
5603,1429,978,FALSE,From model_part_matrix | Display Connector shared across 8 models
5604,1499,978,FALSE,From model_part_matrix | Display Connector shared across 8 models
5605,1509,978,FALSE,From model_part_matrix | Display Connector shared across 8 models
5606,2104,978,FALSE,From model_part_matrix | Display Connector shared across 8 models
5607,2084,978,FALSE,From model_part_matrix | Display Connector shared across 8 models
5608,1430,979,FALSE,From model_part_matrix | Display Connector shared across 9 models
5609,1432,979,FALSE,From model_part_matrix | Display Connector shared across 9 models
5610,1436,979,FALSE,From model_part_matrix | Display Connector shared across 9 models
5611,1455,979,FALSE,From model_part_matrix | Display Connector shared across 9 models
5612,1433,979,FALSE,From model_part_matrix | Display Connector shared across 9 models
5613,1434,979,FALSE,From model_part_matrix | Display Connector shared across 9 models
5614,1441,979,FALSE,From model_part_matrix | Display Connector shared across 9 models
5615,1431,979,FALSE,From model_part_matrix | Display Connector shared across 9 models
5616,1435,979,FALSE,From model_part_matrix | Display Connector shared across 9 models
5617,376,980,FALSE,From model_part_matrix | Display Connector shared across 8 models
5618,402,980,FALSE,From model_part_matrix | Display Connector shared across 8 models
5619,403,980,FALSE,From model_part_matrix | Display Connector shared across 8 models
5620,441,980,FALSE,From model_part_matrix | Display Connector shared across 8 models
5621,386,980,FALSE,From model_part_matrix | Display Connector shared across 8 models
5622,1456,980,FALSE,From model_part_matrix | Display Connector shared across 8 models
5623,1467,980,FALSE,From model_part_matrix | Display Connector shared across 8 models
5624,1450,980,FALSE,From model_part_matrix | Display Connector shared across 8 models
5625,378,981,FALSE,From model_part_matrix | Display Connector shared across 27 models
5626,405,981,FALSE,From model_part_matrix | Display Connector shared across 27 models
5627,406,981,FALSE,From model_part_matrix | Display Connector shared across 27 models
5628,409,981,FALSE,From model_part_matrix | Display Connector shared across 27 models
5629,396,981,FALSE,From model_part_matrix | Display Connector shared across 27 models
5630,397,981,FALSE,From model_part_matrix | Display Connector shared across 27 models
5631,394,981,FALSE,From model_part_matrix | Display Connector shared across 27 models
5632,1444,981,FALSE,From model_part_matrix | Display Connector shared across 27 models
5633,456,981,FALSE,From model_part_matrix | Display Connector shared across 27 models
5634,1471,981,FALSE,From model_part_matrix | Display Connector shared across 27 models
5635,459,981,FALSE,From model_part_matrix | Display Connector shared across 27 models
5636,1474,981,FALSE,From model_part_matrix | Display Connector shared across 27 models
5637,454,981,FALSE,From model_part_matrix | Display Connector shared across 27 models
5638,453,981,FALSE,From model_part_matrix | Display Connector shared across 27 models
5639,458,981,FALSE,From model_part_matrix | Display Connector shared across 27 models
5640,462,981,FALSE,From model_part_matrix | Display Connector shared across 27 models
5641,466,981,FALSE,From model_part_matrix | Display Connector shared across 27 models
5642,393,981,FALSE,From model_part_matrix | Display Connector shared across 27 models
5643,625,981,FALSE,From model_part_matrix | Display Connector shared across 27 models
5644,626,981,FALSE,From model_part_matrix | Display Connector shared across 27 models
5645,524,981,FALSE,From model_part_matrix | Display Connector shared across 27 models
5646,1530,981,FALSE,From model_part_matrix | Display Connector shared across 27 models
5647,614,981,FALSE,From model_part_matrix | Display Connector shared across 27 models
5648,1468,981,FALSE,From model_part_matrix | Display Connector shared across 27 models
5649,526,981,FALSE,From model_part_matrix | Display Connector shared across 27 models
5650,528,981,FALSE,From model_part_matrix | Display Connector shared across 27 models
5651,412,981,FALSE,From model_part_matrix | Display Connector shared across 27 models
5652,1440,982,FALSE,From model_part_matrix | Display Connector shared across 3 models
5653,401,982,FALSE,From model_part_matrix | Display Connector shared across 3 models
5654,1445,982,FALSE,From model_part_matrix | Display Connector shared across 3 models
5655,388,983,FALSE,From model_part_matrix | Display Connector shared across 3 models
5656,519,983,FALSE,From model_part_matrix | Display Connector shared across 3 models
5657,449,983,FALSE,From model_part_matrix | Display Connector shared across 3 models
5658,389,984,FALSE,From model_part_matrix | Display Connector shared across 18 models
5659,518,984,FALSE,From model_part_matrix | Display Connector shared across 18 models
5660,520,984,FALSE,From model_part_matrix | Display Connector shared across 18 models
5661,1500,984,FALSE,From model_part_matrix | Display Connector shared across 18 models
5662,521,984,FALSE,From model_part_matrix | Display Connector shared across 18 models
5663,581,984,FALSE,From model_part_matrix | Display Connector shared across 18 models
5664,1517,984,FALSE,From model_part_matrix | Display Connector shared across 18 models
5665,527,984,FALSE,From model_part_matrix | Display Connector shared across 18 models
5666,530,984,FALSE,From model_part_matrix | Display Connector shared across 18 models
5667,585,984,FALSE,From model_part_matrix | Display Connector shared across 18 models
5668,1534,984,FALSE,From model_part_matrix | Display Connector shared across 18 models
5669,391,984,FALSE,From model_part_matrix | Display Connector shared across 18 models
5670,613,984,FALSE,From model_part_matrix | Display Connector shared across 18 models
5671,1457,984,FALSE,From model_part_matrix | Display Connector shared across 18 models
5672,532,984,FALSE,From model_part_matrix | Display Connector shared across 18 models
5673,2116,984,FALSE,From model_part_matrix | Display Connector shared across 18 models
5674,2117,984,FALSE,From model_part_matrix | Display Connector shared across 18 models
5675,2115,984,FALSE,From model_part_matrix | Display Connector shared across 18 models
5676,1447,985,FALSE,From model_part_matrix | Display Connector shared across 22 models
5677,1460,985,FALSE,From model_part_matrix | Display Connector shared across 22 models
5678,1461,985,FALSE,From model_part_matrix | Display Connector shared across 22 models
5679,1523,985,FALSE,From model_part_matrix | Display Connector shared across 22 models
5680,1463,985,FALSE,From model_part_matrix | Display Connector shared across 22 models
5681,1464,985,FALSE,From model_part_matrix | Display Connector shared across 22 models
5682,1492,985,FALSE,From model_part_matrix | Display Connector shared across 22 models
5683,1521,985,FALSE,From model_part_matrix | Display Connector shared across 22 models
5684,1527,985,FALSE,From model_part_matrix | Display Connector shared across 22 models
5685,1493,985,FALSE,From model_part_matrix | Display Connector shared across 22 models
5686,1522,985,FALSE,From model_part_matrix | Display Connector shared across 22 models
5687,1529,985,FALSE,From model_part_matrix | Display Connector shared across 22 models
5688,1524,985,FALSE,From model_part_matrix | Display Connector shared across 22 models
5689,1465,985,FALSE,From model_part_matrix | Display Connector shared across 22 models
5690,1496,985,FALSE,From model_part_matrix | Display Connector shared across 22 models
5691,1448,985,FALSE,From model_part_matrix | Display Connector shared across 22 models
5692,1495,985,FALSE,From model_part_matrix | Display Connector shared across 22 models
5693,1525,985,FALSE,From model_part_matrix | Display Connector shared across 22 models
5694,1528,985,FALSE,From model_part_matrix | Display Connector shared across 22 models
5695,1497,985,FALSE,From model_part_matrix | Display Connector shared across 22 models
5696,1526,985,FALSE,From model_part_matrix | Display Connector shared across 22 models
5697,1454,985,FALSE,From model_part_matrix | Display Connector shared across 22 models
5698,1449,986,FALSE,From model_part_matrix | Display Connector shared across 2 models
5699,494,986,FALSE,From model_part_matrix | Display Connector shared across 2 models
5700,125,987,FALSE,From model_part_matrix | Display Connector shared across 4 models
5701,510,987,FALSE,From model_part_matrix | Display Connector shared across 4 models
5702,1535,987,FALSE,From model_part_matrix | Display Connector shared across 4 models
5703,419,987,FALSE,From model_part_matrix | Display Connector shared across 4 models
5704,429,988,FALSE,From model_part_matrix | Display Connector shared across 4 models
5705,440,988,FALSE,From model_part_matrix | Display Connector shared across 4 models
5706,439,988,FALSE,From model_part_matrix | Display Connector shared across 4 models
5707,619,988,FALSE,From model_part_matrix | Display Connector shared across 4 models
5708,982,989,FALSE,From model_part_matrix | Display Connector shared across 2 models
5709,983,989,FALSE,From model_part_matrix | Display Connector shared across 2 models
5710,470,990,FALSE,From model_part_matrix | Display Connector shared across 10 models
5711,224,990,FALSE,From model_part_matrix | Display Connector shared across 10 models
5712,225,990,FALSE,From model_part_matrix | Display Connector shared across 10 models
5713,1986,990,FALSE,From model_part_matrix | Display Connector shared across 10 models
5714,1987,990,FALSE,From model_part_matrix | Display Connector shared across 10 models
5715,1959,990,FALSE,From model_part_matrix | Display Connector shared across 10 models
5716,884,990,FALSE,From model_part_matrix | Display Connector shared across 10 models
5717,135,990,FALSE,From model_part_matrix | Display Connector shared across 10 models
5718,228,990,FALSE,From model_part_matrix | Display Connector shared across 10 models
5719,217,990,FALSE,From model_part_matrix | Display Connector shared across 10 models
5720,471,991,FALSE,From model_part_matrix | Display Connector shared across 7 models
5721,136,991,FALSE,From model_part_matrix | Display Connector shared across 7 models
5722,223,991,FALSE,From model_part_matrix | Display Connector shared across 7 models
5723,1967,991,FALSE,From model_part_matrix | Display Connector shared across 7 models
5724,853,991,FALSE,From model_part_matrix | Display Connector shared across 7 models
5725,852,991,FALSE,From model_part_matrix | Display Connector shared across 7 models
5726,221,991,FALSE,From model_part_matrix | Display Connector shared across 7 models
5727,472,992,FALSE,From model_part_matrix | Display Connector shared across 7 models
5728,1988,992,FALSE,From model_part_matrix | Display Connector shared across 7 models
5729,229,992,FALSE,From model_part_matrix | Display Connector shared across 7 models
5730,885,992,FALSE,From model_part_matrix | Display Connector shared across 7 models
5731,231,992,FALSE,From model_part_matrix | Display Connector shared across 7 models
5732,1989,992,FALSE,From model_part_matrix | Display Connector shared across 7 models
5733,887,992,FALSE,From model_part_matrix | Display Connector shared across 7 models
5734,474,993,FALSE,From model_part_matrix | Display Connector shared across 3 models
5735,1990,993,FALSE,From model_part_matrix | Display Connector shared across 3 models
5736,1991,993,FALSE,From model_part_matrix | Display Connector shared across 3 models
5737,475,994,FALSE,From model_part_matrix | Display Connector shared across 5 models
5738,865,994,FALSE,From model_part_matrix | Display Connector shared across 5 models
5739,866,994,FALSE,From model_part_matrix | Display Connector shared across 5 models
5740,26,994,FALSE,From model_part_matrix | Display Connector shared across 5 models
5741,487,994,FALSE,From model_part_matrix | Display Connector shared across 5 models
5742,476,995,FALSE,From model_part_matrix | Display Connector shared across 2 models
5743,2156,995,FALSE,From model_part_matrix | Display Connector shared across 2 models
5744,477,996,FALSE,From model_part_matrix | Display Connector shared across 6 models
5745,869,996,FALSE,From model_part_matrix | Display Connector shared across 6 models
5746,870,996,FALSE,From model_part_matrix | Display Connector shared across 6 models
5747,893,996,FALSE,From model_part_matrix | Display Connector shared across 6 models
5748,890,996,FALSE,From model_part_matrix | Display Connector shared across 6 models
5749,1980,996,FALSE,From model_part_matrix | Display Connector shared across 6 models
5750,2100,997,FALSE,From model_part_matrix | Display Connector shared across 2 models
5751,2155,997,FALSE,From model_part_matrix | Display Connector shared across 2 models
5752,1476,998,FALSE,From model_part_matrix | Display Connector shared across 5 models
5753,491,998,FALSE,From model_part_matrix | Display Connector shared across 5 models
5754,1485,998,FALSE,From model_part_matrix | Display Connector shared across 5 models
5755,233,998,FALSE,From model_part_matrix | Display Connector shared across 5 models
5756,1994,998,FALSE,From model_part_matrix | Display Connector shared across 5 models
5757,1477,999,FALSE,From model_part_matrix | Display Connector shared across 10 models
5758,1976,999,FALSE,From model_part_matrix | Display Connector shared across 10 models
5759,1974,999,FALSE,From model_part_matrix | Display Connector shared across 10 models
5760,1479,999,FALSE,From model_part_matrix | Display Connector shared across 10 models
5761,1478,999,FALSE,From model_part_matrix | Display Connector shared across 10 models
5762,1995,999,FALSE,From model_part_matrix | Display Connector shared across 10 models
5763,1996,999,FALSE,From model_part_matrix | Display Connector shared across 10 models
5764,1997,999,FALSE,From model_part_matrix | Display Connector shared across 10 models
5765,1998,999,FALSE,From model_part_matrix | Display Connector shared across 10 models
5766,1964,999,FALSE,From model_part_matrix | Display Connector shared across 10 models
5767,1480,1000,FALSE,From model_part_matrix | Display Connector shared across 3 models
5768,2022,1000,FALSE,From model_part_matrix | Display Connector shared across 3 models
5769,2025,1000,FALSE,From model_part_matrix | Display Connector shared across 3 models
5770,1481,1001,FALSE,From model_part_matrix | Display Connector shared across 3 models
5771,2001,1001,FALSE,From model_part_matrix | Display Connector shared across 3 models
5772,2002,1001,FALSE,From model_part_matrix | Display Connector shared across 3 models
5773,478,1002,FALSE,From model_part_matrix | Display Connector shared across 3 models
5774,879,1002,FALSE,From model_part_matrix | Display Connector shared across 3 models
5775,881,1002,FALSE,From model_part_matrix | Display Connector shared across 3 models
5776,479,1003,FALSE,From model_part_matrix | Display Connector shared across 4 models
5777,916,1003,FALSE,From model_part_matrix | Display Connector shared across 4 models
5778,917,1003,FALSE,From model_part_matrix | Display Connector shared across 4 models
5779,901,1003,FALSE,From model_part_matrix | Display Connector shared across 4 models
5780,138,1004,FALSE,From model_part_matrix | Display Connector shared across 4 models
5781,1985,1004,FALSE,From model_part_matrix | Display Connector shared across 4 models
5782,238,1004,FALSE,From model_part_matrix | Display Connector shared across 4 models
5783,227,1004,FALSE,From model_part_matrix | Display Connector shared across 4 models
5784,481,1005,FALSE,From model_part_matrix | Display Connector shared across 4 models
5785,2008,1005,FALSE,From model_part_matrix | Display Connector shared across 4 models
5786,900,1005,FALSE,From model_part_matrix | Display Connector shared across 4 models
5787,2015,1005,FALSE,From model_part_matrix | Display Connector shared across 4 models
5788,482,1006,FALSE,From model_part_matrix | Display Connector shared across 9 models
5789,903,1006,FALSE,From model_part_matrix | Display Connector shared across 9 models
5790,1975,1006,FALSE,From model_part_matrix | Display Connector shared across 9 models
5791,1958,1006,FALSE,From model_part_matrix | Display Connector shared across 9 models
5792,858,1006,FALSE,From model_part_matrix | Display Connector shared across 9 models
5793,485,1006,FALSE,From model_part_matrix | Display Connector shared across 9 models
5794,851,1006,FALSE,From model_part_matrix | Display Connector shared across 9 models
5795,904,1006,FALSE,From model_part_matrix | Display Connector shared across 9 models
5796,2011,1006,FALSE,From model_part_matrix | Display Connector shared across 9 models
5797,139,1007,FALSE,From model_part_matrix | Display Connector shared across 5 models
5798,2009,1007,FALSE,From model_part_matrix | Display Connector shared across 5 models
5799,20,1007,FALSE,From model_part_matrix | Display Connector shared across 5 models
5800,235,1007,FALSE,From model_part_matrix | Display Connector shared across 5 models
5801,906,1007,FALSE,From model_part_matrix | Display Connector shared across 5 models
5802,484,1008,FALSE,From model_part_matrix | Display Connector shared across 4 models
5803,2010,1008,FALSE,From model_part_matrix | Display Connector shared across 4 models
5804,2018,1008,FALSE,From model_part_matrix | Display Connector shared across 4 models
5805,2017,1008,FALSE,From model_part_matrix | Display Connector shared across 4 models
5806,1482,1009,FALSE,From model_part_matrix | Display Connector shared across 4 models
5807,7,1009,FALSE,From model_part_matrix | Display Connector shared across 4 models
5808,2007,1009,FALSE,From model_part_matrix | Display Connector shared across 4 models
5809,2016,1009,FALSE,From model_part_matrix | Display Connector shared across 4 models
5810,486,1010,FALSE,From model_part_matrix | Display Connector shared across 11 models
5811,222,1010,FALSE,From model_part_matrix | Display Connector shared across 11 models
5812,25,1010,FALSE,From model_part_matrix | Display Connector shared across 11 models
5813,863,1010,FALSE,From model_part_matrix | Display Connector shared across 11 models
5814,864,1010,FALSE,From model_part_matrix | Display Connector shared across 11 models
5815,868,1010,FALSE,From model_part_matrix | Display Connector shared across 11 models
5816,489,1010,FALSE,From model_part_matrix | Display Connector shared across 11 models
5817,1483,1010,FALSE,From model_part_matrix | Display Connector shared across 11 models
5818,2023,1010,FALSE,From model_part_matrix | Display Connector shared across 11 models
5819,2027,1010,FALSE,From model_part_matrix | Display Connector shared across 11 models
5820,1977,1010,FALSE,From model_part_matrix | Display Connector shared across 11 models
5821,1484,1011,FALSE,From model_part_matrix | Display Connector shared across 4 models
5822,2024,1011,FALSE,From model_part_matrix | Display Connector shared across 4 models
5823,2030,1011,FALSE,From model_part_matrix | Display Connector shared across 4 models
5824,2029,1011,FALSE,From model_part_matrix | Display Connector shared across 4 models
5825,140,1012,FALSE,From model_part_matrix | Display Connector shared across 4 models
5826,1960,1012,FALSE,From model_part_matrix | Display Connector shared across 4 models
5827,2031,1012,FALSE,From model_part_matrix | Display Connector shared across 4 models
5828,493,1012,FALSE,From model_part_matrix | Display Connector shared across 4 models
5829,1486,1013,FALSE,From model_part_matrix | Display Connector shared across 7 models
5830,8,1013,FALSE,From model_part_matrix | Display Connector shared across 7 models
5831,2006,1013,FALSE,From model_part_matrix | Display Connector shared across 7 models
5832,2012,1013,FALSE,From model_part_matrix | Display Connector shared across 7 models
5833,2013,1013,FALSE,From model_part_matrix | Display Connector shared across 7 models
5834,1963,1013,FALSE,From model_part_matrix | Display Connector shared across 7 models
5835,2014,1013,FALSE,From model_part_matrix | Display Connector shared across 7 models
5836,1487,1014,FALSE,From model_part_matrix | Display Connector shared across 4 models
5837,2019,1014,FALSE,From model_part_matrix | Display Connector shared across 4 models
5838,2020,1014,FALSE,From model_part_matrix | Display Connector shared across 4 models
5839,22,1014,FALSE,From model_part_matrix | Display Connector shared across 4 models
5840,142,1015,FALSE,From model_part_matrix | Display Connector shared across 3 models
5841,23,1015,FALSE,From model_part_matrix | Display Connector shared across 3 models
5842,2021,1015,FALSE,From model_part_matrix | Display Connector shared across 3 models
5843,1488,1016,FALSE,From model_part_matrix | Display Connector shared across 4 models
5844,2026,1016,FALSE,From model_part_matrix | Display Connector shared across 4 models
5845,2005,1016,FALSE,From model_part_matrix | Display Connector shared across 4 models
5846,1489,1016,FALSE,From model_part_matrix | Display Connector shared across 4 models
5847,496,1017,FALSE,From model_part_matrix | Display Connector shared across 3 models
5848,1503,1017,FALSE,From model_part_matrix | Display Connector shared across 3 models
5849,497,1017,FALSE,From model_part_matrix | Display Connector shared across 3 models
5850,1498,1018,FALSE,From model_part_matrix | Display Connector shared across 2 models
5851,604,1018,FALSE,From model_part_matrix | Display Connector shared across 2 models
5852,543,1019,FALSE,From model_part_matrix | Display Connector shared across 4 models
5853,546,1019,FALSE,From model_part_matrix | Display Connector shared across 4 models
5854,1519,1019,FALSE,From model_part_matrix | Display Connector shared across 4 models
5855,548,1019,FALSE,From model_part_matrix | Display Connector shared across 4 models
5856,549,1020,FALSE,From model_part_matrix | Display Connector shared across 2 models
5857,552,1020,FALSE,From model_part_matrix | Display Connector shared across 2 models
5858,554,1021,FALSE,From model_part_matrix | Display Connector shared across 5 models
5859,555,1021,FALSE,From model_part_matrix | Display Connector shared across 5 models
5860,557,1021,FALSE,From model_part_matrix | Display Connector shared across 5 models
5861,1520,1021,FALSE,From model_part_matrix | Display Connector shared across 5 models
5862,1504,1021,FALSE,From model_part_matrix | Display Connector shared across 5 models
5863,559,1022,FALSE,From model_part_matrix | Display Connector shared across 4 models
5864,596,1022,FALSE,From model_part_matrix | Display Connector shared across 4 models
5865,561,1022,FALSE,From model_part_matrix | Display Connector shared across 4 models
5866,601,1022,FALSE,From model_part_matrix | Display Connector shared across 4 models
5867,562,1023,FALSE,From model_part_matrix | Display Connector shared across 3 models
5868,563,1023,FALSE,From model_part_matrix | Display Connector shared across 3 models
5869,599,1023,FALSE,From model_part_matrix | Display Connector shared across 3 models
5870,2103,1024,FALSE,From model_part_matrix | Display Connector shared across 3 models
5871,2107,1024,FALSE,From model_part_matrix | Display Connector shared across 3 models
5872,2108,1024,FALSE,From model_part_matrix | Display Connector shared across 3 models
5873,2111,1025,FALSE,From model_part_matrix | Display Connector shared across 2 models
5874,2112,1025,FALSE,From model_part_matrix | Display Connector shared across 2 models
5875,1536,1026,FALSE,From model_part_matrix | Display Connector shared across 3 models
5876,624,1026,FALSE,From model_part_matrix | Display Connector shared across 3 models
5877,622,1026,FALSE,From model_part_matrix | Display Connector shared across 3 models
5878,149,1027,FALSE,From model_part_matrix | Display Connector shared across 4 models
5879,693,1027,FALSE,From model_part_matrix | Display Connector shared across 4 models
5880,1598,1027,FALSE,From model_part_matrix | Display Connector shared across 4 models
5881,1539,1027,FALSE,From model_part_matrix | Display Connector shared across 4 models
5882,630,1028,FALSE,From model_part_matrix | Display Connector shared across 4 models
5883,694,1028,FALSE,From model_part_matrix | Display Connector shared across 4 models
5884,1538,1028,FALSE,From model_part_matrix | Display Connector shared across 4 models
5885,1597,1028,FALSE,From model_part_matrix | Display Connector shared across 4 models
5886,150,1029,FALSE,From model_part_matrix | Display Connector shared across 13 models
5887,636,1029,FALSE,From model_part_matrix | Display Connector shared across 13 models
5888,701,1029,FALSE,From model_part_matrix | Display Connector shared across 13 models
5889,665,1029,FALSE,From model_part_matrix | Display Connector shared across 13 models
5890,696,1029,FALSE,From model_part_matrix | Display Connector shared across 13 models
5891,647,1029,FALSE,From model_part_matrix | Display Connector shared across 13 models
5892,1610,1029,FALSE,From model_part_matrix | Display Connector shared across 13 models
5893,1548,1029,FALSE,From model_part_matrix | Display Connector shared across 13 models
5894,1602,1029,FALSE,From model_part_matrix | Display Connector shared across 13 models
5895,1540,1029,FALSE,From model_part_matrix | Display Connector shared across 13 models
5896,1599,1029,FALSE,From model_part_matrix | Display Connector shared across 13 models
5897,1568,1029,FALSE,From model_part_matrix | Display Connector shared across 13 models
5898,1617,1029,FALSE,From model_part_matrix | Display Connector shared across 13 models
5899,151,1030,FALSE,From model_part_matrix | Display Connector shared across 8 models
5900,1543,1030,FALSE,From model_part_matrix | Display Connector shared across 8 models
5901,154,1030,FALSE,From model_part_matrix | Display Connector shared across 8 models
5902,697,1030,FALSE,From model_part_matrix | Display Connector shared across 8 models
5903,152,1030,FALSE,From model_part_matrix | Display Connector shared across 8 models
5904,2121,1030,FALSE,From model_part_matrix | Display Connector shared across 8 models
5905,1585,1030,FALSE,From model_part_matrix | Display Connector shared across 8 models
5906,663,1030,FALSE,From model_part_matrix | Display Connector shared across 8 models
5907,1541,1031,FALSE,From model_part_matrix | Display Connector shared across 6 models
5908,632,1031,FALSE,From model_part_matrix | Display Connector shared across 6 models
5909,162,1031,FALSE,From model_part_matrix | Display Connector shared across 6 models
5910,158,1031,FALSE,From model_part_matrix | Display Connector shared across 6 models
5911,1552,1031,FALSE,From model_part_matrix | Display Connector shared across 6 models
5912,1542,1031,FALSE,From model_part_matrix | Display Connector shared across 6 models
5913,1544,1032,FALSE,From model_part_matrix | Display Connector shared across 3 models
5914,1545,1032,FALSE,From model_part_matrix | Display Connector shared across 3 models
5915,1603,1032,FALSE,From model_part_matrix | Display Connector shared across 3 models
5916,1546,1033,FALSE,From model_part_matrix | Display Connector shared across 6 models
5917,1586,1033,FALSE,From model_part_matrix | Display Connector shared across 6 models
5918,1600,1033,FALSE,From model_part_matrix | Display Connector shared across 6 models
5919,1547,1033,FALSE,From model_part_matrix | Display Connector shared across 6 models
5920,1583,1033,FALSE,From model_part_matrix | Display Connector shared across 6 models
5921,1601,1033,FALSE,From model_part_matrix | Display Connector shared across 6 models
5922,634,1034,FALSE,From model_part_matrix | Display Connector shared across 2 models
5923,699,1034,FALSE,From model_part_matrix | Display Connector shared across 2 models
5924,156,1035,FALSE,From model_part_matrix | Display Connector shared across 2 models
5925,700,1035,FALSE,From model_part_matrix | Display Connector shared across 2 models
5926,157,1036,FALSE,From model_part_matrix | Display Connector shared across 7 models
5927,1549,1036,FALSE,From model_part_matrix | Display Connector shared across 7 models
5928,1550,1036,FALSE,From model_part_matrix | Display Connector shared across 7 models
5929,666,1036,FALSE,From model_part_matrix | Display Connector shared across 7 models
5930,702,1036,FALSE,From model_part_matrix | Display Connector shared across 7 models
5931,1551,1036,FALSE,From model_part_matrix | Display Connector shared across 7 models
5932,1553,1036,FALSE,From model_part_matrix | Display Connector shared across 7 models
5933,1554,1037,FALSE,From model_part_matrix | Display Connector shared across 5 models
5934,637,1037,FALSE,From model_part_matrix | Display Connector shared across 5 models
5935,1556,1037,FALSE,From model_part_matrix | Display Connector shared across 5 models
5936,1557,1037,FALSE,From model_part_matrix | Display Connector shared across 5 models
5937,1555,1037,FALSE,From model_part_matrix | Display Connector shared across 5 models
5938,14,1038,FALSE,From model_part_matrix | Display Connector shared across 4 models
5939,1559,1038,FALSE,From model_part_matrix | Display Connector shared across 4 models
5940,1588,1038,FALSE,From model_part_matrix | Display Connector shared across 4 models
5941,1606,1038,FALSE,From model_part_matrix | Display Connector shared across 4 models
5942,1558,1039,FALSE,From model_part_matrix | Display Connector shared across 3 models
5943,1589,1039,FALSE,From model_part_matrix | Display Connector shared across 3 models
5944,1607,1039,FALSE,From model_part_matrix | Display Connector shared across 3 models
5945,1560,1040,FALSE,From model_part_matrix | Display Connector shared across 4 models
5946,1561,1040,FALSE,From model_part_matrix | Display Connector shared across 4 models
5947,1567,1040,FALSE,From model_part_matrix | Display Connector shared across 4 models
5948,1562,1040,FALSE,From model_part_matrix | Display Connector shared across 4 models
5949,159,1041,FALSE,From model_part_matrix | Display Connector shared across 2 models
5950,161,1041,FALSE,From model_part_matrix | Display Connector shared across 2 models
5951,639,1042,FALSE,From model_part_matrix | Display Connector shared across 3 models
5952,668,1042,FALSE,From model_part_matrix | Display Connector shared across 3 models
5953,704,1042,FALSE,From model_part_matrix | Display Connector shared across 3 models
5954,1563,1043,FALSE,From model_part_matrix | Display Connector shared across 3 models
5955,1593,1043,FALSE,From model_part_matrix | Display Connector shared across 3 models
5956,1564,1043,FALSE,From model_part_matrix | Display Connector shared across 3 models
5957,1565,1044,FALSE,From model_part_matrix | Display Connector shared across 4 models
5958,640,1044,FALSE,From model_part_matrix | Display Connector shared across 4 models
5959,670,1044,FALSE,From model_part_matrix | Display Connector shared across 4 models
5960,1618,1044,FALSE,From model_part_matrix | Display Connector shared across 4 models
5961,641,1045,FALSE,From model_part_matrix | Display Connector shared across 4 models
5962,1566,1045,FALSE,From model_part_matrix | Display Connector shared across 4 models
5963,1590,1045,FALSE,From model_part_matrix | Display Connector shared across 4 models
5964,16,1045,FALSE,From model_part_matrix | Display Connector shared across 4 models
5965,642,1046,FALSE,From model_part_matrix | Display Connector shared across 2 models
5966,711,1046,FALSE,From model_part_matrix | Display Connector shared across 2 models
5967,163,1047,FALSE,From model_part_matrix | Display Connector shared across 4 models
5968,1,1047,FALSE,From model_part_matrix | Display Connector shared across 4 models
5969,164,1047,FALSE,From model_part_matrix | Display Connector shared across 4 models
5970,2,1047,FALSE,From model_part_matrix | Display Connector shared across 4 models
5971,646,1048,FALSE,From model_part_matrix | Display Connector shared across 2 models
5972,708,1048,FALSE,From model_part_matrix | Display Connector shared across 2 models
5973,1569,1049,FALSE,From model_part_matrix | Display Connector shared across 3 models
5974,1574,1049,FALSE,From model_part_matrix | Display Connector shared across 3 models
5975,1619,1049,FALSE,From model_part_matrix | Display Connector shared across 3 models
5976,2119,1050,FALSE,From model_part_matrix | Display Connector shared across 3 models
5977,2120,1050,FALSE,From model_part_matrix | Display Connector shared across 3 models
5978,2122,1050,FALSE,From model_part_matrix | Display Connector shared across 3 models
5979,3,1051,FALSE,From model_part_matrix | Display Connector shared across 3 models
5980,1570,1051,FALSE,From model_part_matrix | Display Connector shared across 3 models
5981,707,1051,FALSE,From model_part_matrix | Display Connector shared across 3 models
5982,1571,1052,FALSE,From model_part_matrix | Display Connector shared across 3 models
5983,648,1052,FALSE,From model_part_matrix | Display Connector shared across 3 models
5984,1572,1052,FALSE,From model_part_matrix | Display Connector shared across 3 models
5985,1573,1053,FALSE,From model_part_matrix | Display Connector shared across 2 models
5986,12,1053,FALSE,From model_part_matrix | Display Connector shared across 2 models
5987,1575,1054,FALSE,From model_part_matrix | Display Connector shared across 2 models
5988,1620,1054,FALSE,From model_part_matrix | Display Connector shared across 2 models
5989,1576,1055,FALSE,From model_part_matrix | Display Connector shared across 4 models
5990,1579,1055,FALSE,From model_part_matrix | Display Connector shared across 4 models
5991,1578,1055,FALSE,From model_part_matrix | Display Connector shared across 4 models
5992,1577,1055,FALSE,From model_part_matrix | Display Connector shared across 4 models
5993,1580,1056,FALSE,From model_part_matrix | Display Connector shared across 5 models
5994,1596,1056,FALSE,From model_part_matrix | Display Connector shared across 5 models
5995,1630,1056,FALSE,From model_part_matrix | Display Connector shared across 5 models
5996,1581,1056,FALSE,From model_part_matrix | Display Connector shared across 5 models
5997,1621,1056,FALSE,From model_part_matrix | Display Connector shared across 5 models
5998,1582,1057,FALSE,From model_part_matrix | Display Connector shared across 4 models
5999,1628,1057,FALSE,From model_part_matrix | Display Connector shared across 4 models
6000,1595,1057,FALSE,From model_part_matrix | Display Connector shared across 4 models
6001,1629,1057,FALSE,From model_part_matrix | Display Connector shared across 4 models
6002,1584,1058,FALSE,From model_part_matrix | Display Connector shared across 4 models
6003,1604,1058,FALSE,From model_part_matrix | Display Connector shared across 4 models
6004,1587,1058,FALSE,From model_part_matrix | Display Connector shared across 4 models
6005,1605,1058,FALSE,From model_part_matrix | Display Connector shared across 4 models
6006,1591,1059,FALSE,From model_part_matrix | Display Connector shared across 10 models
6007,1608,1059,FALSE,From model_part_matrix | Display Connector shared across 10 models
6008,1609,1059,FALSE,From model_part_matrix | Display Connector shared across 10 models
6009,1611,1059,FALSE,From model_part_matrix | Display Connector shared across 10 models
6010,1614,1059,FALSE,From model_part_matrix | Display Connector shared across 10 models
6011,1615,1059,FALSE,From model_part_matrix | Display Connector shared across 10 models
6012,1612,1059,FALSE,From model_part_matrix | Display Connector shared across 10 models
6013,1616,1059,FALSE,From model_part_matrix | Display Connector shared across 10 models
6014,1613,1059,FALSE,From model_part_matrix | Display Connector shared across 10 models
6015,1592,1059,FALSE,From model_part_matrix | Display Connector shared across 10 models
6016,1594,1060,FALSE,From model_part_matrix | Display Connector shared across 7 models
6017,1623,1060,FALSE,From model_part_matrix | Display Connector shared across 7 models
6018,1625,1060,FALSE,From model_part_matrix | Display Connector shared across 7 models
6019,1627,1060,FALSE,From model_part_matrix | Display Connector shared across 7 models
6020,1622,1060,FALSE,From model_part_matrix | Display Connector shared across 7 models
6021,1626,1060,FALSE,From model_part_matrix | Display Connector shared across 7 models
6022,1624,1060,FALSE,From model_part_matrix | Display Connector shared across 7 models
6023,675,1061,FALSE,From model_part_matrix | Display Connector shared across 2 models
6024,679,1061,FALSE,From model_part_matrix | Display Connector shared across 2 models
6025,1631,1062,FALSE,From model_part_matrix | Display Connector shared across 2 models
6026,1632,1062,FALSE,From model_part_matrix | Display Connector shared across 2 models
6027,1635,1063,FALSE,From model_part_matrix | Display Connector shared across 11 models
6028,1736,1063,FALSE,From model_part_matrix | Display Connector shared across 11 models
6029,1787,1063,FALSE,From model_part_matrix | Display Connector shared across 11 models
6030,1639,1063,FALSE,From model_part_matrix | Display Connector shared across 11 models
6031,1737,1063,FALSE,From model_part_matrix | Display Connector shared across 11 models
6032,1741,1063,FALSE,From model_part_matrix | Display Connector shared across 11 models
6033,1788,1063,FALSE,From model_part_matrix | Display Connector shared across 11 models
6034,1636,1063,FALSE,From model_part_matrix | Display Connector shared across 11 models
6035,1637,1063,FALSE,From model_part_matrix | Display Connector shared across 11 models
6036,1638,1063,FALSE,From model_part_matrix | Display Connector shared across 11 models
6037,744,1063,FALSE,From model_part_matrix | Display Connector shared across 11 models
6038,167,1064,FALSE,From model_part_matrix | Display Connector shared across 5 models
6039,1679,1064,FALSE,From model_part_matrix | Display Connector shared across 5 models
6040,1680,1064,FALSE,From model_part_matrix | Display Connector shared across 5 models
6041,1735,1064,FALSE,From model_part_matrix | Display Connector shared across 5 models
6042,177,1064,FALSE,From model_part_matrix | Display Connector shared across 5 models
6043,721,1065,FALSE,From model_part_matrix | Display Connector shared across 2 models
6044,1686,1065,FALSE,From model_part_matrix | Display Connector shared across 2 models
6045,1658,1066,FALSE,From model_part_matrix | Display Connector shared across 9 models
6046,1660,1066,FALSE,From model_part_matrix | Display Connector shared across 9 models
6047,1689,1066,FALSE,From model_part_matrix | Display Connector shared across 9 models
6048,1690,1066,FALSE,From model_part_matrix | Display Connector shared across 9 models
6049,168,1066,FALSE,From model_part_matrix | Display Connector shared across 9 models
6050,1691,1066,FALSE,From model_part_matrix | Display Connector shared across 9 models
6051,1692,1066,FALSE,From model_part_matrix | Display Connector shared across 9 models
6052,1687,1066,FALSE,From model_part_matrix | Display Connector shared across 9 models
6053,1688,1066,FALSE,From model_part_matrix | Display Connector shared across 9 models
6054,1665,1067,FALSE,From model_part_matrix | Display Connector shared across 8 models
6055,1706,1067,FALSE,From model_part_matrix | Display Connector shared across 8 models
6056,1707,1067,FALSE,From model_part_matrix | Display Connector shared across 8 models
6057,1708,1067,FALSE,From model_part_matrix | Display Connector shared across 8 models
6058,1677,1067,FALSE,From model_part_matrix | Display Connector shared across 8 models
6059,1678,1067,FALSE,From model_part_matrix | Display Connector shared across 8 models
6060,1666,1067,FALSE,From model_part_matrix | Display Connector shared across 8 models
6061,1667,1067,FALSE,From model_part_matrix | Display Connector shared across 8 models
6062,1710,1068,FALSE,From model_part_matrix | Display Connector shared across 4 models
6063,1712,1068,FALSE,From model_part_matrix | Display Connector shared across 4 models
6064,1713,1068,FALSE,From model_part_matrix | Display Connector shared across 4 models
6065,1810,1068,FALSE,From model_part_matrix | Display Connector shared across 4 models
6066,1714,1069,FALSE,From model_part_matrix | Display Connector shared across 4 models
6067,1718,1069,FALSE,From model_part_matrix | Display Connector shared across 4 models
6068,178,1069,FALSE,From model_part_matrix | Display Connector shared across 4 models
6069,1815,1069,FALSE,From model_part_matrix | Display Connector shared across 4 models
6070,1720,1070,FALSE,From model_part_matrix | Display Connector shared across 12 models
6071,736,1070,FALSE,From model_part_matrix | Display Connector shared across 12 models
6072,1721,1070,FALSE,From model_part_matrix | Display Connector shared across 12 models
6073,739,1070,FALSE,From model_part_matrix | Display Connector shared across 12 models
6074,1729,1070,FALSE,From model_part_matrix | Display Connector shared across 12 models
6075,1730,1070,FALSE,From model_part_matrix | Display Connector shared across 12 models
6076,727,1070,FALSE,From model_part_matrix | Display Connector shared across 12 models
6077,722,1070,FALSE,From model_part_matrix | Display Connector shared across 12 models
6078,1725,1070,FALSE,From model_part_matrix | Display Connector shared across 12 models
6079,728,1070,FALSE,From model_part_matrix | Display Connector shared across 12 models
6080,1769,1070,FALSE,From model_part_matrix | Display Connector shared across 12 models
6081,747,1070,FALSE,From model_part_matrix | Display Connector shared across 12 models
6082,1726,1071,FALSE,From model_part_matrix | Display Connector shared across 6 models
6083,1728,1071,FALSE,From model_part_matrix | Display Connector shared across 6 models
6084,1727,1071,FALSE,From model_part_matrix | Display Connector shared across 6 models
6085,740,1071,FALSE,From model_part_matrix | Display Connector shared across 6 models
6086,743,1071,FALSE,From model_part_matrix | Display Connector shared across 6 models
6087,1829,1071,FALSE,From model_part_matrix | Display Connector shared across 6 models
6088,1830,1072,FALSE,From model_part_matrix | Display Connector shared across 7 models
6089,751,1072,FALSE,From model_part_matrix | Display Connector shared across 7 models
6090,1838,1072,FALSE,From model_part_matrix | Display Connector shared across 7 models
6091,830,1072,FALSE,From model_part_matrix | Display Connector shared across 7 models
6092,828,1072,FALSE,From model_part_matrix | Display Connector shared across 7 models
6093,1933,1072,FALSE,From model_part_matrix | Display Connector shared across 7 models
6094,1877,1072,FALSE,From model_part_matrix | Display Connector shared across 7 models
6095,181,1073,FALSE,From model_part_matrix | Display Connector shared across 4 models
6096,182,1073,FALSE,From model_part_matrix | Display Connector shared across 4 models
6097,844,1073,FALSE,From model_part_matrix | Display Connector shared across 4 models
6098,834,1073,FALSE,From model_part_matrix | Display Connector shared across 4 models
6099,1831,1074,FALSE,From model_part_matrix | Display Connector shared across 5 models
6100,1861,1074,FALSE,From model_part_matrix | Display Connector shared across 5 models
6101,1840,1074,FALSE,From model_part_matrix | Display Connector shared across 5 models
6102,1832,1074,FALSE,From model_part_matrix | Display Connector shared across 5 models
6103,1833,1074,FALSE,From model_part_matrix | Display Connector shared across 5 models
6104,1835,1075,FALSE,From model_part_matrix | Display Connector shared across 6 models
6105,1842,1075,FALSE,From model_part_matrix | Display Connector shared across 6 models
6106,1863,1075,FALSE,From model_part_matrix | Display Connector shared across 6 models
6107,1862,1075,FALSE,From model_part_matrix | Display Connector shared across 6 models
6108,1859,1075,FALSE,From model_part_matrix | Display Connector shared across 6 models
6109,1841,1075,FALSE,From model_part_matrix | Display Connector shared across 6 models
6110,1031,1076,FALSE,From model_part_matrix | Display Connector shared across 6 models
6111,1047,1076,FALSE,From model_part_matrix | Display Connector shared across 6 models
6112,1048,1076,FALSE,From model_part_matrix | Display Connector shared across 6 models
6113,1032,1076,FALSE,From model_part_matrix | Display Connector shared across 6 models
6114,1050,1076,FALSE,From model_part_matrix | Display Connector shared across 6 models
6115,1052,1076,FALSE,From model_part_matrix | Display Connector shared across 6 models
6116,1837,1077,FALSE,From model_part_matrix | Display Connector shared across 3 models
6117,1856,1077,FALSE,From model_part_matrix | Display Connector shared across 3 models
6118,1839,1077,FALSE,From model_part_matrix | Display Connector shared across 3 models
6119,1846,1078,FALSE,From model_part_matrix | Display Connector shared across 4 models
6120,1896,1078,FALSE,From model_part_matrix | Display Connector shared across 4 models
6121,1869,1078,FALSE,From model_part_matrix | Display Connector shared across 4 models
6122,1051,1078,FALSE,From model_part_matrix | Display Connector shared across 4 models
6123,2132,1079,FALSE,From model_part_matrix | Display Connector shared across 8 models
6124,836,1079,FALSE,From model_part_matrix | Display Connector shared across 8 models
6125,838,1079,FALSE,From model_part_matrix | Display Connector shared across 8 models
6126,835,1079,FALSE,From model_part_matrix | Display Connector shared across 8 models
6127,837,1079,FALSE,From model_part_matrix | Display Connector shared across 8 models
6128,839,1079,FALSE,From model_part_matrix | Display Connector shared across 8 models
6129,841,1079,FALSE,From model_part_matrix | Display Connector shared across 8 models
6130,793,1079,FALSE,From model_part_matrix | Display Connector shared across 8 models
6131,761,1080,FALSE,From model_part_matrix | Display Connector shared across 6 models
6132,196,1080,FALSE,From model_part_matrix | Display Connector shared across 6 models
6133,197,1080,FALSE,From model_part_matrix | Display Connector shared across 6 models
6134,199,1080,FALSE,From model_part_matrix | Display Connector shared across 6 models
6135,200,1080,FALSE,From model_part_matrix | Display Connector shared across 6 models
6136,206,1080,FALSE,From model_part_matrix | Display Connector shared across 6 models
6137,183,1081,FALSE,From model_part_matrix | Display Connector shared across 5 models
6138,763,1081,FALSE,From model_part_matrix | Display Connector shared across 5 models
6139,846,1081,FALSE,From model_part_matrix | Display Connector shared across 5 models
6140,842,1081,FALSE,From model_part_matrix | Display Connector shared across 5 models
6141,845,1081,FALSE,From model_part_matrix | Display Connector shared across 5 models
6142,762,1082,FALSE,From model_part_matrix | Display Connector shared across 2 models
6143,773,1082,FALSE,From model_part_matrix | Display Connector shared across 2 models
6144,1852,1083,FALSE,From model_part_matrix | Display Connector shared across 2 models
6145,193,1083,FALSE,From model_part_matrix | Display Connector shared across 2 models
6146,1853,1084,FALSE,From model_part_matrix | Display Connector shared across 2 models
6147,1854,1084,FALSE,From model_part_matrix | Display Connector shared across 2 models
6148,2133,1085,FALSE,From model_part_matrix | Display Connector shared across 8 models
6149,2135,1085,FALSE,From model_part_matrix | Display Connector shared across 8 models
6150,2153,1085,FALSE,From model_part_matrix | Display Connector shared across 8 models
6151,2134,1085,FALSE,From model_part_matrix | Display Connector shared across 8 models
6152,2152,1085,FALSE,From model_part_matrix | Display Connector shared across 8 models
6153,2136,1085,FALSE,From model_part_matrix | Display Connector shared across 8 models
6154,2150,1085,FALSE,From model_part_matrix | Display Connector shared across 8 models
6155,1930,1085,FALSE,From model_part_matrix | Display Connector shared across 8 models
6156,1857,1086,FALSE,From model_part_matrix | Display Connector shared across 3 models
6157,1878,1086,FALSE,From model_part_matrix | Display Connector shared across 3 models
6158,1879,1086,FALSE,From model_part_matrix | Display Connector shared across 3 models
6159,769,1087,FALSE,From model_part_matrix | Display Connector shared across 3 models
6160,1866,1087,FALSE,From model_part_matrix | Display Connector shared across 3 models
6161,831,1087,FALSE,From model_part_matrix | Display Connector shared across 3 models
6162,189,1088,FALSE,From model_part_matrix | Display Connector shared across 2 models
6163,1937,1088,FALSE,From model_part_matrix | Display Connector shared across 2 models
6164,771,1089,FALSE,From model_part_matrix | Display Connector shared across 3 models
6165,832,1089,FALSE,From model_part_matrix | Display Connector shared across 3 models
6166,1953,1089,FALSE,From model_part_matrix | Display Connector shared across 3 models
6167,1872,1090,FALSE,From model_part_matrix | Display Connector shared across 5 models
6168,1874,1090,FALSE,From model_part_matrix | Display Connector shared across 5 models
6169,1873,1090,FALSE,From model_part_matrix | Display Connector shared across 5 models
6170,1957,1090,FALSE,From model_part_matrix | Display Connector shared across 5 models
6171,2154,1090,FALSE,From model_part_matrix | Display Connector shared across 5 models
6172,1875,1091,FALSE,From model_part_matrix | Display Connector shared across 2 models
6173,1876,1091,FALSE,From model_part_matrix | Display Connector shared across 2 models
6174,775,1092,FALSE,From model_part_matrix | Display Connector shared across 4 models
6175,1881,1092,FALSE,From model_part_matrix | Display Connector shared across 4 models
6176,1880,1092,FALSE,From model_part_matrix | Display Connector shared across 4 models
6177,776,1092,FALSE,From model_part_matrix | Display Connector shared across 4 models
6178,779,1093,FALSE,From model_part_matrix | Display Connector shared across 4 models
6179,790,1093,FALSE,From model_part_matrix | Display Connector shared across 4 models
6180,789,1093,FALSE,From model_part_matrix | Display Connector shared across 4 models
6181,1909,1093,FALSE,From model_part_matrix | Display Connector shared across 4 models
6182,2137,1094,FALSE,From model_part_matrix | Display Connector shared across 4 models
6183,2138,1094,FALSE,From model_part_matrix | Display Connector shared across 4 models
6184,2140,1094,FALSE,From model_part_matrix | Display Connector shared across 4 models
6185,2139,1094,FALSE,From model_part_matrix | Display Connector shared across 4 models
6186,791,1095,FALSE,From model_part_matrix | Display Connector shared across 3 models
6187,1906,1095,FALSE,From model_part_matrix | Display Connector shared across 3 models
6188,1927,1095,FALSE,From model_part_matrix | Display Connector shared across 3 models
6189,1904,1096,FALSE,From model_part_matrix | Display Connector shared across 6 models
6190,1905,1096,FALSE,From model_part_matrix | Display Connector shared across 6 models
6191,205,1096,FALSE,From model_part_matrix | Display Connector shared across 6 models
6192,1921,1096,FALSE,From model_part_matrix | Display Connector shared across 6 models
6193,1923,1096,FALSE,From model_part_matrix | Display Connector shared across 6 models
6194,2147,1096,FALSE,From model_part_matrix | Display Connector shared across 6 models
6195,1910,1097,FALSE,From model_part_matrix | Display Connector shared across 5 models
6196,814,1097,FALSE,From model_part_matrix | Display Connector shared across 5 models
6197,1915,1097,FALSE,From model_part_matrix | Display Connector shared across 5 models
6198,1928,1097,FALSE,From model_part_matrix | Display Connector shared across 5 models
6199,826,1097,FALSE,From model_part_matrix | Display Connector shared across 5 models
6200,2145,1098,FALSE,From model_part_matrix | Display Connector shared across 4 models
6201,2149,1098,FALSE,From model_part_matrix | Display Connector shared across 4 models
6202,2146,1098,FALSE,From model_part_matrix | Display Connector shared across 4 models
6203,2148,1098,FALSE,From model_part_matrix | Display Connector shared across 4 models
6204,208,1099,FALSE,From model_part_matrix | Display Connector shared across 2 models
6205,1920,1099,FALSE,From model_part_matrix | Display Connector shared across 2 models
6206,1929,1100,FALSE,From model_part_matrix | Display Connector shared across 3 models
6207,1931,1100,FALSE,From model_part_matrix | Display Connector shared across 3 models
6208,1940,1100,FALSE,From model_part_matrix | Display Connector shared across 3 models
6209,827,1101,FALSE,From model_part_matrix | Display Connector shared across 2 models
6210,1939,1101,FALSE,From model_part_matrix | Display Connector shared across 2 models
6211,211,1102,FALSE,From model_part_matrix | Display Connector shared across 5 models
6212,1954,1102,FALSE,From model_part_matrix | Display Connector shared across 5 models
6213,212,1102,FALSE,From model_part_matrix | Display Connector shared across 5 models
6214,1956,1102,FALSE,From model_part_matrix | Display Connector shared across 5 models
6215,1955,1102,FALSE,From model_part_matrix | Display Connector shared across 5 models
6216,843,1103,FALSE,From model_part_matrix | Display Connector shared across 2 models
6217,847,1103,FALSE,From model_part_matrix | Display Connector shared across 2 models
6218,1961,1104,FALSE,From model_part_matrix | Display Connector shared across 3 models
6219,899,1104,FALSE,From model_part_matrix | Display Connector shared across 3 models
6220,1962,1104,FALSE,From model_part_matrix | Display Connector shared across 3 models
6221,1965,1105,FALSE,From model_part_matrix | Display Connector shared across 4 models
6222,1992,1105,FALSE,From model_part_matrix | Display Connector shared across 4 models
6223,1993,1105,FALSE,From model_part_matrix | Display Connector shared across 4 models
6224,1966,1105,FALSE,From model_part_matrix | Display Connector shared across 4 models
6225,1968,1106,FALSE,From model_part_matrix | Display Connector shared across 2 models
6226,1969,1106,FALSE,From model_part_matrix | Display Connector shared across 2 models
6227,1970,1107,FALSE,From model_part_matrix | Display Connector shared across 4 models
6228,1972,1107,FALSE,From model_part_matrix | Display Connector shared across 4 models
6229,1971,1107,FALSE,From model_part_matrix | Display Connector shared across 4 models
6230,1973,1107,FALSE,From model_part_matrix | Display Connector shared across 4 models
6231,859,1108,FALSE,From model_part_matrix | Display Connector shared across 2 models
6232,860,1108,FALSE,From model_part_matrix | Display Connector shared across 2 models
6233,1978,1109,FALSE,From model_part_matrix | Display Connector shared across 3 models
6234,1979,1109,FALSE,From model_part_matrix | Display Connector shared across 3 models
6235,2003,1109,FALSE,From model_part_matrix | Display Connector shared across 3 models
6236,873,1110,FALSE,From model_part_matrix | Display Connector shared across 2 models
6237,895,1110,FALSE,From model_part_matrix | Display Connector shared across 2 models
6238,874,1111,FALSE,From model_part_matrix | Display Connector shared across 2 models
6239,876,1111,FALSE,From model_part_matrix | Display Connector shared across 2 models
6240,875,1112,FALSE,From model_part_matrix | Display Connector shared across 2 models
6241,886,1112,FALSE,From model_part_matrix | Display Connector shared across 2 models
6242,1981,1113,FALSE,From model_part_matrix | Display Connector shared across 2 models
6243,2032,1113,FALSE,From model_part_matrix | Display Connector shared across 2 models
6244,1982,1114,FALSE,From model_part_matrix | Display Connector shared across 3 models
6245,1983,1114,FALSE,From model_part_matrix | Display Connector shared across 3 models
6246,1984,1114,FALSE,From model_part_matrix | Display Connector shared across 3 models
6247,1999,1115,FALSE,From model_part_matrix | Display Connector shared across 3 models
6248,2000,1115,FALSE,From model_part_matrix | Display Connector shared across 3 models
6249,2004,1115,FALSE,From model_part_matrix | Display Connector shared across 3 models
6250,24,1116,FALSE,From model_part_matrix | Display Connector shared across 2 models
6251,2028,1116,FALSE,From model_part_matrix | Display Connector shared across 2 models
6252,910,1117,FALSE,From model_part_matrix | Display Connector shared across 3 models
6253,911,1117,FALSE,From model_part_matrix | Display Connector shared across 3 models
6254,912,1117,FALSE,From model_part_matrix | Display Connector shared across 3 models
6255,920,1118,FALSE,From model_part_matrix | Display Connector shared across 2 models
6256,921,1118,FALSE,From model_part_matrix | Display Connector shared across 2 models
6257,1255,1119,FALSE,From model_part_matrix | Pouch shared across 8 models
6258,202,1119,FALSE,From model_part_matrix | Pouch shared across 8 models
6259,203,1119,FALSE,From model_part_matrix | Pouch shared across 8 models
6260,2192,1119,FALSE,From model_part_matrix | Pouch shared across 8 models
6261,198,1119,FALSE,From model_part_matrix | Pouch shared across 8 models
6262,796,1119,FALSE,From model_part_matrix | Pouch shared across 8 models
6263,1884,1119,FALSE,From model_part_matrix | Pouch shared across 8 models
6264,794,1119,FALSE,From model_part_matrix | Pouch shared across 8 models
6265,934,1120,FALSE,From model_part_matrix | Pouch shared across 2 models
6266,2184,1120,FALSE,From model_part_matrix | Pouch shared across 2 models
6267,287,1121,FALSE,From model_part_matrix | Pouch shared across 3 models
6268,790,1121,FALSE,From model_part_matrix | Pouch shared across 3 models
6269,759,1121,FALSE,From model_part_matrix | Pouch shared across 3 models
6270,935,1122,FALSE,From model_part_matrix | Pouch shared across 4 models
6271,1041,1122,FALSE,From model_part_matrix | Pouch shared across 4 models
6272,1054,1122,FALSE,From model_part_matrix | Pouch shared across 4 models
6273,1056,1122,FALSE,From model_part_matrix | Pouch shared across 4 models
6274,288,1123,FALSE,From model_part_matrix | Pouch shared across 3 models
6275,760,1123,FALSE,From model_part_matrix | Pouch shared across 3 models
6276,2142,1123,FALSE,From model_part_matrix | Pouch shared across 3 models
6277,2157,1124,FALSE,From model_part_matrix | Pouch shared across 2 models
6278,1941,1124,FALSE,From model_part_matrix | Pouch shared across 2 models
6279,1263,1125,FALSE,From model_part_matrix | Pouch shared across 3 models
6280,754,1125,FALSE,From model_part_matrix | Pouch shared across 3 models
6281,1946,1125,FALSE,From model_part_matrix | Pouch shared across 3 models
6282,2158,1126,FALSE,From model_part_matrix | Pouch shared across 2 models
6283,1949,1126,FALSE,From model_part_matrix | Pouch shared across 2 models
6284,1265,1127,FALSE,From model_part_matrix | Pouch shared across 2 models
6285,1035,1127,FALSE,From model_part_matrix | Pouch shared across 2 models
6286,938,1128,FALSE,From model_part_matrix | Pouch shared across 2 models
6287,1053,1128,FALSE,From model_part_matrix | Pouch shared across 2 models
6288,2159,1129,FALSE,From model_part_matrix | Pouch shared across 2 models
6289,573,1129,FALSE,From model_part_matrix | Pouch shared across 2 models
6290,39,1130,FALSE,From model_part_matrix | Pouch shared across 2 models
6291,461,1130,FALSE,From model_part_matrix | Pouch shared across 2 models
6292,2160,1131,FALSE,From model_part_matrix | Pouch shared across 2 models
6293,536,1131,FALSE,From model_part_matrix | Pouch shared across 2 models
6294,2161,1132,FALSE,From model_part_matrix | Pouch shared across 3 models
6295,2164,1132,FALSE,From model_part_matrix | Pouch shared across 3 models
6296,2070,1132,FALSE,From model_part_matrix | Pouch shared across 3 models
6297,322,1133,FALSE,From model_part_matrix | Pouch shared across 7 models
6298,118,1133,FALSE,From model_part_matrix | Pouch shared across 7 models
6299,324,1133,FALSE,From model_part_matrix | Pouch shared across 7 models
6300,373,1133,FALSE,From model_part_matrix | Pouch shared across 7 models
6301,125,1133,FALSE,From model_part_matrix | Pouch shared across 7 models
6302,419,1133,FALSE,From model_part_matrix | Pouch shared across 7 models
6303,510,1133,FALSE,From model_part_matrix | Pouch shared across 7 models
6304,327,1134,FALSE,From model_part_matrix | Pouch shared across 2 models
6305,328,1134,FALSE,From model_part_matrix | Pouch shared across 2 models
6306,329,1135,FALSE,From model_part_matrix | Pouch shared across 3 models
6307,2162,1135,FALSE,From model_part_matrix | Pouch shared across 3 models
6308,1420,1135,FALSE,From model_part_matrix | Pouch shared across 3 models
6309,330,1136,FALSE,From model_part_matrix | Pouch shared across 2 models
6310,331,1136,FALSE,From model_part_matrix | Pouch shared across 2 models
6311,34,1137,FALSE,From model_part_matrix | Pouch shared across 2 models
6312,332,1137,FALSE,From model_part_matrix | Pouch shared across 2 models
6313,334,1138,FALSE,From model_part_matrix | Pouch shared across 2 models
6314,347,1138,FALSE,From model_part_matrix | Pouch shared across 2 models
6315,335,1139,FALSE,From model_part_matrix | Pouch shared across 2 models
6316,144,1139,FALSE,From model_part_matrix | Pouch shared across 2 models
6317,341,1140,FALSE,From model_part_matrix | Pouch shared across 2 models
6318,1454,1140,FALSE,From model_part_matrix | Pouch shared across 2 models
6319,1415,1141,FALSE,From model_part_matrix | Pouch shared across 2 models
6320,2163,1141,FALSE,From model_part_matrix | Pouch shared across 2 models
6321,343,1142,FALSE,From model_part_matrix | Pouch shared across 2 models
6322,1419,1142,FALSE,From model_part_matrix | Pouch shared across 2 models
6323,348,1143,FALSE,From model_part_matrix | Pouch shared across 2 models
6324,541,1143,FALSE,From model_part_matrix | Pouch shared across 2 models
6325,352,1144,FALSE,From model_part_matrix | Pouch shared across 2 models
6326,509,1144,FALSE,From model_part_matrix | Pouch shared across 2 models
6327,353,1145,FALSE,From model_part_matrix | Pouch shared across 2 models
6328,385,1145,FALSE,From model_part_matrix | Pouch shared across 2 models
6329,357,1146,FALSE,From model_part_matrix | Pouch shared across 3 models
6330,374,1146,FALSE,From model_part_matrix | Pouch shared across 3 models
6331,387,1146,FALSE,From model_part_matrix | Pouch shared across 3 models
6332,115,1147,FALSE,From model_part_matrix | Pouch shared across 2 models
6333,121,1147,FALSE,From model_part_matrix | Pouch shared across 2 models
6334,9,1148,FALSE,From model_part_matrix | Pouch shared across 3 models
6335,424,1148,FALSE,From model_part_matrix | Pouch shared across 3 models
6336,380,1148,FALSE,From model_part_matrix | Pouch shared across 3 models
6337,378,1149,FALSE,From model_part_matrix | Pouch shared across 5 models
6338,405,1149,FALSE,From model_part_matrix | Pouch shared across 5 models
6339,409,1149,FALSE,From model_part_matrix | Pouch shared across 5 models
6340,393,1149,FALSE,From model_part_matrix | Pouch shared across 5 models
6341,458,1149,FALSE,From model_part_matrix | Pouch shared across 5 models
6342,379,1150,FALSE,From model_part_matrix | Pouch shared across 2 models
6343,2171,1150,FALSE,From model_part_matrix | Pouch shared across 2 models
6344,1440,1151,FALSE,From model_part_matrix | Pouch shared across 2 models
6345,401,1151,FALSE,From model_part_matrix | Pouch shared across 2 models
6346,386,1152,FALSE,From model_part_matrix | Pouch shared across 3 models
6347,402,1152,FALSE,From model_part_matrix | Pouch shared across 3 models
6348,441,1152,FALSE,From model_part_matrix | Pouch shared across 3 models
6349,389,1153,FALSE,From model_part_matrix | Pouch shared across 2 models
6350,403,1153,FALSE,From model_part_matrix | Pouch shared across 2 models
6351,398,1154,FALSE,From model_part_matrix | Pouch shared across 3 models
6352,423,1154,FALSE,From model_part_matrix | Pouch shared across 3 models
6353,539,1154,FALSE,From model_part_matrix | Pouch shared across 3 models
6354,429,1155,FALSE,From model_part_matrix | Pouch shared across 2 models
6355,619,1155,FALSE,From model_part_matrix | Pouch shared across 2 models
6356,135,1156,FALSE,From model_part_matrix | Pouch shared across 4 models
6357,879,1156,FALSE,From model_part_matrix | Pouch shared across 4 models
6358,884,1156,FALSE,From model_part_matrix | Pouch shared across 4 models
6359,217,1156,FALSE,From model_part_matrix | Pouch shared across 4 models
6360,2165,1157,FALSE,From model_part_matrix | Pouch shared across 3 models
6361,2200,1157,FALSE,From model_part_matrix | Pouch shared across 3 models
6362,221,1157,FALSE,From model_part_matrix | Pouch shared across 3 models
6363,474,1158,FALSE,From model_part_matrix | Pouch shared across 2 models
6364,2203,1158,FALSE,From model_part_matrix | Pouch shared across 2 models
6365,2166,1159,FALSE,From model_part_matrix | Pouch shared across 3 models
6366,888,1159,FALSE,From model_part_matrix | Pouch shared across 3 models
6367,891,1159,FALSE,From model_part_matrix | Pouch shared across 3 models
6368,2167,1160,FALSE,From model_part_matrix | Pouch shared across 2 models
6369,865,1160,FALSE,From model_part_matrix | Pouch shared across 2 models
6370,478,1161,FALSE,From model_part_matrix | Pouch shared across 2 models
6371,881,1161,FALSE,From model_part_matrix | Pouch shared across 2 models
6372,479,1162,FALSE,From model_part_matrix | Pouch shared across 3 models
6373,916,1162,FALSE,From model_part_matrix | Pouch shared across 3 models
6374,917,1162,FALSE,From model_part_matrix | Pouch shared across 3 models
6375,481,1163,FALSE,From model_part_matrix | Pouch shared across 3 models
6376,900,1163,FALSE,From model_part_matrix | Pouch shared across 3 models
6377,2008,1163,FALSE,From model_part_matrix | Pouch shared across 3 models
6378,484,1164,FALSE,From model_part_matrix | Pouch shared across 2 models
6379,2205,1164,FALSE,From model_part_matrix | Pouch shared across 2 models
6380,487,1165,FALSE,From model_part_matrix | Pouch shared across 2 models
6381,866,1165,FALSE,From model_part_matrix | Pouch shared across 2 models
6382,489,1166,FALSE,From model_part_matrix | Pouch shared across 2 models
6383,222,1166,FALSE,From model_part_matrix | Pouch shared across 2 models
6384,491,1167,FALSE,From model_part_matrix | Pouch shared across 2 models
6385,233,1167,FALSE,From model_part_matrix | Pouch shared across 2 models
6386,140,1168,FALSE,From model_part_matrix | Pouch shared across 2 models
6387,493,1168,FALSE,From model_part_matrix | Pouch shared across 2 models
6388,142,1169,FALSE,From model_part_matrix | Pouch shared across 2 models
6389,23,1169,FALSE,From model_part_matrix | Pouch shared across 2 models
6390,1488,1170,FALSE,From model_part_matrix | Pouch shared across 2 models
6391,2026,1170,FALSE,From model_part_matrix | Pouch shared across 2 models
6392,29,1171,FALSE,From model_part_matrix | Pouch shared across 2 models
6393,2168,1171,FALSE,From model_part_matrix | Pouch shared across 2 models
6394,500,1172,FALSE,From model_part_matrix | Pouch shared across 4 models
6395,501,1172,FALSE,From model_part_matrix | Pouch shared across 4 models
6396,568,1172,FALSE,From model_part_matrix | Pouch shared across 4 models
6397,592,1172,FALSE,From model_part_matrix | Pouch shared across 4 models
6398,992,1173,FALSE,From model_part_matrix | Pouch shared across 2 models
6399,994,1173,FALSE,From model_part_matrix | Pouch shared across 2 models
6400,503,1174,FALSE,From model_part_matrix | Pouch shared across 4 models
6401,567,1174,FALSE,From model_part_matrix | Pouch shared across 4 models
6402,600,1174,FALSE,From model_part_matrix | Pouch shared across 4 models
6403,505,1174,FALSE,From model_part_matrix | Pouch shared across 4 models
6404,1493,1175,FALSE,From model_part_matrix | Pouch shared across 2 models
6405,1523,1175,FALSE,From model_part_matrix | Pouch shared across 2 models
6406,506,1176,FALSE,From model_part_matrix | Pouch shared across 2 models
6407,565,1176,FALSE,From model_part_matrix | Pouch shared across 2 models
6408,2169,1177,FALSE,From model_part_matrix | Pouch shared across 2 models
6409,1014,1177,FALSE,From model_part_matrix | Pouch shared across 2 models
6410,511,1178,FALSE,From model_part_matrix | Pouch shared across 2 models
6411,513,1178,FALSE,From model_part_matrix | Pouch shared across 2 models
6412,514,1179,FALSE,From model_part_matrix | Pouch shared across 4 models
6413,516,1179,FALSE,From model_part_matrix | Pouch shared across 4 models
6414,517,1179,FALSE,From model_part_matrix | Pouch shared across 4 models
6415,578,1179,FALSE,From model_part_matrix | Pouch shared across 4 models
6416,518,1180,FALSE,From model_part_matrix | Pouch shared across 2 models
6417,520,1180,FALSE,From model_part_matrix | Pouch shared across 2 models
6418,1500,1181,FALSE,From model_part_matrix | Pouch shared across 3 models
6419,581,1181,FALSE,From model_part_matrix | Pouch shared across 3 models
6420,2174,1181,FALSE,From model_part_matrix | Pouch shared across 3 models
6421,525,1182,FALSE,From model_part_matrix | Pouch shared across 2 models
6422,545,1182,FALSE,From model_part_matrix | Pouch shared across 2 models
6423,2170,1183,FALSE,From model_part_matrix | Pouch shared across 2 models
6424,528,1183,FALSE,From model_part_matrix | Pouch shared across 2 models
6425,527,1184,FALSE,From model_part_matrix | Pouch shared across 3 models
6426,585,1184,FALSE,From model_part_matrix | Pouch shared across 3 models
6427,532,1184,FALSE,From model_part_matrix | Pouch shared across 3 models
6428,529,1185,FALSE,From model_part_matrix | Pouch shared across 2 models
6429,27,1185,FALSE,From model_part_matrix | Pouch shared across 2 models
6430,531,1186,FALSE,From model_part_matrix | Pouch shared across 3 models
6431,537,1186,FALSE,From model_part_matrix | Pouch shared across 3 models
6432,2175,1186,FALSE,From model_part_matrix | Pouch shared across 3 models
6433,543,1187,FALSE,From model_part_matrix | Pouch shared across 3 models
6434,546,1187,FALSE,From model_part_matrix | Pouch shared across 3 models
6435,1519,1187,FALSE,From model_part_matrix | Pouch shared across 3 models
6436,544,1188,FALSE,From model_part_matrix | Pouch shared across 6 models
6437,143,1188,FALSE,From model_part_matrix | Pouch shared across 6 models
6438,550,1188,FALSE,From model_part_matrix | Pouch shared across 6 models
6439,580,1188,FALSE,From model_part_matrix | Pouch shared across 6 models
6440,146,1188,FALSE,From model_part_matrix | Pouch shared across 6 models
6441,589,1188,FALSE,From model_part_matrix | Pouch shared across 6 models
6442,549,1189,FALSE,From model_part_matrix | Pouch shared across 2 models
6443,552,1189,FALSE,From model_part_matrix | Pouch shared across 2 models
6444,554,1190,FALSE,From model_part_matrix | Pouch shared across 2 models
6445,1520,1190,FALSE,From model_part_matrix | Pouch shared across 2 models
6446,558,1191,FALSE,From model_part_matrix | Pouch shared across 2 models
6447,590,1191,FALSE,From model_part_matrix | Pouch shared across 2 models
6448,2172,1192,FALSE,From model_part_matrix | Pouch shared across 4 models
6449,2173,1192,FALSE,From model_part_matrix | Pouch shared across 4 models
6450,596,1192,FALSE,From model_part_matrix | Pouch shared across 4 models
6451,2176,1192,FALSE,From model_part_matrix | Pouch shared across 4 models
6452,31,1193,FALSE,From model_part_matrix | Pouch shared across 2 models
6453,597,1193,FALSE,From model_part_matrix | Pouch shared across 2 models
6454,579,1194,FALSE,From model_part_matrix | Pouch shared across 2 models
6455,582,1194,FALSE,From model_part_matrix | Pouch shared across 2 models
6456,620,1195,FALSE,From model_part_matrix | Pouch shared across 2 models
6457,629,1195,FALSE,From model_part_matrix | Pouch shared across 2 models
6458,149,1196,FALSE,From model_part_matrix | Pouch shared across 2 models
6459,693,1196,FALSE,From model_part_matrix | Pouch shared across 2 models
6460,152,1197,FALSE,From model_part_matrix | Pouch shared across 2 models
6461,631,1197,FALSE,From model_part_matrix | Pouch shared across 2 models
6462,154,1198,FALSE,From model_part_matrix | Pouch shared across 3 models
6463,697,1198,FALSE,From model_part_matrix | Pouch shared across 3 models
6464,663,1198,FALSE,From model_part_matrix | Pouch shared across 3 models
6465,1543,1199,FALSE,From model_part_matrix | Pouch shared across 3 models
6466,2121,1199,FALSE,From model_part_matrix | Pouch shared across 3 models
6467,1585,1199,FALSE,From model_part_matrix | Pouch shared across 3 models
6468,634,1200,FALSE,From model_part_matrix | Pouch shared across 2 models
6469,699,1200,FALSE,From model_part_matrix | Pouch shared across 2 models
6470,156,1201,FALSE,From model_part_matrix | Pouch shared across 2 models
6471,700,1201,FALSE,From model_part_matrix | Pouch shared across 2 models
6472,636,1202,FALSE,From model_part_matrix | Pouch shared across 3 models
6473,701,1202,FALSE,From model_part_matrix | Pouch shared across 3 models
6474,665,1202,FALSE,From model_part_matrix | Pouch shared across 3 models
6475,14,1203,FALSE,From model_part_matrix | Pouch shared across 3 models
6476,1566,1203,FALSE,From model_part_matrix | Pouch shared across 3 models
6477,641,1203,FALSE,From model_part_matrix | Pouch shared across 3 models
6478,159,1204,FALSE,From model_part_matrix | Pouch shared across 3 models
6479,163,1204,FALSE,From model_part_matrix | Pouch shared across 3 models
6480,2180,1204,FALSE,From model_part_matrix | Pouch shared across 3 models
6481,639,1205,FALSE,From model_part_matrix | Pouch shared across 4 models
6482,704,1205,FALSE,From model_part_matrix | Pouch shared across 4 models
6483,668,1205,FALSE,From model_part_matrix | Pouch shared across 4 models
6484,2182,1205,FALSE,From model_part_matrix | Pouch shared across 4 models
6485,164,1206,FALSE,From model_part_matrix | Pouch shared across 3 models
6486,1,1206,FALSE,From model_part_matrix | Pouch shared across 3 models
6487,2,1206,FALSE,From model_part_matrix | Pouch shared across 3 models
6488,646,1207,FALSE,From model_part_matrix | Pouch shared across 2 models
6489,709,1207,FALSE,From model_part_matrix | Pouch shared across 2 models
6490,1569,1208,FALSE,From model_part_matrix | Pouch shared across 2 models
6491,1574,1208,FALSE,From model_part_matrix | Pouch shared across 2 models
6492,2177,1209,FALSE,From model_part_matrix | Pouch shared across 3 models
6493,2183,1209,FALSE,From model_part_matrix | Pouch shared across 3 models
6494,2178,1209,FALSE,From model_part_matrix | Pouch shared across 3 models
6495,1575,1210,FALSE,From model_part_matrix | Pouch shared across 2 models
6496,1620,1210,FALSE,From model_part_matrix | Pouch shared across 2 models
6497,1589,1211,FALSE,From model_part_matrix | Pouch shared across 2 models
6498,1607,1211,FALSE,From model_part_matrix | Pouch shared across 2 models
6499,670,1212,FALSE,From model_part_matrix | Pouch shared across 3 models
6500,1604,1212,FALSE,From model_part_matrix | Pouch shared across 3 models
6501,2181,1212,FALSE,From model_part_matrix | Pouch shared across 3 models
6502,1591,1213,FALSE,From model_part_matrix | Pouch shared across 2 models
6503,1615,1213,FALSE,From model_part_matrix | Pouch shared across 2 models
6504,2179,1214,FALSE,From model_part_matrix | Pouch shared across 2 models
6505,1626,1214,FALSE,From model_part_matrix | Pouch shared across 2 models
6506,1595,1215,FALSE,From model_part_matrix | Pouch shared across 2 models
6507,1628,1215,FALSE,From model_part_matrix | Pouch shared across 2 models
6508,1596,1216,FALSE,From model_part_matrix | Pouch shared across 2 models
6509,1630,1216,FALSE,From model_part_matrix | Pouch shared across 2 models
6510,1608,1217,FALSE,From model_part_matrix | Pouch shared across 2 models
6511,1614,1217,FALSE,From model_part_matrix | Pouch shared across 2 models
6512,181,1218,FALSE,From model_part_matrix | Pouch shared across 2 models
6513,844,1218,FALSE,From model_part_matrix | Pouch shared across 2 models
6514,755,1219,FALSE,From model_part_matrix | Pouch shared across 3 models
6515,10,1219,FALSE,From model_part_matrix | Pouch shared across 3 models
6516,207,1219,FALSE,From model_part_matrix | Pouch shared across 3 models
6517,756,1220,FALSE,From model_part_matrix | Pouch shared across 2 models
6518,780,1220,FALSE,From model_part_matrix | Pouch shared across 2 models
6519,38,1221,FALSE,From model_part_matrix | Pouch shared across 3 models
6520,36,1221,FALSE,From model_part_matrix | Pouch shared across 3 models
6521,822,1221,FALSE,From model_part_matrix | Pouch shared across 3 models
6522,1846,1222,FALSE,From model_part_matrix | Pouch shared across 2 models
6523,1895,1222,FALSE,From model_part_matrix | Pouch shared across 2 models
6524,757,1223,FALSE,From model_part_matrix | Pouch shared across 5 models
6525,787,1223,FALSE,From model_part_matrix | Pouch shared across 5 models
6526,2193,1223,FALSE,From model_part_matrix | Pouch shared across 5 models
6527,788,1223,FALSE,From model_part_matrix | Pouch shared across 5 models
6528,778,1223,FALSE,From model_part_matrix | Pouch shared across 5 models
6529,1037,1224,FALSE,From model_part_matrix | Pouch shared across 3 models
6530,1050,1224,FALSE,From model_part_matrix | Pouch shared across 3 models
6531,1052,1224,FALSE,From model_part_matrix | Pouch shared across 3 models
6532,758,1225,FALSE,From model_part_matrix | Pouch shared across 4 models
6533,812,1225,FALSE,From model_part_matrix | Pouch shared across 4 models
6534,1935,1225,FALSE,From model_part_matrix | Pouch shared across 4 models
6535,2191,1225,FALSE,From model_part_matrix | Pouch shared across 4 models
6536,761,1226,FALSE,From model_part_matrix | Pouch shared across 4 models
6537,197,1226,FALSE,From model_part_matrix | Pouch shared across 4 models
6538,199,1226,FALSE,From model_part_matrix | Pouch shared across 4 models
6539,200,1226,FALSE,From model_part_matrix | Pouch shared across 4 models
6540,1850,1227,FALSE,From model_part_matrix | Pouch shared across 2 models
6541,201,1227,FALSE,From model_part_matrix | Pouch shared across 2 models
6542,2185,1228,FALSE,From model_part_matrix | Pouch shared across 2 models
6543,774,1228,FALSE,From model_part_matrix | Pouch shared across 2 models
6544,764,1229,FALSE,From model_part_matrix | Pouch shared across 3 models
6545,830,1229,FALSE,From model_part_matrix | Pouch shared across 3 models
6546,1860,1229,FALSE,From model_part_matrix | Pouch shared across 3 models
6547,2186,1230,FALSE,From model_part_matrix | Pouch shared across 2 models
6548,1938,1230,FALSE,From model_part_matrix | Pouch shared across 2 models
6549,768,1231,FALSE,From model_part_matrix | Pouch shared across 2 models
6550,831,1231,FALSE,From model_part_matrix | Pouch shared across 2 models
6551,1042,1232,FALSE,From model_part_matrix | Pouch shared across 2 models
6552,1043,1232,FALSE,From model_part_matrix | Pouch shared across 2 models
6553,1044,1233,FALSE,From model_part_matrix | Pouch shared across 2 models
6554,1046,1233,FALSE,From model_part_matrix | Pouch shared across 2 models
6555,2187,1234,FALSE,From model_part_matrix | Pouch shared across 2 models
6556,2188,1234,FALSE,From model_part_matrix | Pouch shared across 2 models
6557,1047,1235,FALSE,From model_part_matrix | Pouch shared across 2 models
6558,1048,1235,FALSE,From model_part_matrix | Pouch shared across 2 models
6559,189,1236,FALSE,From model_part_matrix | Pouch shared across 2 models
6560,210,1236,FALSE,From model_part_matrix | Pouch shared across 2 models
6561,2189,1237,FALSE,From model_part_matrix | Pouch shared across 2 models
6562,2190,1237,FALSE,From model_part_matrix | Pouch shared across 2 models
6563,1872,1238,FALSE,From model_part_matrix | Pouch shared across 3 models
6564,1956,1238,FALSE,From model_part_matrix | Pouch shared across 3 models
6565,1957,1238,FALSE,From model_part_matrix | Pouch shared across 3 models
6566,775,1239,FALSE,From model_part_matrix | Pouch shared across 2 models
6567,1881,1239,FALSE,From model_part_matrix | Pouch shared across 2 models
6568,1891,1240,FALSE,From model_part_matrix | Pouch shared across 2 models
6569,802,1240,FALSE,From model_part_matrix | Pouch shared across 2 models
6570,791,1241,FALSE,From model_part_matrix | Pouch shared across 2 models
6571,803,1241,FALSE,From model_part_matrix | Pouch shared across 2 models
6572,35,1242,FALSE,From model_part_matrix | Pouch shared across 3 models
6573,208,1242,FALSE,From model_part_matrix | Pouch shared across 3 models
6574,1903,1242,FALSE,From model_part_matrix | Pouch shared across 3 models
6575,805,1243,FALSE,From model_part_matrix | Pouch shared across 2 models
6576,814,1243,FALSE,From model_part_matrix | Pouch shared across 2 models
6577,1916,1244,FALSE,From model_part_matrix | Pouch shared across 3 models
6578,1929,1244,FALSE,From model_part_matrix | Pouch shared across 3 models
6579,209,1244,FALSE,From model_part_matrix | Pouch shared across 3 models
6580,1922,1245,FALSE,From model_part_matrix | Pouch shared across 2 models
6581,1950,1245,FALSE,From model_part_matrix | Pouch shared across 2 models
6582,211,1246,FALSE,From model_part_matrix | Pouch shared across 2 models
6583,212,1246,FALSE,From model_part_matrix | Pouch shared across 2 models
6584,2194,1247,FALSE,From model_part_matrix | Pouch shared across 4 models
6585,2196,1247,FALSE,From model_part_matrix | Pouch shared across 4 models
6586,2154,1247,FALSE,From model_part_matrix | Pouch shared across 4 models
6587,2195,1247,FALSE,From model_part_matrix | Pouch shared across 4 models
6588,835,1248,FALSE,From model_part_matrix | Pouch shared across 3 models
6589,837,1248,FALSE,From model_part_matrix | Pouch shared across 3 models
6590,838,1248,FALSE,From model_part_matrix | Pouch shared across 3 models
6591,836,1249,FALSE,From model_part_matrix | Pouch shared across 3 models
6592,839,1249,FALSE,From model_part_matrix | Pouch shared across 3 models
6593,841,1249,FALSE,From model_part_matrix | Pouch shared across 3 models
6594,843,1250,FALSE,From model_part_matrix | Pouch shared across 2 models
6595,847,1250,FALSE,From model_part_matrix | Pouch shared across 2 models
6596,1967,1251,FALSE,From model_part_matrix | Pouch shared across 3 models
6597,853,1251,FALSE,From model_part_matrix | Pouch shared across 3 models
6598,852,1251,FALSE,From model_part_matrix | Pouch shared across 3 models
6599,2197,1252,FALSE,From model_part_matrix | Pouch shared across 2 models
6600,2198,1252,FALSE,From model_part_matrix | Pouch shared across 2 models
6601,2199,1253,FALSE,From model_part_matrix | Pouch shared across 3 models
6602,1976,1253,FALSE,From model_part_matrix | Pouch shared across 3 models
6603,1995,1253,FALSE,From model_part_matrix | Pouch shared across 3 models
6604,1981,1254,FALSE,From model_part_matrix | Pouch shared across 2 models
6605,2032,1254,FALSE,From model_part_matrix | Pouch shared across 2 models
6606,1982,1255,FALSE,From model_part_matrix | Pouch shared across 3 models
6607,1983,1255,FALSE,From model_part_matrix | Pouch shared across 3 models
6608,1984,1255,FALSE,From model_part_matrix | Pouch shared across 3 models
6609,224,1256,FALSE,From model_part_matrix | Pouch shared across 2 models
6610,228,1256,FALSE,From model_part_matrix | Pouch shared across 2 models
6611,2201,1257,FALSE,From model_part_matrix | Pouch shared across 2 models
6612,2202,1257,FALSE,From model_part_matrix | Pouch shared across 2 models
6613,885,1258,FALSE,From model_part_matrix | Pouch shared across 2 models
6614,887,1258,FALSE,From model_part_matrix | Pouch shared across 2 models
6615,1992,1259,FALSE,From model_part_matrix | Pouch shared across 2 models
6616,1993,1259,FALSE,From model_part_matrix | Pouch shared across 2 models
6617,7,1260,FALSE,From model_part_matrix | Pouch shared across 2 models
6618,234,1260,FALSE,From model_part_matrix | Pouch shared across 2 models
6619,21,1261,FALSE,From model_part_matrix | Pouch shared across 3 models
6620,2204,1261,FALSE,From model_part_matrix | Pouch shared across 3 models
6621,2014,1261,FALSE,From model_part_matrix | Pouch shared across 3 models
6622,2206,1262,FALSE,From model_part_matrix | Pouch shared across 2 models
6623,2207,1262,FALSE,From model_part_matrix | Pouch shared across 2 models
6624,910,1263,FALSE,From model_part_matrix | Pouch shared across 3 models
6625,911,1263,FALSE,From model_part_matrix | Pouch shared across 3 models
6626,912,1263,FALSE,From model_part_matrix | Pouch shared across 3 models
6627,2209,1264,FALSE,From model_part_matrix | Battery shared across 2 models
6628,2210,1264,FALSE,From model_part_matrix | Battery shared across 2 models
6629,2212,1265,FALSE,From model_part_matrix | Battery shared across 6 models
6630,52,1265,FALSE,From model_part_matrix | Battery shared across 6 models
6631,53,1265,FALSE,From model_part_matrix | Battery shared across 6 models
6632,2217,1265,FALSE,From model_part_matrix | Battery shared across 6 models
6633,54,1265,FALSE,From model_part_matrix | Battery shared across 6 models
6634,61,1265,FALSE,From model_part_matrix | Battery shared across 6 models
6635,67,1266,FALSE,From model_part_matrix | Battery shared across 2 models
6636,741,1266,FALSE,From model_part_matrix | Battery shared across 2 models
6637,269,1267,FALSE,From model_part_matrix | Battery shared across 2 models
6638,270,1267,FALSE,From model_part_matrix | Battery shared across 2 models
6639,1095,1268,FALSE,From model_part_matrix | Battery shared across 3 models
6640,1097,1268,FALSE,From model_part_matrix | Battery shared across 3 models
6641,1246,1268,FALSE,From model_part_matrix | Battery shared across 3 models
6642,1263,1269,FALSE,From model_part_matrix | Battery shared across 2 models
6643,754,1269,FALSE,From model_part_matrix | Battery shared across 2 models
6644,2237,1270,FALSE,From model_part_matrix | Battery shared across 3 models
6645,2241,1270,FALSE,From model_part_matrix | Battery shared across 3 models
6646,2243,1270,FALSE,From model_part_matrix | Battery shared across 3 models
6647,2240,1271,FALSE,From model_part_matrix | Battery shared across 3 models
6648,2254,1271,FALSE,From model_part_matrix | Battery shared across 3 models
6649,2255,1271,FALSE,From model_part_matrix | Battery shared across 3 models
6650,2245,1272,FALSE,From model_part_matrix | Battery shared across 4 models
6651,2251,1272,FALSE,From model_part_matrix | Battery shared across 4 models
6652,2247,1272,FALSE,From model_part_matrix | Battery shared across 4 models
6653,2246,1272,FALSE,From model_part_matrix | Battery shared across 4 models
6654,2248,1273,FALSE,From model_part_matrix | Battery shared across 2 models
6655,2249,1273,FALSE,From model_part_matrix | Battery shared across 2 models
6656,2253,1274,FALSE,From model_part_matrix | Battery shared across 2 models
6657,2257,1274,FALSE,From model_part_matrix | Battery shared across 2 models
6658,1368,1275,FALSE,From model_part_matrix | Battery shared across 2 models
6659,1387,1275,FALSE,From model_part_matrix | Battery shared across 2 models
6660,2273,1276,FALSE,From model_part_matrix | Battery shared across 3 models
6661,2275,1276,FALSE,From model_part_matrix | Battery shared across 3 models
6662,2274,1276,FALSE,From model_part_matrix | Battery shared across 3 models
6663,2278,1277,FALSE,From model_part_matrix | Battery shared across 3 models
6664,2288,1277,FALSE,From model_part_matrix | Battery shared across 3 models
6665,2289,1277,FALSE,From model_part_matrix | Battery shared across 3 models
6666,107,1278,FALSE,From model_part_matrix | Battery shared across 2 models
6667,2296,1278,FALSE,From model_part_matrix | Battery shared across 2 models
6668,2298,1279,FALSE,From model_part_matrix | Battery shared across 3 models
6669,2317,1279,FALSE,From model_part_matrix | Battery shared across 3 models
6670,2311,1279,FALSE,From model_part_matrix | Battery shared across 3 models
6671,2302,1280,FALSE,From model_part_matrix | Battery shared across 2 models
6672,2306,1280,FALSE,From model_part_matrix | Battery shared across 2 models
6673,1400,1281,FALSE,From model_part_matrix | Battery shared across 2 models
6674,310,1281,FALSE,From model_part_matrix | Battery shared across 2 models
6675,2319,1282,FALSE,From model_part_matrix | Battery shared across 6 models
6676,410,1282,FALSE,From model_part_matrix | Battery shared across 6 models
6677,413,1282,FALSE,From model_part_matrix | Battery shared across 6 models
6678,1474,1282,FALSE,From model_part_matrix | Battery shared across 6 models
6679,1472,1282,FALSE,From model_part_matrix | Battery shared across 6 models
6680,460,1282,FALSE,From model_part_matrix | Battery shared across 6 models
6681,2320,1283,FALSE,From model_part_matrix | Battery shared across 2 models
6682,2324,1283,FALSE,From model_part_matrix | Battery shared across 2 models
6683,2321,1284,FALSE,From model_part_matrix | Battery shared across 23 models
6684,353,1284,FALSE,From model_part_matrix | Battery shared across 23 models
6685,385,1284,FALSE,From model_part_matrix | Battery shared across 23 models
6686,2322,1284,FALSE,From model_part_matrix | Battery shared across 23 models
6687,514,1284,FALSE,From model_part_matrix | Battery shared across 23 models
6688,516,1284,FALSE,From model_part_matrix | Battery shared across 23 models
6689,517,1284,FALSE,From model_part_matrix | Battery shared across 23 models
6690,520,1284,FALSE,From model_part_matrix | Battery shared across 23 models
6691,145,1284,FALSE,From model_part_matrix | Battery shared across 23 models
6692,542,1284,FALSE,From model_part_matrix | Battery shared across 23 models
6693,543,1284,FALSE,From model_part_matrix | Battery shared across 23 models
6694,546,1284,FALSE,From model_part_matrix | Battery shared across 23 models
6695,547,1284,FALSE,From model_part_matrix | Battery shared across 23 models
6696,548,1284,FALSE,From model_part_matrix | Battery shared across 23 models
6697,549,1284,FALSE,From model_part_matrix | Battery shared across 23 models
6698,552,1284,FALSE,From model_part_matrix | Battery shared across 23 models
6699,579,1284,FALSE,From model_part_matrix | Battery shared across 23 models
6700,582,1284,FALSE,From model_part_matrix | Battery shared across 23 models
6701,1519,1284,FALSE,From model_part_matrix | Battery shared across 23 models
6702,2371,1284,FALSE,From model_part_matrix | Battery shared across 23 models
6703,2368,1284,FALSE,From model_part_matrix | Battery shared across 23 models
6704,2366,1284,FALSE,From model_part_matrix | Battery shared across 23 models
6705,2367,1284,FALSE,From model_part_matrix | Battery shared across 23 models
6706,322,1285,FALSE,From model_part_matrix | Battery shared across 12 models
6707,348,1285,FALSE,From model_part_matrix | Battery shared across 12 models
6708,352,1285,FALSE,From model_part_matrix | Battery shared across 12 models
6709,118,1285,FALSE,From model_part_matrix | Battery shared across 12 models
6710,373,1285,FALSE,From model_part_matrix | Battery shared across 12 models
6711,122,1285,FALSE,From model_part_matrix | Battery shared across 12 models
6712,2163,1285,FALSE,From model_part_matrix | Battery shared across 12 models
6713,324,1285,FALSE,From model_part_matrix | Battery shared across 12 models
6714,326,1285,FALSE,From model_part_matrix | Battery shared across 12 models
6715,342,1285,FALSE,From model_part_matrix | Battery shared across 12 models
6716,509,1285,FALSE,From model_part_matrix | Battery shared across 12 models
6717,541,1285,FALSE,From model_part_matrix | Battery shared across 12 models
6718,327,1286,FALSE,From model_part_matrix | Battery shared across 2 models
6719,328,1286,FALSE,From model_part_matrix | Battery shared across 2 models
6720,335,1287,FALSE,From model_part_matrix | Battery shared across 2 models
6721,144,1287,FALSE,From model_part_matrix | Battery shared across 2 models
6722,338,1288,FALSE,From model_part_matrix | Battery shared across 2 models
6723,2340,1288,FALSE,From model_part_matrix | Battery shared across 2 models
6724,1416,1289,FALSE,From model_part_matrix | Battery shared across 4 models
6725,2325,1289,FALSE,From model_part_matrix | Battery shared across 4 models
6726,2336,1289,FALSE,From model_part_matrix | Battery shared across 4 models
6727,345,1289,FALSE,From model_part_matrix | Battery shared across 4 models
6728,2327,1290,FALSE,From model_part_matrix | Battery shared across 4 models
6729,2328,1290,FALSE,From model_part_matrix | Battery shared across 4 models
6730,2329,1290,FALSE,From model_part_matrix | Battery shared across 4 models
6731,2350,1290,FALSE,From model_part_matrix | Battery shared across 4 models
6732,357,1291,FALSE,From model_part_matrix | Battery shared across 3 models
6733,374,1291,FALSE,From model_part_matrix | Battery shared across 3 models
6734,387,1291,FALSE,From model_part_matrix | Battery shared across 3 models
6735,111,1292,FALSE,From model_part_matrix | Battery shared across 2 models
6736,525,1292,FALSE,From model_part_matrix | Battery shared across 2 models
6737,380,1293,FALSE,From model_part_matrix | Battery shared across 4 models
6738,2338,1293,FALSE,From model_part_matrix | Battery shared across 4 models
6739,417,1293,FALSE,From model_part_matrix | Battery shared across 4 models
6740,1449,1293,FALSE,From model_part_matrix | Battery shared across 4 models
6741,1438,1294,FALSE,From model_part_matrix | Battery shared across 2 models
6742,2334,1294,FALSE,From model_part_matrix | Battery shared across 2 models
6743,2331,1295,FALSE,From model_part_matrix | Battery shared across 3 models
6744,2332,1295,FALSE,From model_part_matrix | Battery shared across 3 models
6745,2333,1295,FALSE,From model_part_matrix | Battery shared across 3 models
6746,1440,1296,FALSE,From model_part_matrix | Battery shared across 2 models
6747,2335,1296,FALSE,From model_part_matrix | Battery shared across 2 models
6748,386,1297,FALSE,From model_part_matrix | Battery shared across 2 models
6749,402,1297,FALSE,From model_part_matrix | Battery shared across 2 models
6750,388,1298,FALSE,From model_part_matrix | Battery shared across 4 models
6751,404,1298,FALSE,From model_part_matrix | Battery shared across 4 models
6752,443,1298,FALSE,From model_part_matrix | Battery shared across 4 models
6753,446,1298,FALSE,From model_part_matrix | Battery shared across 4 models
6754,125,1299,FALSE,From model_part_matrix | Battery shared across 5 models
6755,419,1299,FALSE,From model_part_matrix | Battery shared across 5 models
6756,435,1299,FALSE,From model_part_matrix | Battery shared across 5 models
6757,1535,1299,FALSE,From model_part_matrix | Battery shared across 5 models
6758,510,1299,FALSE,From model_part_matrix | Battery shared across 5 models
6759,1450,1300,FALSE,From model_part_matrix | Battery shared across 6 models
6760,441,1300,FALSE,From model_part_matrix | Battery shared across 6 models
6761,2354,1300,FALSE,From model_part_matrix | Battery shared across 6 models
6762,442,1300,FALSE,From model_part_matrix | Battery shared across 6 models
6763,980,1300,FALSE,From model_part_matrix | Battery shared across 6 models
6764,2341,1300,FALSE,From model_part_matrix | Battery shared across 6 models
6765,1452,1301,FALSE,From model_part_matrix | Battery shared across 2 models
6766,539,1301,FALSE,From model_part_matrix | Battery shared across 2 models
6767,429,1302,FALSE,From model_part_matrix | Battery shared across 2 models
6768,619,1302,FALSE,From model_part_matrix | Battery shared across 2 models
6769,2346,1303,FALSE,From model_part_matrix | Battery shared across 2 models
6770,2347,1303,FALSE,From model_part_matrix | Battery shared across 2 models
6771,2348,1304,FALSE,From model_part_matrix | Battery shared across 2 models
6772,2349,1304,FALSE,From model_part_matrix | Battery shared across 2 models
6773,439,1305,FALSE,From model_part_matrix | Battery shared across 2 models
6774,440,1305,FALSE,From model_part_matrix | Battery shared across 2 models
6775,445,1306,FALSE,From model_part_matrix | Battery shared across 2 models
6776,452,1306,FALSE,From model_part_matrix | Battery shared across 2 models
6777,1473,1307,FALSE,From model_part_matrix | Battery shared across 2 models
6778,2362,1307,FALSE,From model_part_matrix | Battery shared across 2 models
6779,1477,1308,FALSE,From model_part_matrix | Battery shared across 2 models
6780,1996,1308,FALSE,From model_part_matrix | Battery shared across 2 models
6781,478,1309,FALSE,From model_part_matrix | Battery shared across 4 models
6782,224,1309,FALSE,From model_part_matrix | Battery shared across 4 models
6783,884,1309,FALSE,From model_part_matrix | Battery shared across 4 models
6784,479,1309,FALSE,From model_part_matrix | Battery shared across 4 models
6785,491,1310,FALSE,From model_part_matrix | Battery shared across 2 models
6786,233,1310,FALSE,From model_part_matrix | Battery shared across 2 models
6787,511,1311,FALSE,From model_part_matrix | Battery shared across 2 models
6788,513,1311,FALSE,From model_part_matrix | Battery shared across 2 models
6789,518,1312,FALSE,From model_part_matrix | Battery shared across 5 models
6790,521,1312,FALSE,From model_part_matrix | Battery shared across 5 models
6791,519,1312,FALSE,From model_part_matrix | Battery shared across 5 models
6792,622,1312,FALSE,From model_part_matrix | Battery shared across 5 models
6793,623,1312,FALSE,From model_part_matrix | Battery shared across 5 models
6794,544,1313,FALSE,From model_part_matrix | Battery shared across 2 models
6795,143,1313,FALSE,From model_part_matrix | Battery shared across 2 models
6796,573,1314,FALSE,From model_part_matrix | Battery shared across 2 models
6797,606,1314,FALSE,From model_part_matrix | Battery shared across 2 models
6798,2369,1315,FALSE,From model_part_matrix | Battery shared across 2 models
6799,2370,1315,FALSE,From model_part_matrix | Battery shared across 2 models
6800,614,1316,FALSE,From model_part_matrix | Battery shared across 2 models
6801,626,1316,FALSE,From model_part_matrix | Battery shared across 2 models
6802,620,1317,FALSE,From model_part_matrix | Battery shared across 2 models
6803,629,1317,FALSE,From model_part_matrix | Battery shared across 2 models
6804,151,1318,FALSE,From model_part_matrix | Battery shared across 3 models
6805,697,1318,FALSE,From model_part_matrix | Battery shared across 3 models
6806,154,1318,FALSE,From model_part_matrix | Battery shared across 3 models
6807,1545,1319,FALSE,From model_part_matrix | Battery shared across 2 models
6808,15,1319,FALSE,From model_part_matrix | Battery shared across 2 models
6809,634,1320,FALSE,From model_part_matrix | Battery shared across 2 models
6810,699,1320,FALSE,From model_part_matrix | Battery shared across 2 models
6811,635,1321,FALSE,From model_part_matrix | Battery shared across 4 models
6812,156,1321,FALSE,From model_part_matrix | Battery shared across 4 models
6813,161,1321,FALSE,From model_part_matrix | Battery shared across 4 models
6814,2372,1321,FALSE,From model_part_matrix | Battery shared across 4 models
6815,636,1322,FALSE,From model_part_matrix | Battery shared across 2 models
6816,701,1322,FALSE,From model_part_matrix | Battery shared across 2 models
6817,159,1323,FALSE,From model_part_matrix | Battery shared across 3 models
6818,163,1323,FALSE,From model_part_matrix | Battery shared across 3 models
6819,1,1323,FALSE,From model_part_matrix | Battery shared across 3 models
6820,644,1324,FALSE,From model_part_matrix | Battery shared across 2 models
6821,2374,1324,FALSE,From model_part_matrix | Battery shared across 2 models
6822,2375,1325,FALSE,From model_part_matrix | Battery shared across 2 models
6823,2378,1325,FALSE,From model_part_matrix | Battery shared across 2 models
6824,1607,1326,FALSE,From model_part_matrix | Battery shared across 2 models
6825,1619,1326,FALSE,From model_part_matrix | Battery shared across 2 models
6826,2382,1327,FALSE,From model_part_matrix | Battery shared across 2 models
6827,1611,1327,FALSE,From model_part_matrix | Battery shared across 2 models
6828,1608,1328,FALSE,From model_part_matrix | Battery shared across 3 models
6829,1614,1328,FALSE,From model_part_matrix | Battery shared across 3 models
6830,1615,1328,FALSE,From model_part_matrix | Battery shared across 3 models
6831,1621,1329,FALSE,From model_part_matrix | Battery shared across 2 models
6832,1630,1329,FALSE,From model_part_matrix | Battery shared across 2 models
6833,1623,1330,FALSE,From model_part_matrix | Battery shared across 2 models
6834,1625,1330,FALSE,From model_part_matrix | Battery shared across 2 models
6835,1666,1331,FALSE,From model_part_matrix | Battery shared across 4 models
6836,2388,1331,FALSE,From model_part_matrix | Battery shared across 4 models
6837,1667,1331,FALSE,From model_part_matrix | Battery shared across 4 models
6838,2389,1331,FALSE,From model_part_matrix | Battery shared across 4 models
6839,2390,1332,FALSE,From model_part_matrix | Battery shared across 2 models
6840,2391,1332,FALSE,From model_part_matrix | Battery shared across 2 models
6841,181,1333,FALSE,From model_part_matrix | Battery shared across 3 models
6842,2397,1333,FALSE,From model_part_matrix | Battery shared across 3 models
6843,834,1333,FALSE,From model_part_matrix | Battery shared across 3 models
6844,1837,1334,FALSE,From model_part_matrix | Battery shared across 3 models
6845,764,1334,FALSE,From model_part_matrix | Battery shared across 3 models
6846,1856,1334,FALSE,From model_part_matrix | Battery shared across 3 models
6847,1844,1335,FALSE,From model_part_matrix | Battery shared across 3 models
6848,823,1335,FALSE,From model_part_matrix | Battery shared across 3 models
6849,775,1335,FALSE,From model_part_matrix | Battery shared across 3 models
6850,761,1336,FALSE,From model_part_matrix | Battery shared across 9 models
6851,196,1336,FALSE,From model_part_matrix | Battery shared across 9 models
6852,197,1336,FALSE,From model_part_matrix | Battery shared across 9 models
6853,2418,1336,FALSE,From model_part_matrix | Battery shared across 9 models
6854,200,1336,FALSE,From model_part_matrix | Battery shared across 9 models
6855,843,1336,FALSE,From model_part_matrix | Battery shared across 9 models
6856,847,1336,FALSE,From model_part_matrix | Battery shared across 9 models
6857,206,1336,FALSE,From model_part_matrix | Battery shared across 9 models
6858,2420,1336,FALSE,From model_part_matrix | Battery shared across 9 models
6859,183,1337,FALSE,From model_part_matrix | Battery shared across 2 models
6860,762,1337,FALSE,From model_part_matrix | Battery shared across 2 models
6861,763,1338,FALSE,From model_part_matrix | Battery shared across 4 models
6862,1852,1338,FALSE,From model_part_matrix | Battery shared across 4 models
6863,842,1338,FALSE,From model_part_matrix | Battery shared across 4 models
6864,2435,1338,FALSE,From model_part_matrix | Battery shared across 4 models
6865,1853,1339,FALSE,From model_part_matrix | Battery shared across 3 models
6866,2399,1339,FALSE,From model_part_matrix | Battery shared across 3 models
6867,1854,1339,FALSE,From model_part_matrix | Battery shared across 3 models
6868,185,1340,FALSE,From model_part_matrix | Battery shared across 2 models
6869,2400,1340,FALSE,From model_part_matrix | Battery shared across 2 models
6870,2404,1341,FALSE,From model_part_matrix | Battery shared across 7 models
6871,190,1341,FALSE,From model_part_matrix | Battery shared across 7 models
6872,2427,1341,FALSE,From model_part_matrix | Battery shared across 7 models
6873,2428,1341,FALSE,From model_part_matrix | Battery shared across 7 models
6874,1937,1341,FALSE,From model_part_matrix | Battery shared across 7 models
6875,2429,1341,FALSE,From model_part_matrix | Battery shared across 7 models
6876,210,1341,FALSE,From model_part_matrix | Battery shared across 7 models
6877,770,1342,FALSE,From model_part_matrix | Battery shared across 4 models
6878,2412,1342,FALSE,From model_part_matrix | Battery shared across 4 models
6879,2414,1342,FALSE,From model_part_matrix | Battery shared across 4 models
6880,2413,1342,FALSE,From model_part_matrix | Battery shared across 4 models
6881,1871,1343,FALSE,From model_part_matrix | Battery shared across 3 models
6882,1945,1343,FALSE,From model_part_matrix | Battery shared across 3 models
6883,2430,1343,FALSE,From model_part_matrix | Battery shared across 3 models
6884,771,1344,FALSE,From model_part_matrix | Battery shared across 3 models
6885,832,1344,FALSE,From model_part_matrix | Battery shared across 3 models
6886,1953,1344,FALSE,From model_part_matrix | Battery shared across 3 models
6887,1872,1345,FALSE,From model_part_matrix | Battery shared across 4 models
6888,1874,1345,FALSE,From model_part_matrix | Battery shared across 4 models
6889,1957,1345,FALSE,From model_part_matrix | Battery shared across 4 models
6890,2154,1345,FALSE,From model_part_matrix | Battery shared across 4 models
6891,2405,1346,FALSE,From model_part_matrix | Battery shared across 2 models
6892,2407,1346,FALSE,From model_part_matrix | Battery shared across 2 models
6893,193,1347,FALSE,From model_part_matrix | Battery shared across 2 models
6894,2409,1347,FALSE,From model_part_matrix | Battery shared across 2 models
6895,774,1348,FALSE,From model_part_matrix | Battery shared across 4 models
6896,36,1348,FALSE,From model_part_matrix | Battery shared across 4 models
6897,1889,1348,FALSE,From model_part_matrix | Battery shared across 4 models
6898,786,1348,FALSE,From model_part_matrix | Battery shared across 4 models
6899,198,1349,FALSE,From model_part_matrix | Battery shared across 5 models
6900,202,1349,FALSE,From model_part_matrix | Battery shared across 5 models
6901,794,1349,FALSE,From model_part_matrix | Battery shared across 5 models
6902,795,1349,FALSE,From model_part_matrix | Battery shared across 5 models
6903,796,1349,FALSE,From model_part_matrix | Battery shared across 5 models
6904,1891,1350,FALSE,From model_part_matrix | Battery shared across 2 models
6905,1922,1350,FALSE,From model_part_matrix | Battery shared across 2 models
6906,35,1351,FALSE,From model_part_matrix | Battery shared across 2 models
6907,1903,1351,FALSE,From model_part_matrix | Battery shared across 2 models
6908,805,1352,FALSE,From model_part_matrix | Battery shared across 5 models
6909,1916,1352,FALSE,From model_part_matrix | Battery shared across 5 models
6910,807,1352,FALSE,From model_part_matrix | Battery shared across 5 models
6911,1931,1352,FALSE,From model_part_matrix | Battery shared across 5 models
6912,2431,1352,FALSE,From model_part_matrix | Battery shared across 5 models
6913,1929,1353,FALSE,From model_part_matrix | Battery shared across 2 models
6914,2421,1353,FALSE,From model_part_matrix | Battery shared across 2 models
6915,1932,1354,FALSE,From model_part_matrix | Battery shared across 4 models
6916,2425,1354,FALSE,From model_part_matrix | Battery shared across 4 models
6917,2426,1354,FALSE,From model_part_matrix | Battery shared across 4 models
6918,821,1354,FALSE,From model_part_matrix | Battery shared across 4 models
6919,211,1355,FALSE,From model_part_matrix | Battery shared across 6 models
6920,1954,1355,FALSE,From model_part_matrix | Battery shared across 6 models
6921,212,1355,FALSE,From model_part_matrix | Battery shared across 6 models
6922,1956,1355,FALSE,From model_part_matrix | Battery shared across 6 models
6923,1955,1355,FALSE,From model_part_matrix | Battery shared across 6 models
6924,2432,1355,FALSE,From model_part_matrix | Battery shared across 6 models
6925,835,1356,FALSE,From model_part_matrix | Battery shared across 8 models
6926,2433,1356,FALSE,From model_part_matrix | Battery shared across 8 models
6927,836,1356,FALSE,From model_part_matrix | Battery shared across 8 models
6928,838,1356,FALSE,From model_part_matrix | Battery shared across 8 models
6929,2434,1356,FALSE,From model_part_matrix | Battery shared across 8 models
6930,839,1356,FALSE,From model_part_matrix | Battery shared across 8 models
6931,840,1356,FALSE,From model_part_matrix | Battery shared across 8 models
6932,841,1356,FALSE,From model_part_matrix | Battery shared across 8 models
6933,2436,1357,FALSE,From model_part_matrix | Battery shared across 2 models
6934,2437,1357,FALSE,From model_part_matrix | Battery shared across 2 models
6935,2447,1358,FALSE,From model_part_matrix | Battery shared across 2 models
6936,2448,1358,FALSE,From model_part_matrix | Battery shared across 2 models
6937,2453,1359,FALSE,From model_part_matrix | Battery shared across 3 models
6938,2476,1359,FALSE,From model_part_matrix | Battery shared across 3 models
6939,2477,1359,FALSE,From model_part_matrix | Battery shared across 3 models
6940,2454,1360,FALSE,From model_part_matrix | Battery shared across 2 models
6941,2456,1360,FALSE,From model_part_matrix | Battery shared across 2 models
6942,1966,1361,FALSE,From model_part_matrix | Battery shared across 2 models
6943,1993,1361,FALSE,From model_part_matrix | Battery shared across 2 models
6944,2457,1362,FALSE,From model_part_matrix | Battery shared across 2 models
6945,875,1362,FALSE,From model_part_matrix | Battery shared across 2 models
6946,217,1363,FALSE,From model_part_matrix | Battery shared across 2 models
6947,853,1363,FALSE,From model_part_matrix | Battery shared across 2 models
6948,2462,1364,FALSE,From model_part_matrix | Battery shared across 4 models
6949,914,1364,FALSE,From model_part_matrix | Battery shared across 4 models
6950,218,1364,FALSE,From model_part_matrix | Battery shared across 4 models
6951,220,1364,FALSE,From model_part_matrix | Battery shared across 4 models
6952,2463,1365,FALSE,From model_part_matrix | Battery shared across 3 models
6953,2464,1365,FALSE,From model_part_matrix | Battery shared across 3 models
6954,2465,1365,FALSE,From model_part_matrix | Battery shared across 3 models
6955,874,1366,FALSE,From model_part_matrix | Battery shared across 2 models
6956,876,1366,FALSE,From model_part_matrix | Battery shared across 2 models
6957,1981,1367,FALSE,From model_part_matrix | Battery shared across 3 models
6958,2032,1367,FALSE,From model_part_matrix | Battery shared across 3 models
6959,237,1367,FALSE,From model_part_matrix | Battery shared across 3 models
6960,1982,1368,FALSE,From model_part_matrix | Battery shared across 2 models
6961,1983,1368,FALSE,From model_part_matrix | Battery shared across 2 models
6962,1999,1369,FALSE,From model_part_matrix | Battery shared across 2 models
6963,2471,1369,FALSE,From model_part_matrix | Battery shared across 2 models
6964,7,1370,FALSE,From model_part_matrix | Battery shared across 2 models
6965,234,1370,FALSE,From model_part_matrix | Battery shared across 2 models
6966,20,1371,FALSE,From model_part_matrix | Battery shared across 2 models
6967,235,1371,FALSE,From model_part_matrix | Battery shared across 2 models
6968,2473,1372,FALSE,From model_part_matrix | Battery shared across 2 models
6969,2474,1372,FALSE,From model_part_matrix | Battery shared across 2 models
6970,910,1373,FALSE,From model_part_matrix | Battery shared across 3 models
6971,912,1373,FALSE,From model_part_matrix | Battery shared across 3 models
6972,911,1373,FALSE,From model_part_matrix | Battery shared across 3 models
6973,2208,1374,FALSE,From model_part_matrix | model-specific
6974,2211,1375,FALSE,From model_part_matrix | model-specific
6975,2213,1376,FALSE,From model_part_matrix | model-specific
6976,2214,1377,FALSE,From model_part_matrix | model-specific
6977,2215,1378,FALSE,From model_part_matrix | model-specific
6978,2216,1379,FALSE,From model_part_matrix | model-specific
6979,2218,1380,FALSE,From model_part_matrix | model-specific
6980,2219,1381,FALSE,From model_part_matrix | model-specific
6981,2220,1382,FALSE,From model_part_matrix | model-specific
6982,2221,1383,FALSE,From model_part_matrix | model-specific
6983,2222,1384,FALSE,From model_part_matrix | model-specific
6984,66,1385,FALSE,From model_part_matrix | model-specific
6985,1076,1386,FALSE,From model_part_matrix | model-specific
6986,1078,1387,FALSE,From model_part_matrix | model-specific
6987,266,1388,FALSE,From model_part_matrix | model-specific
6988,2223,1389,FALSE,From model_part_matrix | model-specific
6989,74,1390,FALSE,From model_part_matrix | model-specific
6990,2224,1391,FALSE,From model_part_matrix | model-specific
6991,1094,1392,FALSE,From model_part_matrix | model-specific
6992,2036,1393,FALSE,From model_part_matrix | model-specific
6993,1101,1394,FALSE,From model_part_matrix | model-specific
6994,2225,1395,FALSE,From model_part_matrix | model-specific
6995,2226,1396,FALSE,From model_part_matrix | model-specific
6996,1117,1397,FALSE,From model_part_matrix | model-specific
6997,1124,1398,FALSE,From model_part_matrix | model-specific
6998,2227,1399,FALSE,From model_part_matrix | model-specific
6999,2228,1400,FALSE,From model_part_matrix | model-specific
7000,2229,1401,FALSE,From model_part_matrix | model-specific
7001,2230,1402,FALSE,From model_part_matrix | model-specific
7002,2231,1403,FALSE,From model_part_matrix | model-specific
7003,2232,1404,FALSE,From model_part_matrix | model-specific
7004,2233,1405,FALSE,From model_part_matrix | model-specific
7005,1259,1406,FALSE,From model_part_matrix | model-specific
7006,289,1407,FALSE,From model_part_matrix | model-specific
7007,1262,1408,FALSE,From model_part_matrix | model-specific
7008,2234,1409,FALSE,From model_part_matrix | model-specific
7009,2235,1410,FALSE,From model_part_matrix | model-specific
7010,2236,1411,FALSE,From model_part_matrix | model-specific
7011,2238,1412,FALSE,From model_part_matrix | model-specific
7012,2239,1413,FALSE,From model_part_matrix | model-specific
7013,2242,1414,FALSE,From model_part_matrix | model-specific
7014,2244,1415,FALSE,From model_part_matrix | model-specific
7015,2250,1416,FALSE,From model_part_matrix | model-specific
7016,2252,1417,FALSE,From model_part_matrix | model-specific
7017,2256,1418,FALSE,From model_part_matrix | model-specific
7018,2258,1419,FALSE,From model_part_matrix | model-specific
7019,2259,1420,FALSE,From model_part_matrix | model-specific
7020,2259,1421,FALSE,From model_part_matrix | model-specific
7021,2259,1422,FALSE,From model_part_matrix | model-specific
7022,2260,1423,FALSE,From model_part_matrix | model-specific
7023,2261,1424,FALSE,From model_part_matrix | model-specific
7024,2262,1425,FALSE,From model_part_matrix | model-specific
7025,2263,1426,FALSE,From model_part_matrix | model-specific
7026,2065,1427,FALSE,From model_part_matrix | model-specific
7027,1366,1428,FALSE,From model_part_matrix | model-specific
7028,2264,1429,FALSE,From model_part_matrix | model-specific
7029,2265,1430,FALSE,From model_part_matrix | model-specific
7030,97,1431,FALSE,From model_part_matrix | model-specific
7031,2266,1432,FALSE,From model_part_matrix | model-specific
7032,2267,1433,FALSE,From model_part_matrix | model-specific
7033,2268,1434,FALSE,From model_part_matrix | model-specific
7034,1370,1435,FALSE,From model_part_matrix | model-specific
7035,101,1436,FALSE,From model_part_matrix | model-specific
7036,1372,1437,FALSE,From model_part_matrix | model-specific
7037,2269,1438,FALSE,From model_part_matrix | model-specific
7038,2270,1439,FALSE,From model_part_matrix | model-specific
7039,2271,1440,FALSE,From model_part_matrix | model-specific
7040,1379,1441,FALSE,From model_part_matrix | model-specific
7041,2272,1442,FALSE,From model_part_matrix | model-specific
7042,1382,1443,FALSE,From model_part_matrix | model-specific
7043,1385,1444,FALSE,From model_part_matrix | model-specific
7044,2276,1445,FALSE,From model_part_matrix | model-specific
7045,1388,1446,FALSE,From model_part_matrix | model-specific
7046,2277,1447,FALSE,From model_part_matrix | model-specific
7047,1390,1448,FALSE,From model_part_matrix | model-specific
7048,2279,1449,FALSE,From model_part_matrix | model-specific
7049,2280,1450,FALSE,From model_part_matrix | model-specific
7050,2280,1451,FALSE,From model_part_matrix | model-specific
7051,2280,1452,FALSE,From model_part_matrix | model-specific
7052,2280,1453,FALSE,From model_part_matrix | model-specific
7053,2281,1454,FALSE,From model_part_matrix | model-specific
7054,2282,1455,FALSE,From model_part_matrix | model-specific
7055,2283,1456,FALSE,From model_part_matrix | model-specific
7056,2284,1457,FALSE,From model_part_matrix | model-specific
7057,2285,1458,FALSE,From model_part_matrix | model-specific
7058,103,1459,FALSE,From model_part_matrix | model-specific
7059,2286,1460,FALSE,From model_part_matrix | model-specific
7060,2287,1461,FALSE,From model_part_matrix | model-specific
7061,2290,1462,FALSE,From model_part_matrix | model-specific
7062,2291,1463,FALSE,From model_part_matrix | model-specific
7063,2292,1464,FALSE,From model_part_matrix | model-specific
7064,2293,1465,FALSE,From model_part_matrix | model-specific
7065,2294,1466,FALSE,From model_part_matrix | model-specific
7066,2295,1467,FALSE,From model_part_matrix | model-specific
7067,2297,1468,FALSE,From model_part_matrix | model-specific
7068,2299,1469,FALSE,From model_part_matrix | model-specific
7069,2300,1470,FALSE,From model_part_matrix | model-specific
7070,2301,1471,FALSE,From model_part_matrix | model-specific
7071,2303,1472,FALSE,From model_part_matrix | model-specific
7072,2304,1473,FALSE,From model_part_matrix | model-specific
7073,2305,1474,FALSE,From model_part_matrix | model-specific
7074,2307,1475,FALSE,From model_part_matrix | model-specific
7075,2308,1476,FALSE,From model_part_matrix | model-specific
7076,2309,1477,FALSE,From model_part_matrix | model-specific
7077,2310,1478,FALSE,From model_part_matrix | model-specific
7078,2312,1479,FALSE,From model_part_matrix | model-specific
7079,2313,1480,FALSE,From model_part_matrix | model-specific
7080,2314,1481,FALSE,From model_part_matrix | model-specific
7081,2315,1482,FALSE,From model_part_matrix | model-specific
7082,2316,1483,FALSE,From model_part_matrix | model-specific
7083,1398,1484,FALSE,From model_part_matrix | model-specific
7084,2318,1485,FALSE,From model_part_matrix | model-specific
7085,962,1486,FALSE,From model_part_matrix | model-specific
7086,34,1487,FALSE,From model_part_matrix | model-specific
7087,2323,1488,FALSE,From model_part_matrix | model-specific
7088,343,1489,FALSE,From model_part_matrix | model-specific
7089,2326,1490,FALSE,From model_part_matrix | model-specific
7090,115,1491,FALSE,From model_part_matrix | model-specific
7091,9,1492,FALSE,From model_part_matrix | model-specific
7092,369,1493,FALSE,From model_part_matrix | model-specific
7093,2330,1494,FALSE,From model_part_matrix | model-specific
7094,379,1495,FALSE,From model_part_matrix | model-specific
7095,382,1496,FALSE,From model_part_matrix | model-specific
7096,398,1497,FALSE,From model_part_matrix | model-specific
7097,2337,1498,FALSE,From model_part_matrix | model-specific
7098,401,1499,FALSE,From model_part_matrix | model-specific
7099,123,1500,FALSE,From model_part_matrix | model-specific
7100,124,1501,FALSE,From model_part_matrix | model-specific
7101,2090,1502,FALSE,From model_part_matrix | model-specific
7102,2339,1503,FALSE,From model_part_matrix | model-specific
7103,2342,1504,FALSE,From model_part_matrix | model-specific
7104,2343,1505,FALSE,From model_part_matrix | model-specific
7105,2344,1506,FALSE,From model_part_matrix | model-specific
7106,2345,1507,FALSE,From model_part_matrix | model-specific
7107,1458,1508,FALSE,From model_part_matrix | model-specific
7108,2351,1509,FALSE,From model_part_matrix | model-specific
7109,2352,1510,FALSE,From model_part_matrix | model-specific
7110,970,1511,FALSE,From model_part_matrix | model-specific
7111,2353,1512,FALSE,From model_part_matrix | model-specific
7112,438,1513,FALSE,From model_part_matrix | model-specific
7113,444,1514,FALSE,From model_part_matrix | model-specific
7114,981,1515,FALSE,From model_part_matrix | model-specific
7115,2355,1516,FALSE,From model_part_matrix | model-specific
7116,451,1517,FALSE,From model_part_matrix | model-specific
7117,2356,1518,FALSE,From model_part_matrix | model-specific
7118,2357,1519,FALSE,From model_part_matrix | model-specific
7119,454,1520,FALSE,From model_part_matrix | model-specific
7120,2358,1521,FALSE,From model_part_matrix | model-specific
7121,1470,1522,FALSE,From model_part_matrix | model-specific
7122,2359,1523,FALSE,From model_part_matrix | model-specific
7123,2360,1524,FALSE,From model_part_matrix | model-specific
7124,2361,1525,FALSE,From model_part_matrix | model-specific
7125,467,1526,FALSE,From model_part_matrix | model-specific
7126,2363,1527,FALSE,From model_part_matrix | model-specific
7127,1475,1528,FALSE,From model_part_matrix | model-specific
7128,471,1529,FALSE,From model_part_matrix | model-specific
7129,2364,1530,FALSE,From model_part_matrix | model-specific
7130,137,1531,FALSE,From model_part_matrix | model-specific
7131,2365,1532,FALSE,From model_part_matrix | model-specific
7132,1480,1533,FALSE,From model_part_matrix | model-specific
7133,138,1534,FALSE,From model_part_matrix | model-specific
7134,483,1535,FALSE,From model_part_matrix | model-specific
7135,492,1536,FALSE,From model_part_matrix | model-specific
7136,493,1537,FALSE,From model_part_matrix | model-specific
7137,1488,1538,FALSE,From model_part_matrix | model-specific
7138,494,1539,FALSE,From model_part_matrix | model-specific
7139,495,1540,FALSE,From model_part_matrix | model-specific
7140,2168,1541,FALSE,From model_part_matrix | model-specific
7141,990,1542,FALSE,From model_part_matrix | model-specific
7142,993,1543,FALSE,From model_part_matrix | model-specific
7143,512,1544,FALSE,From model_part_matrix | model-specific
7144,515,1545,FALSE,From model_part_matrix | model-specific
7145,1500,1546,FALSE,From model_part_matrix | model-specific
7146,526,1547,FALSE,From model_part_matrix | model-specific
7147,528,1548,FALSE,From model_part_matrix | model-specific
7148,529,1549,FALSE,From model_part_matrix | model-specific
7149,530,1550,FALSE,From model_part_matrix | model-specific
7150,532,1551,FALSE,From model_part_matrix | model-specific
7151,566,1552,FALSE,From model_part_matrix | model-specific
7152,1510,1553,FALSE,From model_part_matrix | model-specific
7153,1513,1554,FALSE,From model_part_matrix | model-specific
7154,1008,1555,FALSE,From model_part_matrix | model-specific
7155,578,1556,FALSE,From model_part_matrix | model-specific
7156,610,1557,FALSE,From model_part_matrix | model-specific
7157,621,1558,FALSE,From model_part_matrix | model-specific
7158,628,1559,FALSE,From model_part_matrix | model-specific
7159,149,1560,FALSE,From model_part_matrix | model-specific
7160,150,1561,FALSE,From model_part_matrix | model-specific
7161,152,1562,FALSE,From model_part_matrix | model-specific
7162,153,1563,FALSE,From model_part_matrix | model-specific
7163,157,1564,FALSE,From model_part_matrix | model-specific
7164,638,1565,FALSE,From model_part_matrix | model-specific
7165,2373,1566,FALSE,From model_part_matrix | model-specific
7166,639,1567,FALSE,From model_part_matrix | model-specific
7167,1563,1568,FALSE,From model_part_matrix | model-specific
7168,641,1569,FALSE,From model_part_matrix | model-specific
7169,164,1570,FALSE,From model_part_matrix | model-specific
7170,165,1571,FALSE,From model_part_matrix | model-specific
7171,2376,1572,FALSE,From model_part_matrix | model-specific
7172,2377,1573,FALSE,From model_part_matrix | model-specific
7173,3,1574,FALSE,From model_part_matrix | model-specific
7174,11,1575,FALSE,From model_part_matrix | model-specific
7175,12,1576,FALSE,From model_part_matrix | model-specific
7176,1575,1577,FALSE,From model_part_matrix | model-specific
7177,1576,1578,FALSE,From model_part_matrix | model-specific
7178,1579,1579,FALSE,From model_part_matrix | model-specific
7179,2379,1580,FALSE,From model_part_matrix | model-specific
7180,1591,1581,FALSE,From model_part_matrix | model-specific
7181,2380,1582,FALSE,From model_part_matrix | model-specific
7182,678,1583,FALSE,From model_part_matrix | model-specific
7183,2381,1584,FALSE,From model_part_matrix | model-specific
7184,690,1585,FALSE,From model_part_matrix | model-specific
7185,693,1586,FALSE,From model_part_matrix | model-specific
7186,696,1587,FALSE,From model_part_matrix | model-specific
7187,700,1588,FALSE,From model_part_matrix | model-specific
7188,707,1589,FALSE,From model_part_matrix | model-specific
7189,2182,1590,FALSE,From model_part_matrix | model-specific
7190,1620,1591,FALSE,From model_part_matrix | model-specific
7191,2383,1592,FALSE,From model_part_matrix | model-specific
7192,2384,1593,FALSE,From model_part_matrix | model-specific
7193,2385,1594,FALSE,From model_part_matrix | model-specific
7194,2386,1595,FALSE,From model_part_matrix | model-specific
7195,2123,1596,FALSE,From model_part_matrix | model-specific
7196,717,1597,FALSE,From model_part_matrix | model-specific
7197,2387,1598,FALSE,From model_part_matrix | model-specific
7198,167,1599,FALSE,From model_part_matrix | model-specific
7199,1658,1600,FALSE,From model_part_matrix | model-specific
7200,2392,1601,FALSE,From model_part_matrix | model-specific
7201,2393,1602,FALSE,From model_part_matrix | model-specific
7202,2394,1603,FALSE,From model_part_matrix | model-specific
7203,2395,1604,FALSE,From model_part_matrix | model-specific
7204,728,1605,FALSE,From model_part_matrix | model-specific
7205,1814,1606,FALSE,From model_part_matrix | model-specific
7206,738,1607,FALSE,From model_part_matrix | model-specific
7207,178,1608,FALSE,From model_part_matrix | model-specific
7208,2396,1609,FALSE,From model_part_matrix | model-specific
7209,182,1610,FALSE,From model_part_matrix | model-specific
7210,1831,1611,FALSE,From model_part_matrix | model-specific
7211,751,1612,FALSE,From model_part_matrix | model-specific
7212,1834,1613,FALSE,From model_part_matrix | model-specific
7213,1025,1614,FALSE,From model_part_matrix | model-specific
7214,1841,1615,FALSE,From model_part_matrix | model-specific
7215,1842,1616,FALSE,From model_part_matrix | model-specific
7216,38,1617,FALSE,From model_part_matrix | model-specific
7217,184,1618,FALSE,From model_part_matrix | model-specific
7218,2398,1619,FALSE,From model_part_matrix | model-specific
7219,1856,1620,FALSE,From model_part_matrix | model-specific
7220,2186,1621,FALSE,From model_part_matrix | model-specific
7221,767,1622,FALSE,From model_part_matrix | model-specific
7222,1861,1623,FALSE,From model_part_matrix | model-specific
7223,2401,1624,FALSE,From model_part_matrix | model-specific
7224,1862,1625,FALSE,From model_part_matrix | model-specific
7225,1044,1626,FALSE,From model_part_matrix | model-specific
7226,188,1627,FALSE,From model_part_matrix | model-specific
7227,2402,1628,FALSE,From model_part_matrix | model-specific
7228,2403,1629,FALSE,From model_part_matrix | model-specific
7229,1047,1630,FALSE,From model_part_matrix | model-specific
7230,2406,1631,FALSE,From model_part_matrix | model-specific
7231,773,1632,FALSE,From model_part_matrix | model-specific
7232,2408,1633,FALSE,From model_part_matrix | model-specific
7233,1877,1634,FALSE,From model_part_matrix | model-specific
7234,2410,1635,FALSE,From model_part_matrix | model-specific
7235,1878,1636,FALSE,From model_part_matrix | model-specific
7236,2411,1637,FALSE,From model_part_matrix | model-specific
7237,1879,1638,FALSE,From model_part_matrix | model-specific
7238,2415,1639,FALSE,From model_part_matrix | model-specific
7239,2416,1640,FALSE,From model_part_matrix | model-specific
7240,2417,1641,FALSE,From model_part_matrix | model-specific
7241,201,1642,FALSE,From model_part_matrix | model-specific
7242,792,1643,FALSE,From model_part_matrix | model-specific
7243,1894,1644,FALSE,From model_part_matrix | model-specific
7244,798,1645,FALSE,From model_part_matrix | model-specific
7245,207,1646,FALSE,From model_part_matrix | model-specific
7246,810,1647,FALSE,From model_part_matrix | model-specific
7247,2419,1648,FALSE,From model_part_matrix | model-specific
7248,1924,1649,FALSE,From model_part_matrix | model-specific
7249,814,1650,FALSE,From model_part_matrix | model-specific
7250,2422,1651,FALSE,From model_part_matrix | model-specific
7251,2423,1652,FALSE,From model_part_matrix | model-specific
7252,2424,1653,FALSE,From model_part_matrix | model-specific
7253,209,1654,FALSE,From model_part_matrix | model-specific
7254,1934,1655,FALSE,From model_part_matrix | model-specific
7255,827,1656,FALSE,From model_part_matrix | model-specific
7256,830,1657,FALSE,From model_part_matrix | model-specific
7257,1947,1658,FALSE,From model_part_matrix | model-specific
7258,842,1659,FALSE,From model_part_matrix | model-specific
7259,844,1660,FALSE,From model_part_matrix | model-specific
7260,2438,1661,FALSE,From model_part_matrix | model-specific
7261,2439,1662,FALSE,From model_part_matrix | model-specific
7262,2440,1663,FALSE,From model_part_matrix | model-specific
7263,2441,1664,FALSE,From model_part_matrix | model-specific
7264,2442,1665,FALSE,From model_part_matrix | model-specific
7265,2443,1666,FALSE,From model_part_matrix | model-specific
7266,2443,1667,FALSE,From model_part_matrix | model-specific
7267,2443,1668,FALSE,From model_part_matrix | model-specific
7268,2444,1669,FALSE,From model_part_matrix | model-specific
7269,2445,1670,FALSE,From model_part_matrix | model-specific
7270,2446,1671,FALSE,From model_part_matrix | model-specific
7271,2449,1672,FALSE,From model_part_matrix | model-specific
7272,2450,1673,FALSE,From model_part_matrix | model-specific
7273,2451,1674,FALSE,From model_part_matrix | model-specific
7274,2452,1675,FALSE,From model_part_matrix | model-specific
7275,2455,1676,FALSE,From model_part_matrix | model-specific
7276,2458,1677,FALSE,From model_part_matrix | model-specific
7277,2459,1678,FALSE,From model_part_matrix | model-specific
7278,2460,1679,FALSE,From model_part_matrix | model-specific
7279,2461,1680,FALSE,From model_part_matrix | model-specific
7280,1967,1681,FALSE,From model_part_matrix | model-specific
7281,1969,1682,FALSE,From model_part_matrix | model-specific
7282,222,1683,FALSE,From model_part_matrix | model-specific
7283,223,1684,FALSE,From model_part_matrix | model-specific
7284,866,1685,FALSE,From model_part_matrix | model-specific
7285,2466,1686,FALSE,From model_part_matrix | model-specific
7286,2467,1687,FALSE,From model_part_matrix | model-specific
7287,2468,1688,FALSE,From model_part_matrix | model-specific
7288,873,1689,FALSE,From model_part_matrix | model-specific
7289,877,1690,FALSE,From model_part_matrix | model-specific
7290,877,1691,FALSE,From model_part_matrix | model-specific
7291,877,1692,FALSE,From model_part_matrix | model-specific
7292,878,1693,FALSE,From model_part_matrix | model-specific
7293,2469,1694,FALSE,From model_part_matrix | model-specific
7294,895,1695,FALSE,From model_part_matrix | model-specific
7295,2470,1696,FALSE,From model_part_matrix | model-specific
7296,1995,1697,FALSE,From model_part_matrix | model-specific
7297,900,1698,FALSE,From model_part_matrix | model-specific
7298,2006,1699,FALSE,From model_part_matrix | model-specific
7299,21,1700,FALSE,From model_part_matrix | model-specific
7300,2013,1701,FALSE,From model_part_matrix | model-specific
7301,2019,1702,FALSE,From model_part_matrix | model-specific
7302,2020,1703,FALSE,From model_part_matrix | model-specific
7303,2472,1704,FALSE,From model_part_matrix | model-specific
7304,2475,1705,FALSE,From model_part_matrix | model-specific
7305,909,1706,FALSE,From model_part_matrix | model-specific
7306,913,1707,FALSE,From model_part_matrix | model-specific
7307,916,1708,FALSE,From model_part_matrix | model-specific
7308,918,1709,FALSE,From model_part_matrix | model-specific
